observation_date,SP500,NASDAQCOM
1971-02-05,2168.48,100.0
1971-02-08,2168.48,100.84
1971-02-09,2168.48,100.76
1971-02-10,2168.48,100.69
1971-02-11,2168.48,101.45
1971-02-12,2168.48,102.05
1971-02-15,2168.48,102.05
1971-02-16,2168.48,102.19
1971-02-17,2168.48,101.74
1971-02-18,2168.48,101.42
1971-02-19,2168.48,100.7
1971-02-22,2168.48,99.68
1971-02-23,2168.48,99.72
1971-02-24,2168.48,100.64
1971-02-25,2168.48,101.23
1971-02-26,2168.48,101.34
1971-03-01,2168.48,101.78
1971-03-02,2168.48,101.84
1971-03-03,2168.48,102.07
1971-03-04,2168.48,102.78
1971-03-05,2168.48,103.51
1971-03-08,2168.48,104.23
1971-03-09,2168.48,104.41
1971-03-10,2168.48,104.14
1971-03-11,2168.48,104.26
1971-03-12,2168.48,104.5
1971-03-15,2168.48,105.13
1971-03-16,2168.48,105.56
1971-03-17,2168.48,105.5
1971-03-18,2168.48,105.88
1971-03-19,2168.48,105.77
1971-03-22,2168.48,105.37
1971-03-23,2168.48,105.11
1971-03-24,2168.48,104.7
1971-03-25,2168.48,104.6
1971-03-26,2168.48,105.07
1971-03-29,2168.48,105.2
1971-03-30,2168.48,105.44
1971-03-31,2168.48,105.97
1971-04-01,2168.48,106.34
1971-04-02,2168.48,106.86
1971-04-05,2168.48,107.17
1971-04-06,2168.48,107.56
1971-04-07,2168.48,108.06
1971-04-08,2168.48,108.38
1971-04-09,2168.48,108.38
1971-04-12,2168.48,108.87
1971-04-13,2168.48,108.85
1971-04-14,2168.48,109.08
1971-04-15,2168.48,109.69
1971-04-16,2168.48,109.96
1971-04-19,2168.48,110.16
1971-04-20,2168.48,109.53
1971-04-21,2168.48,109.52
1971-04-22,2168.48,109.99
1971-04-23,2168.48,110.69
1971-04-26,2168.48,111.13
1971-04-27,2168.48,111.69
1971-04-28,2168.48,112.37
1971-04-29,2168.48,112.46
1971-04-30,2168.48,112.3
1971-05-03,2168.48,111.35
1971-05-04,2168.48,111.77
1971-05-05,2168.48,111.68
1971-05-06,2168.48,111.06
1971-05-07,2168.48,110.66
1971-05-10,2168.48,110.15
1971-05-11,2168.48,110.33
1971-05-12,2168.48,110.37
1971-05-13,2168.48,110.55
1971-05-14,2168.48,110.74
1971-05-17,2168.48,109.15
1971-05-18,2168.48,108.4
1971-05-19,2168.48,108.33
1971-05-20,2168.48,108.72
1971-05-21,2168.48,108.85
1971-05-24,2168.48,108.42
1971-05-25,2168.48,107.5
1971-05-26,2168.48,107.53
1971-05-27,2168.48,107.6
1971-05-28,2168.48,108.25
1971-05-31,2168.48,108.25
1971-06-01,2168.48,108.87
1971-06-02,2168.48,109.56
1971-06-03,2168.48,110.22
1971-06-04,2168.48,110.66
1971-06-07,2168.48,110.76
1971-06-08,2168.48,110.02
1971-06-09,2168.48,109.79
1971-06-10,2168.48,110.06
1971-06-11,2168.48,110.2
1971-06-14,2168.48,109.57
1971-06-15,2168.48,109.36
1971-06-16,2168.48,109.44
1971-06-17,2168.48,109.44
1971-06-18,2168.48,108.16
1971-06-21,2168.48,106.5
1971-06-22,2168.48,105.49
1971-06-23,2168.48,105.99
1971-06-24,2168.48,106.37
1971-06-25,2168.48,106.56
1971-06-28,2168.48,106.45
1971-06-29,2168.48,107.22
1971-06-30,2168.48,107.8
1971-07-01,2168.48,108.47
1971-07-02,2168.48,108.77
1971-07-05,2168.48,108.77
1971-07-06,2168.48,109.23
1971-07-07,2168.48,110.01
1971-07-08,2168.48,110.42
1971-07-09,2168.48,110.91
1971-07-12,2168.48,111.24
1971-07-13,2168.48,110.76
1971-07-14,2168.48,110.34
1971-07-15,2168.48,110.72
1971-07-16,2168.48,109.98
1971-07-19,2168.48,109.37
1971-07-20,2168.48,109.79
1971-07-21,2168.48,109.74
1971-07-22,2168.48,109.54
1971-07-23,2168.48,109.63
1971-07-26,2168.48,109.35
1971-07-27,2168.48,108.57
1971-07-28,2168.48,107.45
1971-07-29,2168.48,105.81
1971-07-30,2168.48,105.27
1971-08-02,2168.48,105.59
1971-08-03,2168.48,104.41
1971-08-04,2168.48,103.26
1971-08-05,2168.48,103.11
1971-08-06,2168.48,103.78
1971-08-09,2168.48,103.18
1971-08-10,2168.48,103.04
1971-08-11,2168.48,104.08
1971-08-12,2168.48,105.21
1971-08-13,2168.48,105.44
1971-08-16,2168.48,107.86
1971-08-17,2168.48,108.93
1971-08-18,2168.48,108.39
1971-08-19,2168.48,108.01
1971-08-20,2168.48,107.89
1971-08-23,2168.48,108.26
1971-08-24,2168.48,108.6
1971-08-25,2168.48,108.85
1971-08-26,2168.48,108.97
1971-08-27,2168.48,109.3
1971-08-30,2168.48,108.71
1971-08-31,2168.48,108.42
1971-09-01,2168.48,108.65
1971-09-02,2168.48,108.96
1971-09-03,2168.48,109.98
1971-09-06,2168.48,109.98
1971-09-07,2168.48,110.53
1971-09-08,2168.48,110.58
1971-09-09,2168.48,110.55
1971-09-10,2168.48,110.42
1971-09-13,2168.48,110.22
1971-09-14,2168.48,109.77
1971-09-15,2168.48,109.79
1971-09-16,2168.48,109.78
1971-09-17,2168.48,110.1
1971-09-20,2168.48,109.99
1971-09-21,2168.48,109.82
1971-09-22,2168.48,108.99
1971-09-23,2168.48,108.8
1971-09-24,2168.48,108.88
1971-09-27,2168.48,108.18
1971-09-28,2168.48,108.38
1971-09-29,2168.48,108.6
1971-09-30,2168.48,109.03
1971-10-01,2168.48,109.58
1971-10-04,2168.48,109.96
1971-10-05,2168.48,109.99
1971-10-06,2168.48,110.68
1971-10-07,2168.48,110.98
1971-10-08,2168.48,110.74
1971-10-11,2168.48,110.71
1971-10-12,2168.48,110.91
1971-10-13,2168.48,110.69
1971-10-14,2168.48,109.87
1971-10-15,2168.48,109.6
1971-10-18,2168.48,109.06
1971-10-19,2168.48,107.99
1971-10-20,2168.48,106.58
1971-10-21,2168.48,106.61
1971-10-22,2168.48,106.8
1971-10-25,2168.48,106.29
1971-10-26,2168.48,105.69
1971-10-27,2168.48,104.28
1971-10-28,2168.48,104.5
1971-10-29,2168.48,105.1
1971-11-01,2168.48,103.69
1971-11-02,2168.48,103.54
1971-11-03,2168.48,105.01
1971-11-04,2168.48,105.56
1971-11-05,2168.48,105.46
1971-11-08,2168.48,105.43
1971-11-09,2168.48,105.72
1971-11-10,2168.48,104.86
1971-11-11,2168.48,103.74
1971-11-12,2168.48,103.91
1971-11-15,2168.48,103.44
1971-11-16,2168.48,103.71
1971-11-17,2168.48,103.64
1971-11-18,2168.48,103.44
1971-11-19,2168.48,102.95
1971-11-22,2168.48,101.79
1971-11-23,2168.48,100.31
1971-11-24,2168.48,100.4
1971-11-25,2168.48,100.4
1971-11-26,2168.48,101.64
1971-11-29,2168.48,103.08
1971-11-30,2168.48,103.97
1971-12-01,2168.48,105.06
1971-12-02,2168.48,106.15
1971-12-03,2168.48,107.26
1971-12-06,2168.48,106.92
1971-12-07,2168.48,107.26
1971-12-08,2168.48,107.71
1971-12-09,2168.48,107.97
1971-12-10,2168.48,108.81
1971-12-13,2168.48,109.16
1971-12-14,2168.48,109.07
1971-12-15,2168.48,109.45
1971-12-16,2168.48,110.01
1971-12-17,2168.48,110.52
1971-12-20,2168.48,111.5
1971-12-21,2168.48,111.73
1971-12-22,2168.48,111.97
1971-12-23,2168.48,111.94
1971-12-24,2168.48,111.94
1971-12-27,2168.48,111.7
1971-12-28,2168.48,111.93
1971-12-29,2168.48,112.57
1971-12-30,2168.48,112.97
1971-12-31,2168.48,114.12
1972-01-03,2168.48,113.65
1972-01-04,2168.48,113.93
1972-01-05,2168.48,114.83
1972-01-06,2168.48,115.72
1972-01-07,2168.48,116.05
1972-01-10,2168.48,116.1
1972-01-11,2168.48,116.64
1972-01-12,2168.48,116.9
1972-01-13,2168.48,116.42
1972-01-14,2168.48,116.74
1972-01-17,2168.48,116.93
1972-01-18,2168.48,117.66
1972-01-19,2168.48,117.45
1972-01-20,2168.48,117.32
1972-01-21,2168.48,117.21
1972-01-24,2168.48,116.49
1972-01-25,2168.48,116.3
1972-01-26,2168.48,116.39
1972-01-27,2168.48,117.37
1972-01-28,2168.48,118.44
1972-01-31,2168.48,118.87
1972-02-01,2168.48,119.58
1972-02-02,2168.48,120.47
1972-02-03,2168.48,120.66
1972-02-04,2168.48,121.24
1972-02-07,2168.48,121.14
1972-02-08,2168.48,121.35
1972-02-09,2168.48,122.16
1972-02-10,2168.48,122.71
1972-02-11,2168.48,122.86
1972-02-14,2168.48,122.26
1972-02-15,2168.48,122.61
1972-02-16,2168.48,123.35
1972-02-17,2168.48,123.44
1972-02-18,2168.48,123.4
1972-02-21,2168.48,123.4
1972-02-22,2168.48,123.3
1972-02-23,2168.48,123.61
1972-02-24,2168.48,124.0
1972-02-25,2168.48,124.83
1972-02-28,2168.48,124.94
1972-02-29,2168.48,125.38
1972-03-01,2168.48,126.29
1972-03-02,2168.48,126.58
1972-03-03,2168.48,127.19
1972-03-06,2168.48,127.88
1972-03-07,2168.48,127.83
1972-03-08,2168.48,128.4
1972-03-09,2168.48,128.85
1972-03-10,2168.48,128.55
1972-03-13,2168.48,127.34
1972-03-14,2168.48,127.73
1972-03-15,2168.48,128.14
1972-03-16,2168.48,127.77
1972-03-17,2168.48,128.01
1972-03-20,2168.48,127.53
1972-03-21,2168.48,125.73
1972-03-22,2168.48,126.36
1972-03-23,2168.48,127.38
1972-03-24,2168.48,127.55
1972-03-27,2168.48,127.56
1972-03-28,2168.48,127.72
1972-03-29,2168.48,127.53
1972-03-30,2168.48,128.14
1972-03-31,2168.48,128.14
1972-04-03,2168.48,128.06
1972-04-04,2168.48,128.78
1972-04-05,2168.48,130.0
1972-04-06,2168.48,130.92
1972-04-07,2168.48,131.8
1972-04-10,2168.48,131.76
1972-04-11,2168.48,132.47
1972-04-12,2168.48,133.17
1972-04-13,2168.48,133.06
1972-04-14,2168.48,133.88
1972-04-17,2168.48,133.74
1972-04-18,2168.48,134.1
1972-04-19,2168.48,132.68
1972-04-20,2168.48,132.86
1972-04-21,2168.48,133.01
1972-04-24,2168.48,131.9
1972-04-25,2168.48,130.84
1972-04-26,2168.48,130.92
1972-04-27,2168.48,131.01
1972-04-28,2168.48,131.33
1972-05-01,2168.48,130.16
1972-05-02,2168.48,129.34
1972-05-03,2168.48,128.77
1972-05-04,2168.48,128.92
1972-05-05,2168.48,129.43
1972-05-08,2168.48,128.62
1972-05-09,2168.48,125.78
1972-05-10,2168.48,126.77
1972-05-11,2168.48,127.95
1972-05-12,2168.48,129.44
1972-05-15,2168.48,130.34
1972-05-16,2168.48,130.36
1972-05-17,2168.48,129.76
1972-05-18,2168.48,130.82
1972-05-19,2168.48,132.16
1972-05-22,2168.48,132.38
1972-05-23,2168.48,132.72
1972-05-24,2168.48,133.47
1972-05-25,2168.48,133.8
1972-05-26,2168.48,133.95
1972-05-29,2168.48,133.95
1972-05-30,2168.48,133.45
1972-05-31,2168.48,132.53
1972-06-01,2168.48,133.13
1972-06-02,2168.48,133.52
1972-06-05,2168.48,132.74
1972-06-06,2168.48,132.0
1972-06-07,2168.48,131.0
1972-06-08,2168.48,131.07
1972-06-09,2168.48,130.57
1972-06-12,2168.48,130.38
1972-06-13,2168.48,130.78
1972-06-14,2168.48,131.45
1972-06-15,2168.48,131.29
1972-06-16,2168.48,131.28
1972-06-19,2168.48,130.76
1972-06-20,2168.48,131.07
1972-06-21,2168.48,131.38
1972-06-22,2168.48,130.79
1972-06-23,2168.48,130.22
1972-06-26,2168.48,129.31
1972-06-27,2168.48,129.79
1972-06-28,2168.48,129.58
1972-06-29,2168.48,129.35
1972-06-30,2168.48,130.08
1972-07-03,2168.48,130.59
1972-07-04,2168.48,130.59
1972-07-05,2168.48,131.28
1972-07-06,2168.48,131.86
1972-07-07,2168.48,131.5
1972-07-10,2168.48,130.85
1972-07-11,2168.48,130.47
1972-07-12,2168.48,130.11
1972-07-13,2168.48,129.03
1972-07-14,2168.48,129.38
1972-07-17,2168.48,128.4
1972-07-18,2168.48,127.54
1972-07-19,2168.48,127.77
1972-07-20,2168.48,127.09
1972-07-21,2168.48,127.63
1972-07-24,2168.48,128.77
1972-07-25,2168.48,128.47
1972-07-26,2168.48,128.65
1972-07-27,2168.48,128.36
1972-07-28,2168.48,128.15
1972-07-31,2168.48,127.75
1972-08-01,2168.48,128.45
1972-08-02,2168.48,129.39
1972-08-03,2168.48,130.31
1972-08-04,2168.48,130.94
1972-08-07,2168.48,130.97
1972-08-08,2168.48,130.61
1972-08-09,2168.48,130.75
1972-08-10,2168.48,130.84
1972-08-11,2168.48,131.68
1972-08-14,2168.48,131.7
1972-08-15,2168.48,131.48
1972-08-16,2168.48,131.46
1972-08-17,2168.48,130.89
1972-08-18,2168.48,131.43
1972-08-21,2168.48,131.29
1972-08-22,2168.48,131.29
1972-08-23,2168.48,131.1
1972-08-24,2168.48,130.4
1972-08-25,2168.48,130.31
1972-08-28,2168.48,129.77
1972-08-29,2168.48,129.44
1972-08-30,2168.48,129.78
1972-08-31,2168.48,129.95
1972-09-01,2168.48,130.7
1972-09-04,2168.48,130.7
1972-09-05,2168.48,130.33
1972-09-06,2168.48,129.63
1972-09-07,2168.48,129.21
1972-09-08,2168.48,129.13
1972-09-11,2168.48,128.26
1972-09-12,2168.48,127.18
1972-09-13,2168.48,127.51
1972-09-14,2168.48,127.58
1972-09-15,2168.48,127.67
1972-09-18,2168.48,127.61
1972-09-19,2168.48,127.42
1972-09-20,2168.48,127.51
1972-09-21,2168.48,127.3
1972-09-22,2168.48,127.46
1972-09-25,2168.48,126.82
1972-09-26,2168.48,127.07
1972-09-27,2168.48,128.55
1972-09-28,2168.48,129.13
1972-09-29,2168.48,129.61
1972-10-02,2168.48,129.3
1972-10-03,2168.48,129.48
1972-10-04,2168.48,129.29
1972-10-05,2168.48,128.01
1972-10-06,2168.48,128.13
1972-10-09,2168.48,128.51
1972-10-10,2168.48,129.02
1972-10-11,2168.48,128.57
1972-10-12,2168.48,127.87
1972-10-13,2168.48,127.19
1972-10-16,2168.48,125.87
1972-10-17,2168.48,126.43
1972-10-18,2168.48,127.05
1972-10-19,2168.48,126.91
1972-10-20,2168.48,128.0
1972-10-23,2168.48,128.66
1972-10-24,2168.48,128.91
1972-10-25,2168.48,128.89
1972-10-26,2168.48,129.37
1972-10-27,2168.48,129.53
1972-10-30,2168.48,129.46
1972-10-31,2168.48,130.24
1972-11-01,2168.48,131.59
1972-11-02,2168.48,132.12
1972-11-03,2168.48,133.34
1972-11-06,2168.48,133.58
1972-11-07,2168.48,133.58
1972-11-08,2168.48,133.06
1972-11-09,2168.48,132.82
1972-11-10,2168.48,133.12
1972-11-13,2168.48,132.77
1972-11-14,2168.48,132.9
1972-11-15,2168.48,132.45
1972-11-16,2168.48,132.62
1972-11-17,2168.48,132.33
1972-11-20,2168.48,132.12
1972-11-21,2168.48,132.19
1972-11-22,2168.48,132.49
1972-11-23,2168.48,132.49
1972-11-24,2168.48,133.02
1972-11-27,2168.48,132.57
1972-11-28,2168.48,132.71
1972-11-29,2168.48,132.73
1972-11-30,2168.48,132.96
1972-12-01,2168.48,133.94
1972-12-04,2168.48,134.14
1972-12-05,2168.48,134.28
1972-12-06,2168.48,134.68
1972-12-07,2168.48,135.06
1972-12-08,2168.48,135.15
1972-12-11,2168.48,134.83
1972-12-12,2168.48,134.27
1972-12-13,2168.48,133.66
1972-12-14,2168.48,133.33
1972-12-15,2168.48,133.53
1972-12-18,2168.48,132.54
1972-12-19,2168.48,132.39
1972-12-20,2168.48,131.93
1972-12-21,2168.48,131.08
1972-12-22,2168.48,131.28
1972-12-25,2168.48,131.28
1972-12-26,2168.48,131.18
1972-12-27,2168.48,131.93
1972-12-28,2168.48,131.93
1972-12-29,2168.48,133.73
1973-01-01,2168.48,133.73
1973-01-02,2168.48,134.63
1973-01-03,2168.48,135.38
1973-01-04,2168.48,135.44
1973-01-05,2168.48,135.91
1973-01-08,2168.48,136.02
1973-01-09,2168.48,135.99
1973-01-10,2168.48,136.06
1973-01-11,2168.48,136.84
1973-01-12,2168.48,136.01
1973-01-15,2168.48,134.6
1973-01-16,2168.48,134.03
1973-01-17,2168.48,134.07
1973-01-18,2168.48,134.34
1973-01-19,2168.48,133.87
1973-01-22,2168.48,133.15
1973-01-23,2168.48,132.44
1973-01-24,2168.48,130.49
1973-01-25,2168.48,130.49
1973-01-26,2168.48,129.76
1973-01-29,2168.48,128.46
1973-01-30,2168.48,128.22
1973-01-31,2168.48,128.4
1973-02-01,2168.48,126.94
1973-02-02,2168.48,126.48
1973-02-05,2168.48,126.0
1973-02-06,2168.48,126.27
1973-02-07,2168.48,124.99
1973-02-08,2168.48,123.97
1973-02-09,2168.48,125.86
1973-02-12,2168.48,126.88
1973-02-13,2168.48,127.19
1973-02-14,2168.48,125.42
1973-02-15,2168.48,124.43
1973-02-16,2168.48,124.55
1973-02-19,2168.48,124.55
1973-02-20,2168.48,125.01
1973-02-21,2168.48,123.95
1973-02-22,2168.48,123.68
1973-02-23,2168.48,122.34
1973-02-26,2168.48,121.27
1973-02-27,2168.48,119.8
1973-02-28,2168.48,120.41
1973-03-01,2168.48,119.53
1973-03-02,2168.48,120.11
1973-03-05,2168.48,120.55
1973-03-06,2168.48,121.91
1973-03-07,2168.48,122.28
1973-03-08,2168.48,122.11
1973-03-09,2168.48,121.99
1973-03-12,2168.48,121.86
1973-03-13,2168.48,122.09
1973-03-14,2168.48,122.1
1973-03-15,2168.48,121.6
1973-03-16,2168.48,121.22
1973-03-19,2168.48,119.94
1973-03-20,2168.48,119.26
1973-03-21,2168.48,117.89
1973-03-22,2168.48,115.69
1973-03-23,2168.48,115.47
1973-03-26,2168.48,115.54
1973-03-27,2168.48,116.89
1973-03-28,2168.48,117.14
1973-03-29,2168.48,118.19
1973-03-30,2168.48,117.46
1973-04-02,2168.48,115.79
1973-04-03,2168.48,114.47
1973-04-04,2168.48,112.89
1973-04-05,2168.48,112.02
1973-04-06,2168.48,113.27
1973-04-09,2168.48,114.01
1973-04-10,2168.48,114.81
1973-04-11,2168.48,115.29
1973-04-12,2168.48,115.59
1973-04-13,2168.48,115.22
1973-04-16,2168.48,114.55
1973-04-17,2168.48,113.64
1973-04-18,2168.48,113.71
1973-04-19,2168.48,114.15
1973-04-20,2168.48,114.15
1973-04-23,2168.48,113.02
1973-04-24,2168.48,111.23
1973-04-25,2168.48,109.37
1973-04-26,2168.48,109.72
1973-04-27,2168.48,108.4
1973-04-30,2168.48,107.85
1973-05-01,2168.48,107.96
1973-05-02,2168.48,109.05
1973-05-03,2168.48,109.81
1973-05-04,2168.48,110.89
1973-05-07,2168.48,110.48
1973-05-08,2168.48,110.67
1973-05-09,2168.48,110.54
1973-05-10,2168.48,110.32
1973-05-11,2168.48,109.1
1973-05-14,2168.48,106.46
1973-05-15,2168.48,106.14
1973-05-16,2168.48,106.1
1973-05-17,2168.48,105.19
1973-05-18,2168.48,102.89
1973-05-21,2168.48,100.76
1973-05-22,2168.48,101.59
1973-05-23,2168.48,102.09
1973-05-24,2168.48,104.27
1973-05-25,2168.48,105.17
1973-05-28,2168.48,105.17
1973-05-29,2168.48,104.85
1973-05-30,2168.48,103.19
1973-05-31,2168.48,102.64
1973-06-01,2168.48,102.3
1973-06-04,2168.48,100.77
1973-06-05,2168.48,101.71
1973-06-06,2168.48,101.7
1973-06-07,2168.48,102.57
1973-06-08,2168.48,103.72
1973-06-11,2168.48,103.04
1973-06-12,2168.48,104.79
1973-06-13,2168.48,104.33
1973-06-14,2168.48,103.56
1973-06-15,2168.48,102.26
1973-06-18,2168.48,100.77
1973-06-19,2168.48,100.96
1973-06-20,2168.48,101.19
1973-06-21,2168.48,100.4
1973-06-22,2168.48,100.99
1973-06-25,2168.48,99.43
1973-06-26,2168.48,99.96
1973-06-27,2168.48,100.22
1973-06-28,2168.48,101.16
1973-06-29,2168.48,100.98
1973-07-02,2168.48,100.15
1973-07-03,2168.48,99.45
1973-07-04,2168.48,99.45
1973-07-05,2168.48,99.39
1973-07-06,2168.48,99.48
1973-07-09,2168.48,100.01
1973-07-10,2168.48,101.18
1973-07-11,2168.48,102.69
1973-07-12,2168.48,103.17
1973-07-13,2168.48,103.03
1973-07-16,2168.48,103.97
1973-07-17,2168.48,104.64
1973-07-18,2168.48,105.77
1973-07-19,2168.48,106.52
1973-07-20,2168.48,107.68
1973-07-23,2168.48,107.75
1973-07-24,2168.48,108.29
1973-07-25,2168.48,109.19
1973-07-26,2168.48,109.17
1973-07-27,2168.48,109.36
1973-07-30,2168.48,108.88
1973-07-31,2168.48,108.64
1973-08-01,2168.48,107.13
1973-08-02,2168.48,106.98
1973-08-03,2168.48,106.82
1973-08-06,2168.48,107.21
1973-08-07,2168.48,107.3
1973-08-08,2168.48,106.13
1973-08-09,2168.48,106.15
1973-08-10,2168.48,105.32
1973-08-13,2168.48,104.35
1973-08-14,2168.48,103.59
1973-08-15,2168.48,103.35
1973-08-16,2168.48,103.31
1973-08-17,2168.48,103.71
1973-08-20,2168.48,102.67
1973-08-21,2168.48,102.12
1973-08-22,2168.48,101.34
1973-08-23,2168.48,102.53
1973-08-24,2168.48,102.4
1973-08-27,2168.48,102.91
1973-08-28,2168.48,102.99
1973-08-29,2168.48,103.79
1973-08-30,2168.48,103.99
1973-08-31,2168.48,104.87
1973-09-03,2168.48,104.87
1973-09-04,2168.48,105.5
1973-09-05,2168.48,106.03
1973-09-06,2168.48,106.36
1973-09-07,2168.48,107.02
1973-09-10,2168.48,106.25
1973-09-11,2168.48,105.77
1973-09-12,2168.48,105.33
1973-09-13,2168.48,105.6
1973-09-14,2168.48,106.07
1973-09-17,2168.48,106.27
1973-09-18,2168.48,106.3
1973-09-19,2168.48,107.91
1973-09-20,2168.48,108.76
1973-09-21,2168.48,109.46
1973-09-24,2168.48,109.69
1973-09-25,2168.48,109.8
1973-09-26,2168.48,110.62
1973-09-27,2168.48,111.27
1973-09-28,2168.48,111.2
1973-10-01,2168.48,110.97
1973-10-02,2168.48,111.76
1973-10-03,2168.48,112.13
1973-10-04,2168.48,111.51
1973-10-05,2168.48,112.56
1973-10-08,2168.48,113.17
1973-10-09,2168.48,113.07
1973-10-10,2168.48,112.17
1973-10-11,2168.48,113.56
1973-10-12,2168.48,114.1
1973-10-15,2168.48,113.13
1973-10-16,2168.48,113.14
1973-10-17,2168.48,112.66
1973-10-18,2168.48,112.82
1973-10-19,2168.48,113.25
1973-10-22,2168.48,112.29
1973-10-23,2168.48,111.81
1973-10-24,2168.48,112.13
1973-10-25,2168.48,112.31
1973-10-26,2168.48,112.79
1973-10-29,2168.48,112.09
1973-10-30,2168.48,110.63
1973-10-31,2168.48,110.17
1973-11-01,2168.48,109.62
1973-11-02,2168.48,108.93
1973-11-05,2168.48,107.21
1973-11-06,2168.48,106.29
1973-11-07,2168.48,106.72
1973-11-08,2168.48,107.31
1973-11-09,2168.48,105.77
1973-11-12,2168.48,105.08
1973-11-13,2168.48,104.74
1973-11-14,2168.48,101.98
1973-11-15,2168.48,101.63
1973-11-16,2168.48,101.38
1973-11-19,2168.48,99.0
1973-11-20,2168.48,96.58
1973-11-21,2168.48,97.32
1973-11-22,2168.48,97.32
1973-11-23,2168.48,97.3
1973-11-26,2168.48,94.13
1973-11-27,2168.48,93.07
1973-11-28,2168.48,94.94
1973-11-29,2168.48,94.62
1973-11-30,2168.48,93.51
1973-12-03,2168.48,91.97
1973-12-04,2168.48,91.56
1973-12-05,2168.48,89.73
1973-12-06,2168.48,91.27
1973-12-07,2168.48,92.32
1973-12-10,2168.48,93.54
1973-12-11,2168.48,92.2
1973-12-12,2168.48,90.81
1973-12-13,2168.48,89.12
1973-12-14,2168.48,89.63
1973-12-17,2168.48,89.13
1973-12-18,2168.48,90.56
1973-12-19,2168.48,90.24
1973-12-20,2168.48,90.27
1973-12-21,2168.48,89.52
1973-12-24,2168.48,88.67
1973-12-25,2168.48,88.67
1973-12-26,2168.48,90.19
1973-12-27,2168.48,91.25
1973-12-28,2168.48,91.68
1973-12-31,2168.48,92.19
1974-01-01,2168.48,92.19
1974-01-02,2168.48,92.53
1974-01-03,2168.48,94.18
1974-01-04,2168.48,94.1
1974-01-07,2168.48,94.47
1974-01-08,2168.48,94.02
1974-01-09,2168.48,92.2
1974-01-10,2168.48,91.42
1974-01-11,2168.48,92.23
1974-01-14,2168.48,92.4
1974-01-15,2168.48,93.07
1974-01-16,2168.48,94.49
1974-01-17,2168.48,95.95
1974-01-18,2168.48,95.32
1974-01-21,2168.48,94.48
1974-01-22,2168.48,95.29
1974-01-23,2168.48,95.76
1974-01-24,2168.48,95.61
1974-01-25,2168.48,95.4
1974-01-28,2168.48,95.02
1974-01-29,2168.48,94.56
1974-01-30,2168.48,95.17
1974-01-31,2168.48,94.93
1974-02-01,2168.48,94.15
1974-02-04,2168.48,92.89
1974-02-05,2168.48,92.46
1974-02-06,2168.48,92.74
1974-02-07,2168.48,92.81
1974-02-08,2168.48,92.2
1974-02-11,2168.48,91.13
1974-02-12,2168.48,90.5
1974-02-13,2168.48,90.08
1974-02-14,2168.48,90.21
1974-02-15,2168.48,90.98
1974-02-18,2168.48,90.98
1974-02-19,2168.48,90.82
1974-02-20,2168.48,91.56
1974-02-21,2168.48,92.17
1974-02-22,2168.48,92.93
1974-02-25,2168.48,92.72
1974-02-26,2168.48,93.11
1974-02-27,2168.48,94.06
1974-02-28,2168.48,94.35
1974-03-01,2168.48,94.05
1974-03-04,2168.48,93.8
1974-03-05,2168.48,94.71
1974-03-06,2168.48,95.12
1974-03-07,2168.48,94.53
1974-03-08,2168.48,95.17
1974-03-11,2168.48,95.87
1974-03-12,2168.48,95.8
1974-03-13,2168.48,96.33
1974-03-14,2168.48,96.51
1974-03-15,2168.48,96.53
1974-03-18,2168.48,95.37
1974-03-19,2168.48,94.75
1974-03-20,2168.48,94.95
1974-03-21,2168.48,95.36
1974-03-22,2168.48,95.45
1974-03-25,2168.48,95.35
1974-03-26,2168.48,95.27
1974-03-27,2168.48,94.21
1974-03-28,2168.48,92.87
1974-03-29,2168.48,92.27
1974-04-01,2168.48,91.9
1974-04-02,2168.48,92.03
1974-04-03,2168.48,92.13
1974-04-04,2168.48,91.88
1974-04-05,2168.48,90.7
1974-04-08,2168.48,89.92
1974-04-09,2168.48,90.18
1974-04-10,2168.48,89.87
1974-04-11,2168.48,89.79
1974-04-12,2168.48,89.79
1974-04-15,2168.48,89.42
1974-04-16,2168.48,90.33
1974-04-17,2168.48,90.72
1974-04-18,2168.48,90.9
1974-04-19,2168.48,90.31
1974-04-22,2168.48,90.27
1974-04-23,2168.48,88.47
1974-04-24,2168.48,86.95
1974-04-25,2168.48,86.04
1974-04-26,2168.48,86.24
1974-04-29,2168.48,86.46
1974-04-30,2168.48,86.86
1974-05-01,2168.48,87.63
1974-05-02,2168.48,87.97
1974-05-03,2168.48,87.47
1974-05-06,2168.48,87.31
1974-05-07,2168.48,86.66
1974-05-08,2168.48,85.74
1974-05-09,2168.48,85.81
1974-05-10,2168.48,84.3
1974-05-13,2168.48,83.18
1974-05-14,2168.48,83.16
1974-05-15,2168.48,83.51
1974-05-16,2168.48,83.5
1974-05-17,2168.48,81.93
1974-05-20,2168.48,81.43
1974-05-21,2168.48,81.29
1974-05-22,2168.48,80.72
1974-05-23,2168.48,80.55
1974-05-24,2168.48,81.45
1974-05-27,2168.48,81.45
1974-05-28,2168.48,81.06
1974-05-29,2168.48,79.78
1974-05-30,2168.48,80.09
1974-05-31,2168.48,80.2
1974-06-03,2168.48,81.08
1974-06-04,2168.48,81.77
1974-06-05,2168.48,82.21
1974-06-06,2168.48,83.2
1974-06-07,2168.48,83.71
1974-06-10,2168.48,83.92
1974-06-11,2168.48,83.34
1974-06-12,2168.48,83.1
1974-06-13,2168.48,83.24
1974-06-14,2168.48,82.76
1974-06-17,2168.48,81.54
1974-06-18,2168.48,81.25
1974-06-19,2168.48,80.66
1974-06-20,2168.48,79.85
1974-06-21,2168.48,79.11
1974-06-24,2168.48,78.88
1974-06-25,2168.48,79.35
1974-06-26,2168.48,78.27
1974-06-27,2168.48,76.83
1974-06-28,2168.48,75.96
1974-07-01,2168.48,75.39
1974-07-02,2168.48,73.81
1974-07-03,2168.48,73.66
1974-07-04,2168.48,73.66
1974-07-05,2168.48,73.57
1974-07-08,2168.48,70.96
1974-07-09,2168.48,70.59
1974-07-10,2168.48,69.82
1974-07-11,2168.48,69.95
1974-07-12,2168.48,71.68
1974-07-15,2168.48,71.98
1974-07-16,2168.48,71.63
1974-07-17,2168.48,72.71
1974-07-18,2168.48,72.81
1974-07-19,2168.48,73.4
1974-07-22,2168.48,73.42
1974-07-23,2168.48,74.44
1974-07-24,2168.48,74.63
1974-07-25,2168.48,73.51
1974-07-26,2168.48,72.83
1974-07-29,2168.48,71.49
1974-07-30,2168.48,71.3
1974-07-31,2168.48,69.99
1974-08-01,2168.48,69.63
1974-08-02,2168.48,69.4
1974-08-05,2168.48,69.67
1974-08-06,2168.48,70.53
1974-08-07,2168.48,71.68
1974-08-08,2168.48,70.66
1974-08-09,2168.48,70.69
1974-08-12,2168.48,70.36
1974-08-13,2168.48,68.82
1974-08-14,2168.48,67.25
1974-08-15,2168.48,66.88
1974-08-16,2168.48,65.86
1974-08-19,2168.48,65.13
1974-08-20,2168.48,65.72
1974-08-21,2168.48,64.92
1974-08-22,2168.48,63.59
1974-08-23,2168.48,62.57
1974-08-26,2168.48,62.94
1974-08-27,2168.48,62.34
1974-08-28,2168.48,62.43
1974-08-29,2168.48,61.37
1974-08-30,2168.48,62.37
1974-09-02,2168.48,62.37
1974-09-03,2168.48,60.88
1974-09-04,2168.48,58.95
1974-09-05,2168.48,60.22
1974-09-06,2168.48,60.7
1974-09-09,2168.48,59.37
1974-09-10,2168.48,58.97
1974-09-11,2168.48,58.96
1974-09-12,2168.48,57.71
1974-09-13,2168.48,56.66
1974-09-16,2168.48,57.24
1974-09-17,2168.48,57.72
1974-09-18,2168.48,58.12
1974-09-19,2168.48,59.52
1974-09-20,2168.48,59.9
1974-09-23,2168.48,59.66
1974-09-24,2168.48,58.84
1974-09-25,2168.48,58.76
1974-09-26,2168.48,57.87
1974-09-27,2168.48,57.12
1974-09-30,2168.48,55.67
1974-10-01,2168.48,55.48
1974-10-02,2168.48,55.67
1974-10-03,2168.48,54.87
1974-10-04,2168.48,55.16
1974-10-07,2168.48,56.57
1974-10-08,2168.48,56.13
1974-10-09,2168.48,57.57
1974-10-10,2168.48,59.13
1974-10-11,2168.48,60.42
1974-10-14,2168.48,61.73
1974-10-15,2168.48,61.4
1974-10-16,2168.48,61.19
1974-10-17,2168.48,62.04
1974-10-18,2168.48,62.75
1974-10-21,2168.48,63.82
1974-10-22,2168.48,64.14
1974-10-23,2168.48,63.4
1974-10-24,2168.48,62.6
1974-10-25,2168.48,62.88
1974-10-28,2168.48,62.5
1974-10-29,2168.48,63.67
1974-10-30,2168.48,64.88
1974-10-31,2168.48,65.23
1974-11-01,2168.48,65.06
1974-11-04,2168.48,64.62
1974-11-05,2168.48,65.99
1974-11-06,2168.48,66.11
1974-11-07,2168.48,66.64
1974-11-08,2168.48,66.51
1974-11-11,2168.48,66.72
1974-11-12,2168.48,65.36
1974-11-13,2168.48,64.98
1974-11-14,2168.48,65.04
1974-11-15,2168.48,64.41
1974-11-18,2168.48,62.09
1974-11-19,2168.48,60.93
1974-11-20,2168.48,60.75
1974-11-21,2168.48,61.49
1974-11-22,2168.48,62.07
1974-11-25,2168.48,61.68
1974-11-26,2168.48,62.65
1974-11-27,2168.48,62.8
1974-11-28,2168.48,62.8
1974-11-29,2168.48,62.95
1974-12-02,2168.48,61.66
1974-12-03,2168.48,60.5
1974-12-04,2168.48,60.41
1974-12-05,2168.48,58.92
1974-12-06,2168.48,58.21
1974-12-09,2168.48,57.91
1974-12-10,2168.48,58.76
1974-12-11,2168.48,59.27
1974-12-12,2168.48,59.36
1974-12-13,2168.48,59.22
1974-12-16,2168.48,58.85
1974-12-17,2168.48,59.18
1974-12-18,2168.48,59.63
1974-12-19,2168.48,59.46
1974-12-20,2168.48,58.67
1974-12-23,2168.48,57.86
1974-12-24,2168.48,58.31
1974-12-25,2168.48,58.31
1974-12-26,2168.48,58.88
1974-12-27,2168.48,58.74
1974-12-30,2168.48,58.78
1974-12-31,2168.48,59.82
1975-01-01,2168.48,59.82
1975-01-02,2168.48,60.7
1975-01-03,2168.48,61.23
1975-01-06,2168.48,61.74
1975-01-07,2168.48,61.89
1975-01-08,2168.48,61.5
1975-01-09,2168.48,62.37
1975-01-10,2168.48,63.69
1975-01-13,2168.48,63.34
1975-01-14,2168.48,63.11
1975-01-15,2168.48,63.87
1975-01-16,2168.48,64.8
1975-01-17,2168.48,64.4
1975-01-20,2168.48,64.44
1975-01-21,2168.48,64.18
1975-01-22,2168.48,64.12
1975-01-23,2168.48,64.49
1975-01-24,2168.48,65.38
1975-01-27,2168.48,67.04
1975-01-28,2168.48,67.92
1975-01-29,2168.48,69.08
1975-01-30,2168.48,68.99
1975-01-31,2168.48,69.78
1975-02-03,2168.48,70.73
1975-02-04,2168.48,70.13
1975-02-05,2168.48,71.07
1975-02-06,2168.48,71.46
1975-02-07,2168.48,71.12
1975-02-10,2168.48,70.82
1975-02-11,2168.48,70.83
1975-02-12,2168.48,71.59
1975-02-13,2168.48,72.88
1975-02-14,2168.48,73.26
1975-02-17,2168.48,73.26
1975-02-18,2168.48,72.47
1975-02-19,2168.48,72.87
1975-02-20,2168.48,73.58
1975-02-21,2168.48,73.79
1975-02-24,2168.48,73.14
1975-02-25,2168.48,72.07
1975-02-26,2168.48,72.24
1975-02-27,2168.48,72.53
1975-02-28,2168.48,73.0
1975-03-03,2168.48,73.83
1975-03-04,2168.48,74.21
1975-03-05,2168.48,73.9
1975-03-06,2168.48,74.03
1975-03-07,2168.48,74.4
1975-03-10,2168.48,74.88
1975-03-11,2168.48,75.04
1975-03-12,2168.48,74.13
1975-03-13,2168.48,74.68
1975-03-14,2168.48,76.07
1975-03-17,2168.48,76.27
1975-03-18,2168.48,76.18
1975-03-19,2168.48,75.67
1975-03-20,2168.48,75.78
1975-03-21,2168.48,75.92
1975-03-24,2168.48,74.42
1975-03-25,2168.48,74.33
1975-03-26,2168.48,75.56
1975-03-27,2168.48,76.18
1975-03-28,2168.48,76.18
1975-03-31,2168.48,75.66
1975-04-01,2168.48,75.42
1975-04-02,2168.48,75.62
1975-04-03,2168.48,74.95
1975-04-04,2168.48,74.73
1975-04-07,2168.48,74.34
1975-04-08,2168.48,74.53
1975-04-09,2168.48,75.4
1975-04-10,2168.48,75.76
1975-04-11,2168.48,76.31
1975-04-14,2168.48,77.33
1975-04-15,2168.48,77.51
1975-04-16,2168.48,78.0
1975-04-17,2168.48,78.26
1975-04-18,2168.48,78.08
1975-04-21,2168.48,79.08
1975-04-22,2168.48,78.54
1975-04-23,2168.48,78.24
1975-04-24,2168.48,78.07
1975-04-25,2168.48,78.64
1975-04-28,2168.48,78.28
1975-04-29,2168.48,77.82
1975-04-30,2168.48,78.54
1975-05-01,2168.48,79.27
1975-05-02,2168.48,80.25
1975-05-05,2168.48,81.14
1975-05-06,2168.48,80.81
1975-05-07,2168.48,81.31
1975-05-08,2168.48,82.12
1975-05-09,2168.48,82.82
1975-05-12,2168.48,82.3
1975-05-13,2168.48,82.35
1975-05-14,2168.48,82.91
1975-05-15,2168.48,82.79
1975-05-16,2168.48,82.44
1975-05-19,2168.48,81.99
1975-05-20,2168.48,81.82
1975-05-21,2168.48,80.95
1975-05-22,2168.48,81.56
1975-05-23,2168.48,82.62
1975-05-26,2168.48,82.62
1975-05-27,2168.48,82.49
1975-05-28,2168.48,81.98
1975-05-29,2168.48,81.78
1975-05-30,2168.48,83.1
1975-06-02,2168.48,83.88
1975-06-03,2168.48,84.14
1975-06-04,2168.48,84.04
1975-06-05,2168.48,84.24
1975-06-06,2168.48,84.77
1975-06-09,2168.48,84.01
1975-06-10,2168.48,83.4
1975-06-11,2168.48,83.6
1975-06-12,2168.48,82.99
1975-06-13,2168.48,83.43
1975-06-16,2168.48,84.01
1975-06-17,2168.48,83.43
1975-06-18,2168.48,83.47
1975-06-19,2168.48,84.55
1975-06-20,2168.48,85.24
1975-06-23,2168.48,85.77
1975-06-24,2168.48,86.23
1975-06-25,2168.48,86.3
1975-06-26,2168.48,86.45
1975-06-27,2168.48,86.5
1975-06-30,2168.48,87.02
1975-07-01,2168.48,86.33
1975-07-02,2168.48,85.64
1975-07-03,2168.48,86.2
1975-07-04,2168.48,86.2
1975-07-07,2168.48,85.6
1975-07-08,2168.48,85.39
1975-07-09,2168.48,86.5
1975-07-10,2168.48,86.83
1975-07-11,2168.48,87.2
1975-07-14,2168.48,87.58
1975-07-15,2168.48,88.0
1975-07-16,2168.48,87.39
1975-07-17,2168.48,87.13
1975-07-18,2168.48,87.02
1975-07-21,2168.48,86.77
1975-07-22,2168.48,85.72
1975-07-23,2168.48,84.62
1975-07-24,2168.48,84.14
1975-07-25,2168.48,83.6
1975-07-28,2168.48,83.09
1975-07-29,2168.48,82.67
1975-07-30,2168.48,83.03
1975-07-31,2168.48,83.19
1975-08-01,2168.48,81.62
1975-08-04,2168.48,80.98
1975-08-05,2168.48,80.17
1975-08-06,2168.48,80.24
1975-08-07,2168.48,79.59
1975-08-08,2168.48,79.55
1975-08-11,2168.48,79.45
1975-08-12,2168.48,79.6
1975-08-13,2168.48,79.09
1975-08-14,2168.48,78.45
1975-08-15,2168.48,78.58
1975-08-18,2168.48,78.03
1975-08-19,2168.48,76.65
1975-08-20,2168.48,75.52
1975-08-21,2168.48,75.9
1975-08-22,2168.48,76.45
1975-08-25,2168.48,76.84
1975-08-26,2168.48,76.21
1975-08-27,2168.48,76.57
1975-08-28,2168.48,78.06
1975-08-29,2168.48,79.01
1975-09-01,2168.48,79.01
1975-09-02,2168.48,77.89
1975-09-03,2168.48,78.08
1975-09-04,2168.48,78.13
1975-09-05,2168.48,77.78
1975-09-08,2168.48,77.46
1975-09-09,2168.48,76.6
1975-09-10,2168.48,75.24
1975-09-11,2168.48,74.85
1975-09-12,2168.48,74.72
1975-09-15,2168.48,74.47
1975-09-16,2168.48,73.78
1975-09-17,2168.48,73.87
1975-09-18,2168.48,74.78
1975-09-19,2168.48,76.39
1975-09-22,2168.48,75.86
1975-09-23,2168.48,75.94
1975-09-24,2168.48,76.43
1975-09-25,2168.48,76.1
1975-09-26,2168.48,76.14
1975-09-29,2168.48,75.37
1975-09-30,2168.48,74.33
1975-10-01,2168.48,73.8
1975-10-02,2168.48,74.16
1975-10-03,2168.48,75.5
1975-10-06,2168.48,76.03
1975-10-07,2168.48,75.88
1975-10-08,2168.48,76.61
1975-10-09,2168.48,76.87
1975-10-10,2168.48,76.96
1975-10-13,2168.48,77.7
1975-10-14,2168.48,78.19
1975-10-15,2168.48,78.2
1975-10-16,2168.48,77.63
1975-10-17,2168.48,78.22
1975-10-20,2168.48,78.13
1975-10-21,2168.48,78.43
1975-10-22,2168.48,78.91
1975-10-23,2168.48,78.06
1975-10-24,2168.48,78.62
1975-10-27,2168.48,78.29
1975-10-28,2168.48,78.73
1975-10-29,2168.48,77.58
1975-10-30,2168.48,77.45
1975-10-31,2168.48,76.99
1975-11-03,2168.48,76.62
1975-11-04,2168.48,76.86
1975-11-05,2168.48,77.3
1975-11-06,2168.48,77.39
1975-11-07,2168.48,77.21
1975-11-10,2168.48,77.46
1975-11-11,2168.48,78.0
1975-11-12,2168.48,79.27
1975-11-13,2168.48,79.22
1975-11-14,2168.48,78.98
1975-11-17,2168.48,79.1
1975-11-18,2168.48,78.62
1975-11-19,2168.48,77.87
1975-11-20,2168.48,77.67
1975-11-21,2168.48,77.74
1975-11-24,2168.48,77.92
1975-11-25,2168.48,78.18
1975-11-26,2168.48,78.56
1975-11-27,2168.48,78.56
1975-11-28,2168.48,78.8
1975-12-01,2168.48,78.66
1975-12-02,2168.48,77.33
1975-12-03,2168.48,75.67
1975-12-04,2168.48,75.2
1975-12-05,2168.48,74.72
1975-12-08,2168.48,74.92
1975-12-09,2168.48,74.52
1975-12-10,2168.48,75.25
1975-12-11,2168.48,75.08
1975-12-12,2168.48,74.91
1975-12-15,2168.48,74.54
1975-12-16,2168.48,75.19
1975-12-17,2168.48,75.8
1975-12-18,2168.48,76.07
1975-12-19,2168.48,75.92
1975-12-22,2168.48,75.59
1975-12-23,2168.48,75.88
1975-12-24,2168.48,76.37
1975-12-25,2168.48,76.37
1975-12-26,2168.48,77.13
1975-12-29,2168.48,76.94
1975-12-30,2168.48,76.67
1975-12-31,2168.48,77.62
1976-01-01,2168.48,77.62
1976-01-02,2168.48,78.06
1976-01-05,2168.48,78.76
1976-01-06,2168.48,80.27
1976-01-07,2168.48,80.99
1976-01-08,2168.48,81.65
1976-01-09,2168.48,82.31
1976-01-12,2168.48,82.71
1976-01-13,2168.48,82.42
1976-01-14,2168.48,83.62
1976-01-15,2168.48,83.73
1976-01-16,2168.48,84.3
1976-01-19,2168.48,84.73
1976-01-20,2168.48,84.9
1976-01-21,2168.48,84.95
1976-01-22,2168.48,84.62
1976-01-23,2168.48,85.26
1976-01-26,2168.48,85.05
1976-01-27,2168.48,84.76
1976-01-28,2168.48,84.63
1976-01-29,2168.48,86.15
1976-01-30,2168.48,87.05
1976-02-02,2168.48,87.28
1976-02-03,2168.48,87.38
1976-02-04,2168.48,88.45
1976-02-05,2168.48,88.02
1976-02-06,2168.48,87.25
1976-02-09,2168.48,87.83
1976-02-10,2168.48,87.95
1976-02-11,2168.48,88.69
1976-02-12,2168.48,88.88
1976-02-13,2168.48,88.96
1976-02-16,2168.48,88.96
1976-02-17,2168.48,88.82
1976-02-18,2168.48,89.23
1976-02-19,2168.48,90.14
1976-02-20,2168.48,91.02
1976-02-23,2168.48,91.31
1976-02-24,2168.48,91.73
1976-02-25,2168.48,92.09
1976-02-26,2168.48,91.45
1976-02-27,2168.48,90.26
1976-03-01,2168.48,90.25
1976-03-02,2168.48,90.54
1976-03-03,2168.48,90.17
1976-03-04,2168.48,89.65
1976-03-05,2168.48,89.47
1976-03-08,2168.48,89.97
1976-03-09,2168.48,89.98
1976-03-10,2168.48,90.2
1976-03-11,2168.48,91.21
1976-03-12,2168.48,90.99
1976-03-15,2168.48,89.72
1976-03-16,2168.48,89.86
1976-03-17,2168.48,90.11
1976-03-18,2168.48,89.55
1976-03-19,2168.48,89.54
1976-03-22,2168.48,89.69
1976-03-23,2168.48,90.36
1976-03-24,2168.48,90.93
1976-03-25,2168.48,90.67
1976-03-26,2168.48,90.89
1976-03-29,2168.48,90.69
1976-03-30,2168.48,90.49
1976-03-31,2168.48,90.62
1976-04-01,2168.48,90.44
1976-04-02,2168.48,90.63
1976-04-05,2168.48,91.43
1976-04-06,2168.48,91.55
1976-04-07,2168.48,90.8
1976-04-08,2168.48,90.04
1976-04-09,2168.48,88.89
1976-04-12,2168.48,88.6
1976-04-13,2168.48,88.66
1976-04-14,2168.48,88.75
1976-04-15,2168.48,89.17
1976-04-16,2168.48,89.17
1976-04-19,2168.48,89.59
1976-04-20,2168.48,90.61
1976-04-21,2168.48,90.77
1976-04-22,2168.48,90.96
1976-04-23,2168.48,90.6
1976-04-26,2168.48,90.57
1976-04-27,2168.48,89.98
1976-04-28,2168.48,90.3
1976-04-29,2168.48,90.55
1976-04-30,2168.48,90.08
1976-05-03,2168.48,89.05
1976-05-04,2168.48,89.24
1976-05-05,2168.48,89.24
1976-05-06,2168.48,89.42
1976-05-07,2168.48,90.02
1976-05-10,2168.48,90.55
1976-05-11,2168.48,90.59
1976-05-12,2168.48,90.64
1976-05-13,2168.48,90.22
1976-05-14,2168.48,89.78
1976-05-17,2168.48,89.49
1976-05-18,2168.48,89.53
1976-05-19,2168.48,89.25
1976-05-20,2168.48,89.53
1976-05-21,2168.48,89.39
1976-05-24,2168.48,88.15
1976-05-25,2168.48,87.81
1976-05-26,2168.48,88.1
1976-05-27,2168.48,87.78
1976-05-28,2168.48,88.04
1976-05-31,2168.48,88.04
1976-06-01,2168.48,87.81
1976-06-02,2168.48,88.16
1976-06-03,2168.48,88.26
1976-06-04,2168.48,87.75
1976-06-07,2168.48,87.22
1976-06-08,2168.48,87.12
1976-06-09,2168.48,86.95
1976-06-10,2168.48,87.31
1976-06-11,2168.48,87.71
1976-06-14,2168.48,88.4
1976-06-15,2168.48,88.45
1976-06-16,2168.48,88.93
1976-06-17,2168.48,89.72
1976-06-18,2168.48,90.05
1976-06-21,2168.48,90.15
1976-06-22,2168.48,89.54
1976-06-23,2168.48,89.19
1976-06-24,2168.48,89.8
1976-06-25,2168.48,90.05
1976-06-28,2168.48,89.87
1976-06-29,2168.48,90.11
1976-06-30,2168.48,90.32
1976-07-01,2168.48,90.28
1976-07-02,2168.48,90.88
1976-07-05,2168.48,90.88
1976-07-06,2168.48,90.62
1976-07-07,2168.48,90.6
1976-07-08,2168.48,90.79
1976-07-09,2168.48,91.48
1976-07-12,2168.48,91.94
1976-07-13,2168.48,91.97
1976-07-14,2168.48,92.44
1976-07-15,2168.48,92.52
1976-07-16,2168.48,92.4
1976-07-19,2168.48,92.08
1976-07-20,2168.48,91.68
1976-07-21,2168.48,91.53
1976-07-22,2168.48,91.66
1976-07-23,2168.48,91.6
1976-07-26,2168.48,91.48
1976-07-27,2168.48,91.3
1976-07-28,2168.48,91.01
1976-07-29,2168.48,90.85
1976-07-30,2168.48,91.29
1976-08-02,2168.48,91.27
1976-08-03,2168.48,92.01
1976-08-04,2168.48,91.87
1976-08-05,2168.48,91.48
1976-08-06,2168.48,91.64
1976-08-09,2168.48,91.33
1976-08-10,2168.48,91.89
1976-08-11,2168.48,91.81
1976-08-12,2168.48,91.89
1976-08-13,2168.48,91.81
1976-08-16,2168.48,91.77
1976-08-17,2168.48,92.01
1976-08-18,2168.48,91.85
1976-08-19,2168.48,90.74
1976-08-20,2168.48,90.19
1976-08-23,2168.48,89.6
1976-08-24,2168.48,89.13
1976-08-25,2168.48,89.55
1976-08-26,2168.48,89.2
1976-08-27,2168.48,89.14
1976-08-30,2168.48,89.28
1976-08-31,2168.48,89.7
1976-09-01,2168.48,90.59
1976-09-02,2168.48,90.68
1976-09-03,2168.48,91.02
1976-09-06,2168.48,91.02
1976-09-07,2168.48,91.21
1976-09-08,2168.48,91.26
1976-09-09,2168.48,90.86
1976-09-10,2168.48,91.19
1976-09-13,2168.48,90.96
1976-09-14,2168.48,90.53
1976-09-15,2168.48,90.63
1976-09-16,2168.48,91.04
1976-09-17,2168.48,91.61
1976-09-20,2168.48,91.89
1976-09-21,2168.48,92.42
1976-09-22,2168.48,92.44
1976-09-23,2168.48,92.27
1976-09-24,2168.48,92.31
1976-09-27,2168.48,92.44
1976-09-28,2168.48,91.64
1976-09-29,2168.48,91.27
1976-09-30,2168.48,91.26
1976-10-01,2168.48,90.44
1976-10-04,2168.48,90.46
1976-10-05,2168.48,89.75
1976-10-06,2168.48,89.07
1976-10-07,2168.48,89.63
1976-10-08,2168.48,89.38
1976-10-11,2168.48,89.02
1976-10-12,2168.48,88.76
1976-10-13,2168.48,89.3
1976-10-14,2168.48,88.73
1976-10-15,2168.48,89.06
1976-10-18,2168.48,89.46
1976-10-19,2168.48,89.45
1976-10-20,2168.48,89.63
1976-10-21,2168.48,89.49
1976-10-22,2168.48,89.26
1976-10-25,2168.48,89.37
1976-10-26,2168.48,89.42
1976-10-27,2168.48,89.62
1976-10-28,2168.48,89.85
1976-10-29,2168.48,90.35
1976-11-01,2168.48,90.39
1976-11-02,2168.48,90.39
1976-11-03,2168.48,89.38
1976-11-04,2168.48,90.06
1976-11-05,2168.48,89.47
1976-11-08,2168.48,88.74
1976-11-09,2168.48,88.08
1976-11-10,2168.48,87.82
1976-11-11,2168.48,88.15
1976-11-12,2168.48,88.1
1976-11-15,2168.48,88.13
1976-11-16,2168.48,88.52
1976-11-17,2168.48,89.01
1976-11-18,2168.48,89.81
1976-11-19,2168.48,89.97
1976-11-22,2168.48,90.47
1976-11-23,2168.48,90.22
1976-11-24,2168.48,90.69
1976-11-25,2168.48,90.69
1976-11-26,2168.48,91.42
1976-11-29,2168.48,91.08
1976-11-30,2168.48,91.12
1976-12-01,2168.48,91.83
1976-12-02,2168.48,91.84
1976-12-03,2168.48,92.31
1976-12-06,2168.48,92.63
1976-12-07,2168.48,93.01
1976-12-08,2168.48,93.37
1976-12-09,2168.48,94.1
1976-12-10,2168.48,94.62
1976-12-13,2168.48,94.62
1976-12-14,2168.48,94.65
1976-12-15,2168.48,94.92
1976-12-16,2168.48,94.93
1976-12-17,2168.48,94.64
1976-12-20,2168.48,94.47
1976-12-21,2168.48,94.68
1976-12-22,2168.48,95.18
1976-12-23,2168.48,95.22
1976-12-24,2168.48,95.22
1976-12-27,2168.48,95.68
1976-12-28,2168.48,96.22
1976-12-29,2168.48,96.29
1976-12-30,2168.48,97.05
1976-12-31,2168.48,97.88
1977-01-03,2168.48,97.69
1977-01-04,2168.48,97.22
1977-01-05,2168.48,96.89
1977-01-06,2168.48,97.29
1977-01-07,2168.48,97.53
1977-01-10,2168.48,97.31
1977-01-11,2168.48,96.41
1977-01-12,2168.48,96.02
1977-01-13,2168.48,96.84
1977-01-14,2168.48,97.2
1977-01-17,2168.48,97.14
1977-01-18,2168.48,97.13
1977-01-19,2168.48,97.55
1977-01-20,2168.48,97.08
1977-01-21,2168.48,97.32
1977-01-24,2168.48,97.37
1977-01-25,2168.48,97.06
1977-01-26,2168.48,96.51
1977-01-27,2168.48,96.04
1977-01-28,2168.48,95.72
1977-01-31,2168.48,95.54
1977-02-01,2168.48,96.3
1977-02-02,2168.48,96.46
1977-02-03,2168.48,96.33
1977-02-04,2168.48,96.74
1977-02-07,2168.48,96.61
1977-02-08,2168.48,96.59
1977-02-09,2168.48,95.99
1977-02-10,2168.48,96.29
1977-02-11,2168.48,96.09
1977-02-14,2168.48,96.13
1977-02-15,2168.48,96.41
1977-02-16,2168.48,96.62
1977-02-17,2168.48,96.56
1977-02-18,2168.48,96.38
1977-02-21,2168.48,96.38
1977-02-22,2168.48,96.14
1977-02-23,2168.48,95.76
1977-02-24,2168.48,94.84
1977-02-25,2168.48,94.9
1977-02-28,2168.48,94.57
1977-03-01,2168.48,95.14
1977-03-02,2168.48,95.19
1977-03-03,2168.48,95.53
1977-03-04,2168.48,96.07
1977-03-07,2168.48,96.17
1977-03-08,2168.48,96.23
1977-03-09,2168.48,95.75
1977-03-10,2168.48,95.94
1977-03-11,2168.48,96.07
1977-03-14,2168.48,96.19
1977-03-15,2168.48,96.39
1977-03-16,2168.48,96.58
1977-03-17,2168.48,96.42
1977-03-18,2168.48,96.44
1977-03-21,2168.48,96.26
1977-03-22,2168.48,96.05
1977-03-23,2168.48,95.76
1977-03-24,2168.48,95.54
1977-03-25,2168.48,95.28
1977-03-28,2168.48,94.85
1977-03-29,2168.48,94.92
1977-03-30,2168.48,94.23
1977-03-31,2168.48,94.13
1977-04-01,2168.48,94.54
1977-04-04,2168.48,93.9
1977-04-05,2168.48,93.66
1977-04-06,2168.48,93.89
1977-04-07,2168.48,94.03
1977-04-08,2168.48,94.03
1977-04-11,2168.48,94.37
1977-04-12,2168.48,95.06
1977-04-13,2168.48,95.1
1977-04-14,2168.48,96.0
1977-04-15,2168.48,96.26
1977-04-18,2168.48,96.17
1977-04-19,2168.48,96.1
1977-04-20,2168.48,96.36
1977-04-21,2168.48,95.82
1977-04-22,2168.48,95.12
1977-04-25,2168.48,94.26
1977-04-26,2168.48,94.12
1977-04-27,2168.48,94.79
1977-04-28,2168.48,95.06
1977-04-29,2168.48,95.48
1977-05-02,2168.48,95.83
1977-05-03,2168.48,96.21
1977-05-04,2168.48,96.63
1977-05-05,2168.48,96.89
1977-05-06,2168.48,96.9
1977-05-09,2168.48,96.76
1977-05-10,2168.48,97.16
1977-05-11,2168.48,96.92
1977-05-12,2168.48,96.96
1977-05-13,2168.48,97.41
1977-05-16,2168.48,97.79
1977-05-17,2168.48,97.9
1977-05-18,2168.48,98.47
1977-05-19,2168.48,98.36
1977-05-20,2168.48,98.0
1977-05-23,2168.48,97.15
1977-05-24,2168.48,96.66
1977-05-25,2168.48,96.18
1977-05-26,2168.48,96.17
1977-05-27,2168.48,95.9
1977-05-30,2168.48,95.9
1977-05-31,2168.48,95.59
1977-06-01,2168.48,95.86
1977-06-02,2168.48,95.8
1977-06-03,2168.48,96.19
1977-06-06,2168.48,96.11
1977-06-07,2168.48,96.17
1977-06-08,2168.48,96.59
1977-06-09,2168.48,96.63
1977-06-10,2168.48,97.07
1977-06-13,2168.48,97.28
1977-06-14,2168.48,97.7
1977-06-15,2168.48,97.67
1977-06-16,2168.48,98.22
1977-06-17,2168.48,98.61
1977-06-20,2168.48,98.72
1977-06-21,2168.48,98.83
1977-06-22,2168.48,98.78
1977-06-23,2168.48,99.17
1977-06-24,2168.48,99.66
1977-06-27,2168.48,99.63
1977-06-28,2168.48,99.28
1977-06-29,2168.48,99.34
1977-06-30,2168.48,99.73
1977-07-01,2168.48,99.9
1977-07-04,2168.48,99.9
1977-07-05,2168.48,100.12
1977-07-06,2168.48,99.96
1977-07-07,2168.48,100.28
1977-07-08,2168.48,100.81
1977-07-11,2168.48,100.85
1977-07-12,2168.48,100.75
1977-07-13,2168.48,100.93
1977-07-14,2168.48,100.93
1977-07-15,2168.48,101.41
1977-07-18,2168.48,102.01
1977-07-19,2168.48,102.38
1977-07-20,2168.48,102.43
1977-07-21,2168.48,102.7
1977-07-22,2168.48,103.11
1977-07-25,2168.48,103.01
1977-07-26,2168.48,102.4
1977-07-27,2168.48,101.25
1977-07-28,2168.48,100.68
1977-07-29,2168.48,100.65
1977-08-01,2168.48,100.76
1977-08-02,2168.48,100.4
1977-08-03,2168.48,100.02
1977-08-04,2168.48,100.39
1977-08-05,2168.48,100.86
1977-08-08,2168.48,100.55
1977-08-09,2168.48,100.52
1977-08-10,2168.48,100.81
1977-08-11,2168.48,100.94
1977-08-12,2168.48,100.76
1977-08-15,2168.48,100.89
1977-08-16,2168.48,100.65
1977-08-17,2168.48,100.72
1977-08-18,2168.48,100.86
1977-08-19,2168.48,100.85
1977-08-22,2168.48,101.05
1977-08-23,2168.48,100.94
1977-08-24,2168.48,100.75
1977-08-25,2168.48,100.14
1977-08-26,2168.48,99.89
1977-08-29,2168.48,100.37
1977-08-30,2168.48,100.11
1977-08-31,2168.48,100.1
1977-09-01,2168.48,100.4
1977-09-02,2168.48,100.83
1977-09-05,2168.48,100.83
1977-09-06,2168.48,100.78
1977-09-07,2168.48,101.16
1977-09-08,2168.48,101.28
1977-09-09,2168.48,100.91
1977-09-12,2168.48,100.6
1977-09-13,2168.48,100.46
1977-09-14,2168.48,100.61
1977-09-15,2168.48,100.97
1977-09-16,2168.48,100.74
1977-09-19,2168.48,100.35
1977-09-20,2168.48,100.23
1977-09-21,2168.48,99.76
1977-09-22,2168.48,99.47
1977-09-23,2168.48,99.57
1977-09-26,2168.48,99.74
1977-09-27,2168.48,99.74
1977-09-28,2168.48,99.96
1977-09-29,2168.48,100.27
1977-09-30,2168.48,100.85
1977-10-03,2168.48,101.16
1977-10-04,2168.48,100.81
1977-10-05,2168.48,100.82
1977-10-06,2168.48,101.31
1977-10-07,2168.48,101.62
1977-10-10,2168.48,101.69
1977-10-11,2168.48,101.23
1977-10-12,2168.48,99.83
1977-10-13,2168.48,99.03
1977-10-14,2168.48,99.05
1977-10-17,2168.48,99.14
1977-10-18,2168.48,99.25
1977-10-19,2168.48,98.45
1977-10-20,2168.48,98.6
1977-10-21,2168.48,98.54
1977-10-24,2168.48,97.89
1977-10-25,2168.48,96.83
1977-10-26,2168.48,96.86
1977-10-27,2168.48,97.07
1977-10-28,2168.48,97.49
1977-10-31,2168.48,97.52
1977-11-01,2168.48,96.74
1977-11-02,2168.48,96.51
1977-11-03,2168.48,96.49
1977-11-04,2168.48,97.21
1977-11-07,2168.48,97.85
1977-11-08,2168.48,98.21
1977-11-09,2168.48,98.7
1977-11-10,2168.48,99.98
1977-11-11,2168.48,100.94
1977-11-14,2168.48,100.98
1977-11-15,2168.48,101.52
1977-11-16,2168.48,101.56
1977-11-17,2168.48,101.86
1977-11-18,2168.48,102.22
1977-11-21,2168.48,102.35
1977-11-22,2168.48,102.93
1977-11-23,2168.48,103.74
1977-11-24,2168.48,103.74
1977-11-25,2168.48,104.33
1977-11-28,2168.48,104.06
1977-11-29,2168.48,103.2
1977-11-30,2168.48,103.15
1977-12-01,2168.48,103.68
1977-12-02,2168.48,104.1
1977-12-05,2168.48,104.15
1977-12-06,2168.48,102.97
1977-12-07,2168.48,102.85
1977-12-08,2168.48,103.06
1977-12-09,2168.48,103.57
1977-12-12,2168.48,103.89
1977-12-13,2168.48,104.1
1977-12-14,2168.48,103.96
1977-12-15,2168.48,103.89
1977-12-16,2168.48,104.05
1977-12-19,2168.48,103.3
1977-12-20,2168.48,102.5
1977-12-21,2168.48,103.03
1977-12-22,2168.48,103.41
1977-12-23,2168.48,103.94
1977-12-26,2168.48,103.94
1977-12-27,2168.48,103.96
1977-12-28,2168.48,104.04
1977-12-29,2168.48,104.42
1977-12-30,2168.48,105.05
1978-01-02,2168.48,105.05
1978-01-03,2168.48,104.0
1978-01-04,2168.48,103.66
1978-01-05,2168.48,103.21
1978-01-06,2168.48,101.66
1978-01-09,2168.48,100.2
1978-01-10,2168.48,99.58
1978-01-11,2168.48,99.09
1978-01-12,2168.48,99.54
1978-01-13,2168.48,99.77
1978-01-16,2168.48,99.36
1978-01-17,2168.48,99.98
1978-01-18,2168.48,100.42
1978-01-19,2168.48,100.58
1978-01-20,2168.48,100.63
1978-01-23,2168.48,100.34
1978-01-24,2168.48,100.54
1978-01-25,2168.48,100.87
1978-01-26,2168.48,100.53
1978-01-27,2168.48,100.62
1978-01-30,2168.48,100.97
1978-01-31,2168.48,100.84
1978-02-01,2168.48,101.54
1978-02-02,2168.48,101.94
1978-02-03,2168.48,102.22
1978-02-06,2168.48,102.27
1978-02-07,2168.48,102.75
1978-02-08,2168.48,103.18
1978-02-09,2168.48,103.2
1978-02-10,2168.48,103.58
1978-02-13,2168.48,103.34
1978-02-14,2168.48,102.78
1978-02-15,2168.48,102.56
1978-02-16,2168.48,102.17
1978-02-17,2168.48,102.25
1978-02-20,2168.48,102.25
1978-02-21,2168.48,101.99
1978-02-22,2168.48,102.13
1978-02-23,2168.48,102.16
1978-02-24,2168.48,102.7
1978-02-27,2168.48,102.22
1978-02-28,2168.48,101.47
1978-03-01,2168.48,101.47
1978-03-02,2168.48,101.71
1978-03-03,2168.48,101.95
1978-03-06,2168.48,101.74
1978-03-07,2168.48,102.02
1978-03-08,2168.48,102.41
1978-03-09,2168.48,102.82
1978-03-10,2168.48,103.42
1978-03-13,2168.48,103.53
1978-03-14,2168.48,103.66
1978-03-15,2168.48,103.8
1978-03-16,2168.48,104.38
1978-03-17,2168.48,104.94
1978-03-20,2168.48,105.36
1978-03-21,2168.48,105.02
1978-03-22,2168.48,105.16
1978-03-23,2168.48,105.39
1978-03-24,2168.48,105.39
1978-03-27,2168.48,105.3
1978-03-28,2168.48,105.68
1978-03-29,2168.48,106.08
1978-03-30,2168.48,106.18
1978-03-31,2168.48,106.2
1978-04-03,2168.48,105.89
1978-04-04,2168.48,106.2
1978-04-05,2168.48,106.95
1978-04-06,2168.48,107.47
1978-04-07,2168.48,108.23
1978-04-10,2168.48,108.53
1978-04-11,2168.48,108.44
1978-04-12,2168.48,108.87
1978-04-13,2168.48,109.99
1978-04-14,2168.48,111.29
1978-04-17,2168.48,111.91
1978-04-18,2168.48,111.43
1978-04-19,2168.48,111.64
1978-04-20,2168.48,112.86
1978-04-21,2168.48,113.32
1978-04-24,2168.48,113.6
1978-04-25,2168.48,114.28
1978-04-26,2168.48,114.7
1978-04-27,2168.48,114.59
1978-04-28,2168.48,115.18
1978-05-01,2168.48,115.96
1978-05-02,2168.48,116.12
1978-05-03,2168.48,116.21
1978-05-04,2168.48,116.48
1978-05-05,2168.48,117.27
1978-05-08,2168.48,117.14
1978-05-09,2168.48,117.05
1978-05-10,2168.48,117.55
1978-05-11,2168.48,118.25
1978-05-12,2168.48,119.4
1978-05-15,2168.48,119.8
1978-05-16,2168.48,120.78
1978-05-17,2168.48,121.84
1978-05-18,2168.48,121.66
1978-05-19,2168.48,121.57
1978-05-22,2168.48,121.93
1978-05-23,2168.48,120.97
1978-05-24,2168.48,119.8
1978-05-25,2168.48,119.82
1978-05-26,2168.48,119.86
1978-05-29,2168.48,119.86
1978-05-30,2168.48,120.0
1978-05-31,2168.48,120.24
1978-06-01,2168.48,120.34
1978-06-02,2168.48,121.03
1978-06-05,2168.48,122.1
1978-06-06,2168.48,122.85
1978-06-07,2168.48,123.1
1978-06-08,2168.48,123.99
1978-06-09,2168.48,124.41
1978-06-12,2168.48,124.29
1978-06-13,2168.48,124.24
1978-06-14,2168.48,124.51
1978-06-15,2168.48,124.19
1978-06-16,2168.48,123.69
1978-06-19,2168.48,122.92
1978-06-20,2168.48,122.03
1978-06-21,2168.48,120.63
1978-06-22,2168.48,120.68
1978-06-23,2168.48,120.74
1978-06-26,2168.48,119.54
1978-06-27,2168.48,119.18
1978-06-28,2168.48,119.52
1978-06-29,2168.48,119.98
1978-06-30,2168.48,120.3
1978-07-03,2168.48,120.15
1978-07-04,2168.48,120.15
1978-07-05,2168.48,119.22
1978-07-06,2168.48,118.82
1978-07-07,2168.48,119.16
1978-07-10,2168.48,119.38
1978-07-11,2168.48,119.83
1978-07-12,2168.48,120.28
1978-07-13,2168.48,120.43
1978-07-14,2168.48,121.58
1978-07-17,2168.48,122.36
1978-07-18,2168.48,122.09
1978-07-19,2168.48,122.8
1978-07-20,2168.48,123.75
1978-07-21,2168.48,123.6
1978-07-24,2168.48,123.59
1978-07-25,2168.48,123.79
1978-07-26,2168.48,124.48
1978-07-27,2168.48,125.13
1978-07-28,2168.48,125.62
1978-07-31,2168.48,126.32
1978-08-01,2168.48,126.81
1978-08-02,2168.48,128.16
1978-08-03,2168.48,129.02
1978-08-04,2168.48,129.71
1978-08-07,2168.48,130.21
1978-08-08,2168.48,130.49
1978-08-09,2168.48,131.64
1978-08-10,2168.48,131.58
1978-08-11,2168.48,132.0
1978-08-14,2168.48,132.11
1978-08-15,2168.48,131.95
1978-08-16,2168.48,132.77
1978-08-17,2168.48,134.14
1978-08-18,2168.48,134.71
1978-08-21,2168.48,133.77
1978-08-22,2168.48,133.87
1978-08-23,2168.48,134.73
1978-08-24,2168.48,135.28
1978-08-25,2168.48,135.84
1978-08-28,2168.48,135.24
1978-08-29,2168.48,134.63
1978-08-30,2168.48,134.75
1978-08-31,2168.48,135.01
1978-09-01,2168.48,135.35
1978-09-04,2168.48,135.35
1978-09-05,2168.48,135.46
1978-09-06,2168.48,136.48
1978-09-07,2168.48,137.09
1978-09-08,2168.48,138.36
1978-09-11,2168.48,138.95
1978-09-12,2168.48,139.24
1978-09-13,2168.48,139.25
1978-09-14,2168.48,138.34
1978-09-15,2168.48,137.36
1978-09-18,2168.48,135.65
1978-09-19,2168.48,134.06
1978-09-20,2168.48,132.66
1978-09-21,2168.48,132.1
1978-09-22,2168.48,132.3
1978-09-25,2168.48,132.11
1978-09-26,2168.48,132.92
1978-09-27,2168.48,132.01
1978-09-28,2168.48,132.11
1978-09-29,2168.48,132.89
1978-10-02,2168.48,133.3
1978-10-03,2168.48,133.11
1978-10-04,2168.48,133.1
1978-10-05,2168.48,133.54
1978-10-06,2168.48,134.0
1978-10-09,2168.48,134.64
1978-10-10,2168.48,134.93
1978-10-11,2168.48,135.27
1978-10-12,2168.48,135.57
1978-10-13,2168.48,135.58
1978-10-16,2168.48,133.94
1978-10-17,2168.48,130.96
1978-10-18,2168.48,128.92
1978-10-19,2168.48,127.22
1978-10-20,2168.48,123.82
1978-10-23,2168.48,121.94
1978-10-24,2168.48,121.14
1978-10-25,2168.48,121.16
1978-10-26,2168.48,118.0
1978-10-27,2168.48,115.25
1978-10-30,2168.48,112.4
1978-10-31,2168.48,111.12
1978-11-01,2168.48,114.65
1978-11-02,2168.48,114.63
1978-11-03,2168.48,115.49
1978-11-06,2168.48,115.08
1978-11-07,2168.48,112.83
1978-11-08,2168.48,112.99
1978-11-09,2168.48,113.88
1978-11-10,2168.48,114.84
1978-11-13,2168.48,113.0
1978-11-14,2168.48,110.88
1978-11-15,2168.48,111.44
1978-11-16,2168.48,112.21
1978-11-17,2168.48,113.69
1978-11-20,2168.48,114.51
1978-11-21,2168.48,114.56
1978-11-22,2168.48,115.37
1978-11-23,2168.48,115.37
1978-11-24,2168.48,116.17
1978-11-27,2168.48,115.97
1978-11-28,2168.48,115.6
1978-11-29,2168.48,114.09
1978-11-30,2168.48,114.69
1978-12-01,2168.48,116.19
1978-12-04,2168.48,116.57
1978-12-05,2168.48,117.67
1978-12-06,2168.48,118.45
1978-12-07,2168.48,118.55
1978-12-08,2168.48,118.77
1978-12-11,2168.48,119.15
1978-12-12,2168.48,118.5
1978-12-13,2168.48,118.13
1978-12-14,2168.48,118.15
1978-12-15,2168.48,117.41
1978-12-18,2168.48,114.33
1978-12-19,2168.48,114.73
1978-12-20,2168.48,115.3
1978-12-21,2168.48,115.85
1978-12-22,2168.48,116.93
1978-12-25,2168.48,116.93
1978-12-26,2168.48,117.68
1978-12-27,2168.48,117.33
1978-12-28,2168.48,117.3
1978-12-29,2168.48,117.98
1979-01-01,2168.48,117.98
1979-01-02,2168.48,117.84
1979-01-03,2168.48,119.11
1979-01-04,2168.48,120.66
1979-01-05,2168.48,122.05
1979-01-08,2168.48,121.92
1979-01-09,2168.48,122.66
1979-01-10,2168.48,122.28
1979-01-11,2168.48,122.76
1979-01-12,2168.48,123.74
1979-01-15,2168.48,124.47
1979-01-16,2168.48,123.74
1979-01-17,2168.48,123.59
1979-01-18,2168.48,124.31
1979-01-19,2168.48,124.65
1979-01-22,2168.48,124.66
1979-01-23,2168.48,125.46
1979-01-24,2168.48,125.34
1979-01-25,2168.48,126.42
1979-01-26,2168.48,127.04
1979-01-29,2168.48,126.77
1979-01-30,2168.48,126.51
1979-01-31,2168.48,125.82
1979-02-01,2168.48,125.76
1979-02-02,2168.48,125.82
1979-02-05,2168.48,124.34
1979-02-06,2168.48,124.31
1979-02-07,2168.48,122.8
1979-02-08,2168.48,123.41
1979-02-09,2168.48,123.76
1979-02-12,2168.48,124.05
1979-02-13,2168.48,124.89
1979-02-14,2168.48,124.61
1979-02-15,2168.48,124.93
1979-02-16,2168.48,125.57
1979-02-19,2168.48,125.57
1979-02-20,2168.48,125.83
1979-02-21,2168.48,125.76
1979-02-22,2168.48,125.45
1979-02-23,2168.48,125.04
1979-02-26,2168.48,124.9
1979-02-27,2168.48,122.64
1979-02-28,2168.48,122.56
1979-03-01,2168.48,123.33
1979-03-02,2168.48,123.67
1979-03-05,2168.48,124.72
1979-03-06,2168.48,124.43
1979-03-07,2168.48,125.61
1979-03-08,2168.48,127.05
1979-03-09,2168.48,127.25
1979-03-12,2168.48,127.19
1979-03-13,2168.48,127.69
1979-03-14,2168.48,127.59
1979-03-15,2168.48,127.85
1979-03-16,2168.48,128.55
1979-03-19,2168.48,129.14
1979-03-20,2168.48,128.79
1979-03-21,2168.48,129.44
1979-03-22,2168.48,130.08
1979-03-23,2168.48,130.58
1979-03-26,2168.48,130.11
1979-03-27,2168.48,130.78
1979-03-28,2168.48,130.87
1979-03-29,2168.48,131.29
1979-03-30,2168.48,131.76
1979-04-02,2168.48,131.36
1979-04-03,2168.48,132.33
1979-04-04,2168.48,132.75
1979-04-05,2168.48,133.37
1979-04-06,2168.48,133.75
1979-04-09,2168.48,133.74
1979-04-10,2168.48,134.22
1979-04-11,2168.48,133.57
1979-04-12,2168.48,133.54
1979-04-13,2168.48,133.54
1979-04-16,2168.48,132.48
1979-04-17,2168.48,132.26
1979-04-18,2168.48,132.91
1979-04-19,2168.48,133.18
1979-04-20,2168.48,133.67
1979-04-23,2168.48,133.87
1979-04-24,2168.48,134.29
1979-04-25,2168.48,134.78
1979-04-26,2168.48,134.65
1979-04-27,2168.48,134.37
1979-04-30,2168.48,133.82
1979-05-01,2168.48,133.79
1979-05-02,2168.48,133.99
1979-05-03,2168.48,134.2
1979-05-04,2168.48,133.72
1979-05-07,2168.48,130.6
1979-05-08,2168.48,129.6
1979-05-09,2168.48,130.34
1979-05-10,2168.48,129.71
1979-05-11,2168.48,129.69
1979-05-14,2168.48,128.99
1979-05-15,2168.48,129.01
1979-05-16,2168.48,129.35
1979-05-17,2168.48,130.44
1979-05-18,2168.48,131.01
1979-05-21,2168.48,131.16
1979-05-22,2168.48,131.9
1979-05-23,2168.48,132.12
1979-05-24,2168.48,132.1
1979-05-25,2168.48,132.68
1979-05-28,2168.48,132.68
1979-05-29,2168.48,132.46
1979-05-30,2168.48,131.39
1979-05-31,2168.48,131.42
1979-06-01,2168.48,131.76
1979-06-04,2168.48,131.95
1979-06-05,2168.48,133.02
1979-06-06,2168.48,133.62
1979-06-07,2168.48,134.55
1979-06-08,2168.48,134.96
1979-06-11,2168.48,135.04
1979-06-12,2168.48,135.92
1979-06-13,2168.48,136.01
1979-06-14,2168.48,136.02
1979-06-15,2168.48,136.25
1979-06-18,2168.48,135.85
1979-06-19,2168.48,136.05
1979-06-20,2168.48,136.45
1979-06-21,2168.48,136.71
1979-06-22,2168.48,137.24
1979-06-25,2168.48,136.89
1979-06-26,2168.48,136.53
1979-06-27,2168.48,137.4
1979-06-28,2168.48,138.08
1979-06-29,2168.48,138.13
1979-07-02,2168.48,137.03
1979-07-03,2168.48,137.03
1979-07-04,2168.48,137.03
1979-07-05,2168.48,137.79
1979-07-06,2168.48,138.64
1979-07-09,2168.48,139.15
1979-07-10,2168.48,138.97
1979-07-11,2168.48,138.85
1979-07-12,2168.48,138.68
1979-07-13,2168.48,138.52
1979-07-16,2168.48,138.89
1979-07-17,2168.48,137.86
1979-07-18,2168.48,137.26
1979-07-19,2168.48,137.57
1979-07-20,2168.48,137.98
1979-07-23,2168.48,137.57
1979-07-24,2168.48,138.02
1979-07-25,2168.48,138.97
1979-07-26,2168.48,139.52
1979-07-27,2168.48,140.02
1979-07-30,2168.48,140.54
1979-07-31,2168.48,141.33
1979-08-01,2168.48,141.9
1979-08-02,2168.48,142.54
1979-08-03,2168.48,142.63
1979-08-06,2168.48,142.41
1979-08-07,2168.48,143.3
1979-08-08,2168.48,144.06
1979-08-09,2168.48,144.27
1979-08-10,2168.48,145.07
1979-08-13,2168.48,146.07
1979-08-14,2168.48,146.3
1979-08-15,2168.48,147.14
1979-08-16,2168.48,147.44
1979-08-17,2168.48,147.84
1979-08-20,2168.48,147.95
1979-08-21,2168.48,147.99
1979-08-22,2168.48,148.74
1979-08-23,2168.48,149.13
1979-08-24,2168.48,149.4
1979-08-27,2168.48,149.51
1979-08-28,2168.48,149.54
1979-08-29,2168.48,150.04
1979-08-30,2168.48,150.06
1979-08-31,2168.48,150.44
1979-09-03,2168.48,150.44
1979-09-04,2168.48,148.49
1979-09-05,2168.48,146.03
1979-09-06,2168.48,146.87
1979-09-07,2168.48,148.07
1979-09-10,2168.48,148.91
1979-09-11,2168.48,148.39
1979-09-12,2168.48,148.66
1979-09-13,2168.48,149.33
1979-09-14,2168.48,150.56
1979-09-17,2168.48,150.46
1979-09-18,2168.48,149.19
1979-09-19,2168.48,149.44
1979-09-20,2168.48,150.2
1979-09-21,2168.48,150.65
1979-09-24,2168.48,150.12
1979-09-25,2168.48,149.27
1979-09-26,2168.48,149.88
1979-09-27,2168.48,150.37
1979-09-28,2168.48,149.98
1979-10-01,2168.48,149.59
1979-10-02,2168.48,150.01
1979-10-03,2168.48,150.51
1979-10-04,2168.48,151.42
1979-10-05,2168.48,152.29
1979-10-08,2168.48,150.98
1979-10-09,2168.48,145.2
1979-10-10,2168.48,139.31
1979-10-11,2168.48,140.09
1979-10-12,2168.48,140.71
1979-10-15,2168.48,138.39
1979-10-16,2168.48,138.34
1979-10-17,2168.48,139.04
1979-10-18,2168.48,139.46
1979-10-19,2168.48,136.59
1979-10-22,2168.48,133.16
1979-10-23,2168.48,132.61
1979-10-24,2168.48,133.02
1979-10-25,2168.48,132.72
1979-10-26,2168.48,133.75
1979-10-29,2168.48,133.91
1979-10-30,2168.48,135.48
1979-10-31,2168.48,135.53
1979-11-01,2168.48,136.42
1979-11-02,2168.48,136.88
1979-11-05,2168.48,136.11
1979-11-06,2168.48,135.66
1979-11-07,2168.48,134.14
1979-11-08,2168.48,134.77
1979-11-09,2168.48,135.86
1979-11-12,2168.48,137.05
1979-11-13,2168.48,137.14
1979-11-14,2168.48,137.76
1979-11-15,2168.48,138.92
1979-11-16,2168.48,139.07
1979-11-19,2168.48,139.98
1979-11-20,2168.48,139.5
1979-11-21,2168.48,138.88
1979-11-22,2168.48,138.88
1979-11-23,2168.48,139.85
1979-11-26,2168.48,141.95
1979-11-27,2168.48,142.55
1979-11-28,2168.48,143.53
1979-11-29,2168.48,144.16
1979-11-30,2168.48,144.26
1979-12-03,2168.48,143.86
1979-12-04,2168.48,144.8
1979-12-05,2168.48,145.92
1979-12-06,2168.48,147.04
1979-12-07,2168.48,147.49
1979-12-10,2168.48,147.97
1979-12-11,2168.48,147.83
1979-12-12,2168.48,148.51
1979-12-13,2168.48,148.97
1979-12-14,2168.48,150.03
1979-12-17,2168.48,150.56
1979-12-18,2168.48,149.72
1979-12-19,2168.48,149.65
1979-12-20,2168.48,150.27
1979-12-21,2168.48,150.17
1979-12-24,2168.48,149.97
1979-12-25,2168.48,149.97
1979-12-26,2168.48,150.01
1979-12-27,2168.48,150.23
1979-12-28,2168.48,150.83
1979-12-31,2168.48,151.14
1980-01-01,2168.48,151.14
1980-01-02,2168.48,148.17
1980-01-03,2168.48,145.97
1980-01-04,2168.48,148.02
1980-01-07,2168.48,148.62
1980-01-08,2168.48,150.68
1980-01-09,2168.48,151.6
1980-01-10,2168.48,153.12
1980-01-11,2168.48,153.87
1980-01-14,2168.48,154.4
1980-01-15,2168.48,154.96
1980-01-16,2168.48,155.99
1980-01-17,2168.48,155.81
1980-01-18,2168.48,156.14
1980-01-21,2168.48,157.35
1980-01-22,2168.48,156.92
1980-01-23,2168.48,158.5
1980-01-24,2168.48,159.24
1980-01-25,2168.48,159.7
1980-01-28,2168.48,160.7
1980-01-29,2168.48,160.29
1980-01-30,2168.48,161.3
1980-01-31,2168.48,161.75
1980-02-01,2168.48,162.3
1980-02-04,2168.48,162.02
1980-02-05,2168.48,162.2
1980-02-06,2168.48,162.99
1980-02-07,2168.48,163.77
1980-02-08,2168.48,165.25
1980-02-11,2168.48,164.46
1980-02-12,2168.48,164.57
1980-02-13,2168.48,164.98
1980-02-14,2168.48,163.54
1980-02-15,2168.48,162.56
1980-02-18,2168.48,162.56
1980-02-19,2168.48,161.06
1980-02-20,2168.48,162.1
1980-02-21,2168.48,161.31
1980-02-22,2168.48,160.08
1980-02-25,2168.48,157.97
1980-02-26,2168.48,158.5
1980-02-27,2168.48,157.73
1980-02-28,2168.48,157.46
1980-02-29,2168.48,158.03
1980-03-03,2168.48,156.87
1980-03-04,2168.48,155.39
1980-03-05,2168.48,152.94
1980-03-06,2168.48,148.64
1980-03-07,2168.48,146.19
1980-03-10,2168.48,143.75
1980-03-11,2168.48,144.56
1980-03-12,2168.48,144.63
1980-03-13,2168.48,144.98
1980-03-14,2168.48,144.44
1980-03-17,2168.48,139.7
1980-03-18,2168.48,138.92
1980-03-19,2168.48,139.97
1980-03-20,2168.48,139.64
1980-03-21,2168.48,138.8
1980-03-24,2168.48,134.61
1980-03-25,2168.48,132.52
1980-03-26,2168.48,132.22
1980-03-27,2168.48,124.09
1980-03-28,2168.48,129.25
1980-03-31,2168.48,131.0
1980-04-01,2168.48,133.14
1980-04-02,2168.48,135.8
1980-04-03,2168.48,136.01
1980-04-04,2168.48,136.01
1980-04-07,2168.48,133.4
1980-04-08,2168.48,134.37
1980-04-09,2168.48,136.04
1980-04-10,2168.48,137.28
1980-04-11,2168.48,137.75
1980-04-14,2168.48,136.67
1980-04-15,2168.48,136.39
1980-04-16,2168.48,135.76
1980-04-17,2168.48,134.55
1980-04-18,2168.48,134.66
1980-04-21,2168.48,133.08
1980-04-22,2168.48,135.71
1980-04-23,2168.48,136.92
1980-04-24,2168.48,138.69
1980-04-25,2168.48,137.92
1980-04-28,2168.48,138.54
1980-04-29,2168.48,139.35
1980-04-30,2168.48,139.99
1980-05-01,2168.48,139.68
1980-05-02,2168.48,140.25
1980-05-05,2168.48,141.04
1980-05-06,2168.48,142.23
1980-05-07,2168.48,143.58
1980-05-08,2168.48,143.26
1980-05-09,2168.48,143.06
1980-05-12,2168.48,142.96
1980-05-13,2168.48,144.1
1980-05-14,2168.48,145.66
1980-05-15,2168.48,146.62
1980-05-16,2168.48,147.24
1980-05-19,2168.48,147.24
1980-05-20,2168.48,146.93
1980-05-21,2168.48,146.75
1980-05-22,2168.48,147.96
1980-05-23,2168.48,149.48
1980-05-26,2168.48,149.48
1980-05-27,2168.48,150.1
1980-05-28,2168.48,150.7
1980-05-29,2168.48,150.09
1980-05-30,2168.48,150.45
1980-06-02,2168.48,150.17
1980-06-03,2168.48,149.92
1980-06-04,2168.48,151.21
1980-06-05,2168.48,152.21
1980-06-06,2168.48,152.68
1980-06-09,2168.48,153.0
1980-06-10,2168.48,154.15
1980-06-11,2168.48,155.22
1980-06-12,2168.48,155.31
1980-06-13,2168.48,156.59
1980-06-16,2168.48,156.79
1980-06-17,2168.48,156.98
1980-06-18,2168.48,157.19
1980-06-19,2168.48,156.73
1980-06-20,2168.48,156.51
1980-06-23,2168.48,156.99
1980-06-24,2168.48,157.66
1980-06-25,2168.48,158.74
1980-06-26,2168.48,159.0
1980-06-27,2168.48,159.18
1980-06-30,2168.48,157.78
1980-07-01,2168.48,158.17
1980-07-02,2168.48,159.18
1980-07-03,2168.48,160.87
1980-07-04,2168.48,160.87
1980-07-07,2168.48,163.63
1980-07-08,2168.48,163.58
1980-07-09,2168.48,164.09
1980-07-10,2168.48,163.84
1980-07-11,2168.48,164.82
1980-07-14,2168.48,166.52
1980-07-15,2168.48,167.05
1980-07-16,2168.48,167.1
1980-07-17,2168.48,168.67
1980-07-18,2168.48,169.99
1980-07-21,2168.48,170.48
1980-07-22,2168.48,169.79
1980-07-23,2168.48,169.82
1980-07-24,2168.48,169.92
1980-07-25,2168.48,169.63
1980-07-28,2168.48,170.02
1980-07-29,2168.48,171.06
1980-07-30,2168.48,172.33
1980-07-31,2168.48,171.81
1980-08-01,2168.48,172.49
1980-08-04,2168.48,171.89
1980-08-05,2168.48,172.52
1980-08-06,2168.48,173.45
1980-08-07,2168.48,175.24
1980-08-08,2168.48,175.88
1980-08-11,2168.48,177.11
1980-08-12,2168.48,176.62
1980-08-13,2168.48,177.02
1980-08-14,2168.48,178.76
1980-08-15,2168.48,179.89
1980-08-18,2168.48,177.24
1980-08-19,2168.48,176.28
1980-08-20,2168.48,177.68
1980-08-21,2168.48,179.91
1980-08-22,2168.48,181.7
1980-08-25,2168.48,181.58
1980-08-26,2168.48,182.39
1980-08-27,2168.48,182.15
1980-08-28,2168.48,180.99
1980-08-29,2168.48,181.52
1980-09-01,2168.48,181.52
1980-09-02,2168.48,182.34
1980-09-03,2168.48,184.53
1980-09-04,2168.48,185.05
1980-09-05,2168.48,185.61
1980-09-08,2168.48,184.45
1980-09-09,2168.48,184.84
1980-09-10,2168.48,186.31
1980-09-11,2168.48,188.16
1980-09-12,2168.48,189.58
1980-09-15,2168.48,189.59
1980-09-16,2168.48,191.31
1980-09-17,2168.48,193.95
1980-09-18,2168.48,193.61
1980-09-19,2168.48,195.33
1980-09-22,2168.48,195.94
1980-09-23,2168.48,195.05
1980-09-24,2168.48,195.18
1980-09-25,2168.48,194.05
1980-09-26,2168.48,190.77
1980-09-29,2168.48,185.79
1980-09-30,2168.48,187.76
1980-10-01,2168.48,189.62
1980-10-02,2168.48,190.81
1980-10-03,2168.48,193.43
1980-10-06,2168.48,196.01
1980-10-07,2168.48,196.17
1980-10-08,2168.48,197.18
1980-10-09,2168.48,197.53
1980-10-10,2168.48,197.79
1980-10-13,2168.48,198.87
1980-10-14,2168.48,199.02
1980-10-15,2168.48,199.43
1980-10-16,2168.48,197.95
1980-10-17,2168.48,197.24
1980-10-20,2168.48,197.15
1980-10-21,2168.48,196.46
1980-10-22,2168.48,197.9
1980-10-23,2168.48,195.81
1980-10-24,2168.48,196.17
1980-10-27,2168.48,194.35
1980-10-28,2168.48,193.76
1980-10-29,2168.48,194.49
1980-10-30,2168.48,192.51
1980-10-31,2168.48,192.78
1980-11-03,2168.48,193.15
1980-11-04,2168.48,193.15
1980-11-05,2168.48,196.03
1980-11-06,2168.48,193.96
1980-11-07,2168.48,193.51
1980-11-10,2168.48,193.1
1980-11-11,2168.48,195.02
1980-11-12,2168.48,197.78
1980-11-13,2168.48,200.25
1980-11-14,2168.48,201.76
1980-11-17,2168.48,201.59
1980-11-18,2168.48,203.76
1980-11-19,2168.48,205.02
1980-11-20,2168.48,206.5
1980-11-21,2168.48,206.07
1980-11-24,2168.48,204.22
1980-11-25,2168.48,205.41
1980-11-26,2168.48,207.06
1980-11-27,2168.48,207.06
1980-11-28,2168.48,208.15
1980-12-01,2168.48,204.91
1980-12-02,2168.48,203.71
1980-12-03,2168.48,204.9
1980-12-04,2168.48,206.19
1980-12-05,2168.48,203.02
1980-12-08,2168.48,195.87
1980-12-09,2168.48,195.07
1980-12-10,2168.48,193.58
1980-12-11,2168.48,188.75
1980-12-12,2168.48,191.22
1980-12-15,2168.48,194.02
1980-12-16,2168.48,191.88
1980-12-17,2168.48,194.02
1980-12-18,2168.48,196.01
1980-12-19,2168.48,197.91
1980-12-22,2168.48,199.79
1980-12-23,2168.48,199.86
1980-12-24,2168.48,200.14
1980-12-25,2168.48,200.14
1980-12-26,2168.48,201.28
1980-12-29,2168.48,199.84
1980-12-30,2168.48,200.46
1980-12-31,2168.48,202.34
1981-01-01,2168.48,202.34
1981-01-02,2168.48,203.55
1981-01-05,2168.48,204.17
1981-01-06,2168.48,204.07
1981-01-07,2168.48,197.35
1981-01-08,2168.48,195.89
1981-01-09,2168.48,197.66
1981-01-12,2168.48,198.44
1981-01-13,2168.48,198.05
1981-01-14,2168.48,199.08
1981-01-15,2168.48,199.85
1981-01-16,2168.48,197.66
1981-01-19,2168.48,201.58
1981-01-20,2168.48,198.72
1981-01-21,2168.48,198.09
1981-01-22,2168.48,197.12
1981-01-23,2168.48,197.52
1981-01-26,2168.48,196.13
1981-01-27,2168.48,197.18
1981-01-28,2168.48,197.37
1981-01-29,2168.48,197.88
1981-01-30,2168.48,197.81
1981-02-02,2168.48,193.09
1981-02-03,2168.48,193.56
1981-02-04,2168.48,194.57
1981-02-05,2168.48,196.29
1981-02-06,2168.48,197.87
1981-02-09,2168.48,196.93
1981-02-10,2168.48,196.7
1981-02-11,2168.48,195.81
1981-02-12,2168.48,194.61
1981-02-13,2168.48,193.89
1981-02-16,2168.48,193.89
1981-02-17,2168.48,193.98
1981-02-18,2168.48,194.73
1981-02-19,2168.48,192.74
1981-02-20,2168.48,192.29
1981-02-23,2168.48,193.06
1981-02-24,2168.48,193.94
1981-02-25,2168.48,193.99
1981-02-26,2168.48,196.13
1981-02-27,2168.48,198.01
1981-03-02,2168.48,199.06
1981-03-03,2168.48,198.35
1981-03-04,2168.48,198.75
1981-03-05,2168.48,199.05
1981-03-06,2168.48,199.89
1981-03-09,2168.48,200.14
1981-03-10,2168.48,199.03
1981-03-11,2168.48,198.16
1981-03-12,2168.48,200.67
1981-03-13,2168.48,202.17
1981-03-16,2168.48,203.44
1981-03-17,2168.48,203.19
1981-03-18,2168.48,204.0
1981-03-19,2168.48,204.45
1981-03-20,2168.48,206.29
1981-03-23,2168.48,207.62
1981-03-24,2168.48,207.7
1981-03-25,2168.48,209.31
1981-03-26,2168.48,209.53
1981-03-27,2168.48,208.82
1981-03-30,2168.48,209.25
1981-03-31,2168.48,210.18
1981-04-01,2168.48,211.34
1981-04-02,2168.48,211.96
1981-04-03,2168.48,212.65
1981-04-06,2168.48,211.27
1981-04-07,2168.48,211.76
1981-04-08,2168.48,212.8
1981-04-09,2168.48,213.91
1981-04-10,2168.48,215.15
1981-04-13,2168.48,214.33
1981-04-14,2168.48,213.39
1981-04-15,2168.48,212.8
1981-04-16,2168.48,216.64
1981-04-17,2168.48,216.64
1981-04-20,2168.48,217.55
1981-04-21,2168.48,216.73
1981-04-22,2168.48,217.19
1981-04-23,2168.48,218.02
1981-04-24,2168.48,219.56
1981-04-27,2168.48,219.88
1981-04-28,2168.48,217.63
1981-04-29,2168.48,216.22
1981-04-30,2168.48,216.74
1981-05-01,2168.48,216.68
1981-05-04,2168.48,213.32
1981-05-05,2168.48,211.55
1981-05-06,2168.48,211.98
1981-05-07,2168.48,213.66
1981-05-08,2168.48,214.84
1981-05-11,2168.48,212.79
1981-05-12,2168.48,213.12
1981-05-13,2168.48,213.78
1981-05-14,2168.48,215.18
1981-05-15,2168.48,216.51
1981-05-18,2168.48,216.94
1981-05-19,2168.48,216.12
1981-05-20,2168.48,217.63
1981-05-21,2168.48,218.35
1981-05-22,2168.48,219.23
1981-05-25,2168.48,219.23
1981-05-26,2168.48,220.24
1981-05-27,2168.48,222.17
1981-05-28,2168.48,223.31
1981-05-29,2168.48,223.47
1981-06-01,2168.48,223.02
1981-06-02,2168.48,219.59
1981-06-03,2168.48,218.89
1981-06-04,2168.48,219.68
1981-06-05,2168.48,221.3
1981-06-08,2168.48,220.84
1981-06-09,2168.48,220.01
1981-06-10,2168.48,220.4
1981-06-11,2168.48,222.34
1981-06-12,2168.48,222.76
1981-06-15,2168.48,222.96
1981-06-16,2168.48,220.58
1981-06-17,2168.48,220.61
1981-06-18,2168.48,218.71
1981-06-19,2168.48,219.56
1981-06-22,2168.48,218.6
1981-06-23,2168.48,219.23
1981-06-24,2168.48,218.77
1981-06-25,2168.48,219.31
1981-06-26,2168.48,219.76
1981-06-29,2168.48,218.22
1981-06-30,2168.48,215.75
1981-07-01,2168.48,214.63
1981-07-02,2168.48,212.8
1981-07-03,2168.48,212.8
1981-07-06,2168.48,209.1
1981-07-07,2168.48,208.01
1981-07-08,2168.48,208.44
1981-07-09,2168.48,210.03
1981-07-10,2168.48,210.54
1981-07-13,2168.48,210.86
1981-07-14,2168.48,209.88
1981-07-15,2168.48,210.84
1981-07-16,2168.48,212.02
1981-07-17,2168.48,212.76
1981-07-20,2168.48,207.27
1981-07-21,2168.48,207.17
1981-07-22,2168.48,206.16
1981-07-23,2168.48,206.41
1981-07-24,2168.48,208.0
1981-07-27,2168.48,209.42
1981-07-28,2168.48,208.91
1981-07-29,2168.48,208.95
1981-07-30,2168.48,210.03
1981-07-31,2168.48,211.63
1981-08-03,2168.48,210.4
1981-08-04,2168.48,210.09
1981-08-05,2168.48,211.03
1981-08-06,2168.48,211.67
1981-08-07,2168.48,211.94
1981-08-10,2168.48,210.84
1981-08-11,2168.48,211.67
1981-08-12,2168.48,211.95
1981-08-13,2168.48,212.36
1981-08-14,2168.48,212.12
1981-08-17,2168.48,209.65
1981-08-18,2168.48,207.01
1981-08-19,2168.48,207.22
1981-08-20,2168.48,207.97
1981-08-21,2168.48,206.76
1981-08-24,2168.48,200.76
1981-08-25,2168.48,197.78
1981-08-26,2168.48,197.81
1981-08-27,2168.48,196.82
1981-08-28,2168.48,197.55
1981-08-31,2168.48,195.75
1981-09-01,2168.48,195.17
1981-09-02,2168.48,195.39
1981-09-03,2168.48,191.99
1981-09-04,2168.48,189.63
1981-09-07,2168.48,189.63
1981-09-08,2168.48,184.79
1981-09-09,2168.48,184.77
1981-09-10,2168.48,187.55
1981-09-11,2168.48,189.81
1981-09-14,2168.48,189.62
1981-09-15,2168.48,189.56
1981-09-16,2168.48,187.82
1981-09-17,2168.48,185.71
1981-09-18,2168.48,184.27
1981-09-21,2168.48,184.41
1981-09-22,2168.48,183.26
1981-09-23,2168.48,179.99
1981-09-24,2168.48,180.39
1981-09-25,2168.48,175.12
1981-09-28,2168.48,175.03
1981-09-29,2168.48,178.51
1981-09-30,2168.48,180.03
1981-10-01,2168.48,181.09
1981-10-02,2168.48,184.37
1981-10-05,2168.48,185.91
1981-10-06,2168.48,185.87
1981-10-07,2168.48,188.78
1981-10-08,2168.48,191.01
1981-10-09,2168.48,191.27
1981-10-12,2168.48,191.28
1981-10-13,2168.48,191.92
1981-10-14,2168.48,189.43
1981-10-15,2168.48,189.85
1981-10-16,2168.48,190.24
1981-10-19,2168.48,189.77
1981-10-20,2168.48,191.23
1981-10-21,2168.48,192.38
1981-10-22,2168.48,192.43
1981-10-23,2168.48,191.91
1981-10-26,2168.48,191.01
1981-10-27,2168.48,192.61
1981-10-28,2168.48,193.75
1981-10-29,2168.48,193.08
1981-10-30,2168.48,195.24
1981-11-02,2168.48,197.25
1981-11-03,2168.48,198.78
1981-11-04,2168.48,199.73
1981-11-05,2168.48,200.02
1981-11-06,2168.48,199.97
1981-11-09,2168.48,199.92
1981-11-10,2168.48,199.9
1981-11-11,2168.48,200.05
1981-11-12,2168.48,200.99
1981-11-13,2168.48,200.16
1981-11-16,2168.48,197.16
1981-11-17,2168.48,197.68
1981-11-18,2168.48,197.6
1981-11-19,2168.48,197.32
1981-11-20,2168.48,198.6
1981-11-23,2168.48,198.01
1981-11-24,2168.48,199.04
1981-11-25,2168.48,200.01
1981-11-26,2168.48,200.01
1981-11-27,2168.48,201.02
1981-11-30,2168.48,201.37
1981-12-01,2168.48,201.13
1981-12-02,2168.48,200.35
1981-12-03,2168.48,199.9
1981-12-04,2168.48,200.88
1981-12-07,2168.48,199.71
1981-12-08,2168.48,198.13
1981-12-09,2168.48,198.29
1981-12-10,2168.48,198.92
1981-12-11,2168.48,198.64
1981-12-14,2168.48,195.67
1981-12-15,2168.48,195.16
1981-12-16,2168.48,195.09
1981-12-17,2168.48,195.7
1981-12-18,2168.48,197.01
1981-12-21,2168.48,196.37
1981-12-22,2168.48,195.64
1981-12-23,2168.48,195.45
1981-12-24,2168.48,195.7
1981-12-25,2168.48,195.7
1981-12-28,2168.48,195.14
1981-12-29,2168.48,193.91
1981-12-30,2168.48,194.66
1981-12-31,2168.48,195.84
1982-01-01,2168.48,195.84
1982-01-04,2168.48,195.53
1982-01-05,2168.48,192.33
1982-01-06,2168.48,191.15
1982-01-07,2168.48,191.02
1982-01-08,2168.48,192.05
1982-01-11,2168.48,188.8
1982-01-12,2168.48,187.32
1982-01-13,2168.48,185.73
1982-01-14,2168.48,185.89
1982-01-15,2168.48,187.32
1982-01-18,2168.48,187.21
1982-01-19,2168.48,186.16
1982-01-20,2168.48,185.72
1982-01-21,2168.48,186.4
1982-01-22,2168.48,185.83
1982-01-25,2168.48,183.52
1982-01-26,2168.48,183.41
1982-01-27,2168.48,183.57
1982-01-28,2168.48,186.22
1982-01-29,2168.48,188.39
1982-02-01,2168.48,186.82
1982-02-02,2168.48,187.46
1982-02-03,2168.48,187.43
1982-02-04,2168.48,187.14
1982-02-05,2168.48,188.21
1982-02-08,2168.48,184.63
1982-02-09,2168.48,182.51
1982-02-10,2168.48,182.97
1982-02-11,2168.48,182.25
1982-02-12,2168.48,182.52
1982-02-15,2168.48,182.52
1982-02-16,2168.48,180.71
1982-02-17,2168.48,181.25
1982-02-18,2168.48,181.38
1982-02-19,2168.48,180.65
1982-02-22,2168.48,179.07
1982-02-23,2168.48,177.49
1982-02-24,2168.48,178.58
1982-02-25,2168.48,179.44
1982-02-26,2168.48,179.43
1982-03-01,2168.48,180.13
1982-03-02,2168.48,180.14
1982-03-03,2168.48,178.01
1982-03-04,2168.48,176.29
1982-03-05,2168.48,173.97
1982-03-08,2168.48,171.03
1982-03-09,2168.48,169.71
1982-03-10,2168.48,170.42
1982-03-11,2168.48,170.09
1982-03-12,2168.48,168.23
1982-03-15,2168.48,167.92
1982-03-16,2168.48,168.28
1982-03-17,2168.48,168.2
1982-03-18,2168.48,170.13
1982-03-19,2168.48,171.76
1982-03-22,2168.48,173.83
1982-03-23,2168.48,174.95
1982-03-24,2168.48,174.84
1982-03-25,2168.48,175.83
1982-03-26,2168.48,175.2
1982-03-29,2168.48,175.5
1982-03-30,2168.48,175.42
1982-03-31,2168.48,175.65
1982-04-01,2168.48,177.31
1982-04-02,2168.48,178.56
1982-04-05,2168.48,178.21
1982-04-06,2168.48,178.68
1982-04-07,2168.48,179.91
1982-04-08,2168.48,181.15
1982-04-09,2168.48,181.15
1982-04-12,2168.48,180.89
1982-04-13,2168.48,180.76
1982-04-14,2168.48,180.41
1982-04-15,2168.48,181.12
1982-04-16,2168.48,182.25
1982-04-19,2168.48,182.37
1982-04-20,2168.48,181.94
1982-04-21,2168.48,182.32
1982-04-22,2168.48,183.66
1982-04-23,2168.48,184.93
1982-04-26,2168.48,185.8
1982-04-27,2168.48,184.72
1982-04-28,2168.48,184.89
1982-04-29,2168.48,184.15
1982-04-30,2168.48,184.7
1982-05-03,2168.48,184.97
1982-05-04,2168.48,185.95
1982-05-05,2168.48,185.88
1982-05-06,2168.48,187.27
1982-05-07,2168.48,188.13
1982-05-10,2168.48,187.57
1982-05-11,2168.48,188.19
1982-05-12,2168.48,188.06
1982-05-13,2168.48,187.66
1982-05-14,2168.48,188.22
1982-05-17,2168.48,186.9
1982-05-18,2168.48,185.81
1982-05-19,2168.48,183.91
1982-05-20,2168.48,182.72
1982-05-21,2168.48,182.4
1982-05-24,2168.48,181.71
1982-05-25,2168.48,181.12
1982-05-26,2168.48,178.76
1982-05-27,2168.48,178.37
1982-05-28,2168.48,178.54
1982-05-31,2168.48,178.54
1982-06-01,2168.48,177.36
1982-06-02,2168.48,177.82
1982-06-03,2168.48,177.1
1982-06-04,2168.48,174.82
1982-06-07,2168.48,173.87
1982-06-08,2168.48,173.28
1982-06-09,2168.48,170.94
1982-06-10,2168.48,171.37
1982-06-11,2168.48,173.55
1982-06-14,2168.48,172.15
1982-06-15,2168.48,171.19
1982-06-16,2168.48,171.44
1982-06-17,2168.48,169.85
1982-06-18,2168.48,168.5
1982-06-21,2168.48,168.0
1982-06-22,2168.48,169.05
1982-06-23,2168.48,170.86
1982-06-24,2168.48,171.12
1982-06-25,2168.48,170.48
1982-06-28,2168.48,171.07
1982-06-29,2168.48,170.53
1982-06-30,2168.48,171.3
1982-07-01,2168.48,170.6
1982-07-02,2168.48,170.05
1982-07-05,2168.48,170.05
1982-07-06,2168.48,169.22
1982-07-07,2168.48,168.08
1982-07-08,2168.48,166.8
1982-07-09,2168.48,168.07
1982-07-12,2168.48,168.85
1982-07-13,2168.48,169.35
1982-07-14,2168.48,169.21
1982-07-15,2168.48,169.61
1982-07-16,2168.48,170.18
1982-07-19,2168.48,170.09
1982-07-20,2168.48,170.83
1982-07-21,2168.48,171.54
1982-07-22,2168.48,172.06
1982-07-23,2168.48,172.11
1982-07-26,2168.48,171.45
1982-07-27,2168.48,170.71
1982-07-28,2168.48,168.37
1982-07-29,2168.48,167.6
1982-07-30,2168.48,167.35
1982-08-02,2168.48,168.37
1982-08-03,2168.48,167.97
1982-08-04,2168.48,166.56
1982-08-05,2168.48,165.15
1982-08-06,2168.48,163.59
1982-08-09,2168.48,161.38
1982-08-10,2168.48,161.32
1982-08-11,2168.48,160.77
1982-08-12,2168.48,159.84
1982-08-13,2168.48,159.14
1982-08-16,2168.48,159.68
1982-08-17,2168.48,162.28
1982-08-18,2168.48,164.99
1982-08-19,2168.48,164.92
1982-08-20,2168.48,166.96
1982-08-23,2168.48,169.88
1982-08-24,2168.48,172.23
1982-08-25,2168.48,174.93
1982-08-26,2168.48,178.17
1982-08-27,2168.48,177.6
1982-08-30,2168.48,178.98
1982-08-31,2168.48,177.71
1982-09-01,2168.48,177.3
1982-09-02,2168.48,179.59
1982-09-03,2168.48,182.05
1982-09-06,2168.48,182.05
1982-09-07,2168.48,180.88
1982-09-08,2168.48,181.79
1982-09-09,2168.48,182.77
1982-09-10,2168.48,182.47
1982-09-13,2168.48,182.9
1982-09-14,2168.48,184.6
1982-09-15,2168.48,186.31
1982-09-16,2168.48,186.8
1982-09-17,2168.48,186.61
1982-09-20,2168.48,186.0
1982-09-21,2168.48,187.91
1982-09-22,2168.48,188.62
1982-09-23,2168.48,188.15
1982-09-24,2168.48,188.61
1982-09-27,2168.48,188.64
1982-09-28,2168.48,189.04
1982-09-29,2168.48,188.26
1982-09-30,2168.48,187.65
1982-10-01,2168.48,188.7
1982-10-04,2168.48,188.02
1982-10-05,2168.48,188.77
1982-10-06,2168.48,191.98
1982-10-07,2168.48,195.59
1982-10-08,2168.48,198.19
1982-10-11,2168.48,202.31
1982-10-12,2168.48,202.16
1982-10-13,2168.48,205.17
1982-10-14,2168.48,204.85
1982-10-15,2168.48,204.46
1982-10-18,2168.48,206.61
1982-10-19,2168.48,207.48
1982-10-20,2168.48,210.7
1982-10-21,2168.48,214.28
1982-10-22,2168.48,215.29
1982-10-25,2168.48,209.92
1982-10-26,2168.48,209.92
1982-10-27,2168.48,212.2
1982-10-28,2168.48,211.87
1982-10-29,2168.48,212.63
1982-11-01,2168.48,214.52
1982-11-02,2168.48,217.65
1982-11-03,2168.48,222.77
1982-11-04,2168.48,225.01
1982-11-05,2168.48,227.03
1982-11-08,2168.48,226.74
1982-11-09,2168.48,230.19
1982-11-10,2168.48,230.41
1982-11-11,2168.48,231.52
1982-11-12,2168.48,232.61
1982-11-15,2168.48,229.34
1982-11-16,2168.48,224.97
1982-11-17,2168.48,227.75
1982-11-18,2168.48,229.28
1982-11-19,2168.48,229.41
1982-11-22,2168.48,225.79
1982-11-23,2168.48,225.17
1982-11-24,2168.48,226.88
1982-11-25,2168.48,226.88
1982-11-26,2168.48,228.64
1982-11-29,2168.48,228.39
1982-11-30,2168.48,232.31
1982-12-01,2168.48,235.59
1982-12-02,2168.48,236.18
1982-12-03,2168.48,237.16
1982-12-06,2168.48,239.29
1982-12-07,2168.48,240.65
1982-12-08,2168.48,240.7
1982-12-09,2168.48,237.24
1982-12-10,2168.48,233.85
1982-12-13,2168.48,233.33
1982-12-14,2168.48,231.33
1982-12-15,2168.48,225.69
1982-12-16,2168.48,225.6
1982-12-17,2168.48,228.93
1982-12-20,2168.48,227.88
1982-12-21,2168.48,228.52
1982-12-22,2168.48,231.04
1982-12-23,2168.48,232.33
1982-12-24,2168.48,232.33
1982-12-27,2168.48,233.2
1982-12-28,2168.48,232.2
1982-12-29,2168.48,232.27
1982-12-30,2168.48,231.28
1982-12-31,2168.48,232.41
1983-01-03,2168.48,230.59
1983-01-04,2168.48,231.64
1983-01-05,2168.48,232.73
1983-01-06,2168.48,236.61
1983-01-07,2168.48,238.6
1983-01-10,2168.48,240.94
1983-01-11,2168.48,240.85
1983-01-12,2168.48,242.9
1983-01-13,2168.48,243.48
1983-01-14,2168.48,245.63
1983-01-17,2168.48,247.14
1983-01-18,2168.48,246.7
1983-01-19,2168.48,245.2
1983-01-20,2168.48,245.99
1983-01-21,2168.48,243.97
1983-01-24,2168.48,236.73
1983-01-25,2168.48,239.19
1983-01-26,2168.48,241.43
1983-01-27,2168.48,245.44
1983-01-28,2168.48,246.93
1983-01-31,2168.48,248.35
1983-02-01,2168.48,248.15
1983-02-02,2168.48,248.28
1983-02-03,2168.48,249.44
1983-02-04,2168.48,251.65
1983-02-07,2168.48,252.02
1983-02-08,2168.48,251.1
1983-02-09,2168.48,251.38
1983-02-10,2168.48,254.77
1983-02-11,2168.48,256.64
1983-02-14,2168.48,258.67
1983-02-15,2168.48,259.06
1983-02-16,2168.48,259.07
1983-02-17,2168.48,259.0
1983-02-18,2168.48,261.29
1983-02-21,2168.48,261.29
1983-02-22,2168.48,259.18
1983-02-23,2168.48,259.99
1983-02-24,2168.48,262.31
1983-02-25,2168.48,262.44
1983-02-28,2168.48,260.67
1983-03-01,2168.48,261.82
1983-03-02,2168.48,263.4
1983-03-03,2168.48,265.21
1983-03-04,2168.48,265.94
1983-03-07,2168.48,265.39
1983-03-08,2168.48,263.16
1983-03-09,2168.48,265.06
1983-03-10,2168.48,266.08
1983-03-11,2168.48,266.18
1983-03-14,2168.48,264.34
1983-03-15,2168.48,264.25
1983-03-16,2168.48,264.66
1983-03-17,2168.48,264.01
1983-03-18,2168.48,265.01
1983-03-21,2168.48,266.37
1983-03-22,2168.48,267.52
1983-03-23,2168.48,269.26
1983-03-24,2168.48,270.37
1983-03-25,2168.48,270.89
1983-03-28,2168.48,269.15
1983-03-29,2168.48,268.77
1983-03-30,2168.48,270.76
1983-03-31,2168.48,270.8
1983-04-01,2168.48,270.8
1983-04-04,2168.48,268.73
1983-04-05,2168.48,268.83
1983-04-06,2168.48,266.47
1983-04-07,2168.48,266.74
1983-04-08,2168.48,268.1
1983-04-11,2168.48,270.81
1983-04-12,2168.48,272.73
1983-04-13,2168.48,275.93
1983-04-14,2168.48,278.81
1983-04-15,2168.48,281.6
1983-04-18,2168.48,282.23
1983-04-19,2168.48,281.86
1983-04-20,2168.48,284.81
1983-04-21,2168.48,286.84
1983-04-22,2168.48,288.55
1983-04-25,2168.48,286.58
1983-04-26,2168.48,288.11
1983-04-27,2168.48,288.93
1983-04-28,2168.48,290.84
1983-04-29,2168.48,293.06
1983-05-02,2168.48,290.54
1983-05-03,2168.48,289.65
1983-05-04,2168.48,293.21
1983-05-05,2168.48,297.32
1983-05-06,2168.48,301.64
1983-05-09,2168.48,302.65
1983-05-10,2168.48,304.34
1983-05-11,2168.48,302.89
1983-05-12,2168.48,302.15
1983-05-13,2168.48,303.75
1983-05-16,2168.48,299.6
1983-05-17,2168.48,301.02
1983-05-18,2168.48,303.51
1983-05-19,2168.48,302.82
1983-05-20,2168.48,303.56
1983-05-23,2168.48,303.86
1983-05-24,2168.48,307.36
1983-05-25,2168.48,309.16
1983-05-26,2168.48,311.39
1983-05-27,2168.48,312.05
1983-05-30,2168.48,312.05
1983-05-31,2168.48,308.73
1983-06-01,2168.48,307.95
1983-06-02,2168.48,310.45
1983-06-03,2168.48,313.85
1983-06-06,2168.48,315.48
1983-06-07,2168.48,314.17
1983-06-08,2168.48,312.49
1983-06-09,2168.48,312.74
1983-06-10,2168.48,315.24
1983-06-13,2168.48,318.05
1983-06-14,2168.48,320.04
1983-06-15,2168.48,322.04
1983-06-16,2168.48,326.5
1983-06-17,2168.48,326.11
1983-06-20,2168.48,324.63
1983-06-21,2168.48,325.96
1983-06-22,2168.48,328.19
1983-06-23,2168.48,327.73
1983-06-24,2168.48,328.91
1983-06-27,2168.48,324.34
1983-06-28,2168.48,315.87
1983-06-29,2168.48,316.24
1983-06-30,2168.48,318.7
1983-07-01,2168.48,321.58
1983-07-04,2168.48,321.58
1983-07-05,2168.48,317.15
1983-07-06,2168.48,316.24
1983-07-07,2168.48,320.03
1983-07-08,2168.48,319.57
1983-07-11,2168.48,320.88
1983-07-12,2168.48,316.93
1983-07-13,2168.48,314.59
1983-07-14,2168.48,315.49
1983-07-15,2168.48,312.87
1983-07-18,2168.48,310.29
1983-07-19,2168.48,311.17
1983-07-20,2168.48,316.76
1983-07-21,2168.48,319.29
1983-07-22,2168.48,320.71
1983-07-25,2168.48,320.48
1983-07-26,2168.48,320.38
1983-07-27,2168.48,315.04
1983-07-28,2168.48,308.47
1983-07-29,2168.48,303.96
1983-08-01,2168.48,302.08
1983-08-02,2168.48,303.18
1983-08-03,2168.48,303.86
1983-08-04,2168.48,299.7
1983-08-05,2168.48,300.2
1983-08-08,2168.48,294.93
1983-08-09,2168.48,294.26
1983-08-10,2168.48,296.65
1983-08-11,2168.48,297.56
1983-08-12,2168.48,299.58
1983-08-15,2168.48,301.77
1983-08-16,2168.48,299.85
1983-08-17,2168.48,300.84
1983-08-18,2168.48,299.78
1983-08-19,2168.48,299.1
1983-08-22,2168.48,298.76
1983-08-23,2168.48,293.66
1983-08-24,2168.48,290.86
1983-08-25,2168.48,289.53
1983-08-26,2168.48,290.31
1983-08-29,2168.48,289.36
1983-08-30,2168.48,289.86
1983-08-31,2168.48,292.42
1983-09-01,2168.48,294.55
1983-09-02,2168.48,297.85
1983-09-05,2168.48,297.85
1983-09-06,2168.48,301.23
1983-09-07,2168.48,300.76
1983-09-08,2168.48,301.79
1983-09-09,2168.48,302.23
1983-09-12,2168.48,300.76
1983-09-13,2168.48,297.93
1983-09-14,2168.48,298.34
1983-09-15,2168.48,297.19
1983-09-16,2168.48,298.27
1983-09-19,2168.48,301.83
1983-09-20,2168.48,303.36
1983-09-21,2168.48,303.26
1983-09-22,2168.48,304.56
1983-09-23,2168.48,303.61
1983-09-26,2168.48,303.77
1983-09-27,2168.48,300.78
1983-09-28,2168.48,299.76
1983-09-29,2168.48,299.29
1983-09-30,2168.48,296.65
1983-10-03,2168.48,294.64
1983-10-04,2168.48,294.81
1983-10-05,2168.48,294.57
1983-10-06,2168.48,295.78
1983-10-07,2168.48,297.36
1983-10-10,2168.48,297.42
1983-10-11,2168.48,295.41
1983-10-12,2168.48,291.59
1983-10-13,2168.48,290.44
1983-10-14,2168.48,290.04
1983-10-17,2168.48,289.69
1983-10-18,2168.48,283.62
1983-10-19,2168.48,283.62
1983-10-20,2168.48,281.25
1983-10-21,2168.48,279.49
1983-10-24,2168.48,276.81
1983-10-25,2168.48,278.6
1983-10-26,2168.48,277.85
1983-10-27,2168.48,277.5
1983-10-28,2168.48,276.14
1983-10-31,2168.48,274.55
1983-11-01,2168.48,273.04
1983-11-02,2168.48,275.18
1983-11-03,2168.48,274.26
1983-11-04,2168.48,273.17
1983-11-07,2168.48,271.12
1983-11-08,2168.48,269.57
1983-11-09,2168.48,271.0
1983-11-10,2168.48,273.08
1983-11-11,2168.48,277.13
1983-11-14,2168.48,279.51
1983-11-15,2168.48,278.92
1983-11-16,2168.48,279.94
1983-11-17,2168.48,281.26
1983-11-18,2168.48,281.28
1983-11-21,2168.48,283.05
1983-11-22,2168.48,284.55
1983-11-23,2168.48,284.69
1983-11-24,2168.48,284.69
1983-11-25,2168.48,285.49
1983-11-28,2168.48,284.47
1983-11-29,2168.48,285.62
1983-11-30,2168.48,285.67
1983-12-01,2168.48,286.07
1983-12-02,2168.48,283.91
1983-12-05,2168.48,282.49
1983-12-06,2168.48,282.05
1983-12-07,2168.48,282.15
1983-12-08,2168.48,280.57
1983-12-09,2168.48,280.51
1983-12-12,2168.48,279.94
1983-12-13,2168.48,278.92
1983-12-14,2168.48,276.42
1983-12-15,2168.48,275.35
1983-12-16,2168.48,276.01
1983-12-19,2168.48,275.58
1983-12-20,2168.48,274.51
1983-12-21,2168.48,275.63
1983-12-22,2168.48,276.21
1983-12-23,2168.48,276.54
1983-12-26,2168.48,276.54
1983-12-27,2168.48,276.68
1983-12-28,2168.48,276.57
1983-12-29,2168.48,277.06
1983-12-30,2168.48,278.6
1984-01-02,2168.48,278.6
1984-01-03,2168.48,277.63
1984-01-04,2168.48,280.97
1984-01-05,2168.48,284.45
1984-01-06,2168.48,287.9
1984-01-09,2168.48,287.27
1984-01-10,2168.48,287.63
1984-01-11,2168.48,287.68
1984-01-12,2168.48,287.63
1984-01-13,2168.48,286.85
1984-01-16,2168.48,286.29
1984-01-17,2168.48,286.86
1984-01-18,2168.48,287.21
1984-01-19,2168.48,286.49
1984-01-20,2168.48,284.41
1984-01-23,2168.48,280.2
1984-01-24,2168.48,278.82
1984-01-25,2168.48,277.35
1984-01-26,2168.48,275.61
1984-01-27,2168.48,273.18
1984-01-30,2168.48,269.23
1984-01-31,2168.48,268.43
1984-02-01,2168.48,266.43
1984-02-02,2168.48,266.16
1984-02-03,2168.48,264.01
1984-02-06,2168.48,258.64
1984-02-07,2168.48,257.81
1984-02-08,2168.48,253.96
1984-02-09,2168.48,251.69
1984-02-10,2168.48,254.04
1984-02-13,2168.48,250.57
1984-02-14,2168.48,252.43
1984-02-15,2168.48,252.73
1984-02-16,2168.48,251.84
1984-02-17,2168.48,251.33
1984-02-20,2168.48,251.33
1984-02-21,2168.48,249.96
1984-02-22,2168.48,249.16
1984-02-23,2168.48,247.09
1984-02-24,2168.48,251.44
1984-02-27,2168.48,254.32
1984-02-28,2168.48,251.55
1984-02-29,2168.48,252.57
1984-03-01,2168.48,253.5
1984-03-02,2168.48,255.54
1984-03-05,2168.48,253.86
1984-03-06,2168.48,252.24
1984-03-07,2168.48,249.16
1984-03-08,2168.48,249.66
1984-03-09,2168.48,249.01
1984-03-12,2168.48,249.74
1984-03-13,2168.48,250.67
1984-03-14,2168.48,250.25
1984-03-15,2168.48,251.05
1984-03-16,2168.48,253.37
1984-03-19,2168.48,251.65
1984-03-20,2168.48,252.74
1984-03-21,2168.48,252.49
1984-03-22,2168.48,250.77
1984-03-23,2168.48,249.98
1984-03-26,2168.48,249.3
1984-03-27,2168.48,249.1
1984-03-28,2168.48,251.01
1984-03-29,2168.48,251.63
1984-03-30,2168.48,250.78
1984-04-02,2168.48,249.8
1984-04-03,2168.48,248.88
1984-04-04,2168.48,248.51
1984-04-05,2168.48,245.74
1984-04-06,2168.48,243.94
1984-04-09,2168.48,242.84
1984-04-10,2168.48,243.45
1984-04-11,2168.48,241.79
1984-04-12,2168.48,242.56
1984-04-13,2168.48,244.01
1984-04-16,2168.48,243.88
1984-04-17,2168.48,245.59
1984-04-18,2168.48,245.48
1984-04-19,2168.48,245.51
1984-04-20,2168.48,245.51
1984-04-23,2168.48,243.93
1984-04-24,2168.48,244.06
1984-04-25,2168.48,243.9
1984-04-26,2168.48,245.93
1984-04-27,2168.48,246.9
1984-04-30,2168.48,247.44
1984-05-01,2168.48,250.26
1984-05-02,2168.48,253.01
1984-05-03,2168.48,252.55
1984-05-04,2168.48,250.89
1984-05-07,2168.48,251.35
1984-05-08,2168.48,252.42
1984-05-09,2168.48,252.6
1984-05-10,2168.48,252.91
1984-05-11,2168.48,250.57
1984-05-14,2168.48,248.87
1984-05-15,2168.48,249.0
1984-05-16,2168.48,248.68
1984-05-17,2168.48,246.12
1984-05-18,2168.48,244.61
1984-05-21,2168.48,243.15
1984-05-22,2168.48,240.8
1984-05-23,2168.48,239.58
1984-05-24,2168.48,235.39
1984-05-25,2168.48,235.23
1984-05-28,2168.48,235.23
1984-05-29,2168.48,232.61
1984-05-30,2168.48,231.93
1984-05-31,2168.48,232.82
1984-06-01,2168.48,235.9
1984-06-04,2168.48,238.75
1984-06-05,2168.48,238.43
1984-06-06,2168.48,239.49
1984-06-07,2168.48,239.89
1984-06-08,2168.48,240.35
1984-06-11,2168.48,238.12
1984-06-12,2168.48,237.04
1984-06-13,2168.48,237.78
1984-06-14,2168.48,235.62
1984-06-15,2168.48,235.64
1984-06-18,2168.48,236.82
1984-06-19,2168.48,237.87
1984-06-20,2168.48,238.35
1984-06-21,2168.48,239.75
1984-06-22,2168.48,241.11
1984-06-25,2168.48,240.85
1984-06-26,2168.48,237.87
1984-06-27,2168.48,238.35
1984-06-28,2168.48,239.75
1984-06-29,2168.48,241.11
1984-07-02,2168.48,237.91
1984-07-03,2168.48,238.29
1984-07-04,2168.48,238.29
1984-07-05,2168.48,237.83
1984-07-06,2168.48,236.72
1984-07-09,2168.48,236.99
1984-07-10,2168.48,236.25
1984-07-11,2168.48,234.82
1984-07-12,2168.48,234.22
1984-07-13,2168.48,234.67
1984-07-16,2168.48,233.69
1984-07-17,2168.48,233.5
1984-07-18,2168.48,232.23
1984-07-19,2168.48,230.89
1984-07-20,2168.48,229.37
1984-07-23,2168.48,227.06
1984-07-24,2168.48,225.73
1984-07-25,2168.48,225.3
1984-07-26,2168.48,227.06
1984-07-27,2168.48,229.3
1984-07-30,2168.48,228.95
1984-07-31,2168.48,229.7
1984-08-01,2168.48,233.35
1984-08-02,2168.48,238.87
1984-08-03,2168.48,246.24
1984-08-06,2168.48,249.27
1984-08-07,2168.48,249.09
1984-08-08,2168.48,248.02
1984-08-09,2168.48,250.33
1984-08-10,2168.48,252.43
1984-08-13,2168.48,251.35
1984-08-14,2168.48,250.63
1984-08-15,2168.48,249.7
1984-08-16,2168.48,250.33
1984-08-17,2168.48,250.37
1984-08-20,2168.48,250.22
1984-08-21,2168.48,253.33
1984-08-22,2168.48,253.86
1984-08-23,2168.48,254.12
1984-08-24,2168.48,254.78
1984-08-27,2168.48,253.29
1984-08-28,2168.48,254.37
1984-08-29,2168.48,254.81
1984-08-30,2168.48,254.56
1984-08-31,2168.48,254.64
1984-09-03,2168.48,254.64
1984-09-04,2168.48,251.39
1984-09-05,2168.48,250.61
1984-09-06,2168.48,252.22
1984-09-07,2168.48,251.68
1984-09-10,2168.48,250.53
1984-09-11,2168.48,251.8
1984-09-12,2168.48,251.45
1984-09-13,2168.48,253.34
1984-09-14,2168.48,255.6
1984-09-17,2168.48,255.39
1984-09-18,2168.48,253.99
1984-09-19,2168.48,253.01
1984-09-20,2168.48,253.13
1984-09-21,2168.48,252.68
1984-09-24,2168.48,250.8
1984-09-25,2168.48,250.01
1984-09-26,2168.48,250.23
1984-09-27,2168.48,250.29
1984-09-28,2168.48,249.94
1984-10-01,2168.48,247.86
1984-10-02,2168.48,246.1
1984-10-03,2168.48,244.81
1984-10-04,2168.48,245.2
1984-10-05,2168.48,245.46
1984-10-08,2168.48,244.56
1984-10-09,2168.48,244.09
1984-10-10,2168.48,243.29
1984-10-11,2168.48,244.73
1984-10-12,2168.48,246.11
1984-10-15,2168.48,247.67
1984-10-16,2168.48,247.27
1984-10-17,2168.48,247.09
1984-10-18,2168.48,249.76
1984-10-19,2168.48,251.18
1984-10-22,2168.48,250.56
1984-10-23,2168.48,250.61
1984-10-24,2168.48,250.83
1984-10-25,2168.48,249.0
1984-10-26,2168.48,247.38
1984-10-29,2168.48,246.5
1984-10-30,2168.48,247.45
1984-10-31,2168.48,247.03
1984-11-01,2168.48,247.97
1984-11-02,2168.48,247.92
1984-11-05,2168.48,248.41
1984-11-06,2168.48,250.54
1984-11-07,2168.48,249.75
1984-11-08,2168.48,249.5
1984-11-09,2168.48,249.5
1984-11-12,2168.48,249.26
1984-11-13,2168.48,247.84
1984-11-14,2168.48,246.98
1984-11-15,2168.48,246.01
1984-11-16,2168.48,245.12
1984-11-19,2168.48,242.88
1984-11-20,2168.48,243.04
1984-11-21,2168.48,243.01
1984-11-22,2168.48,243.01
1984-11-23,2168.48,245.45
1984-11-26,2168.48,244.9
1984-11-27,2168.48,245.41
1984-11-28,2168.48,245.04
1984-11-29,2168.48,243.3
1984-11-30,2168.48,242.53
1984-12-03,2168.48,240.9
1984-12-04,2168.48,240.96
1984-12-05,2168.48,238.78
1984-12-06,2168.48,239.07
1984-12-07,2168.48,238.94
1984-12-10,2168.48,238.5
1984-12-11,2168.48,238.79
1984-12-12,2168.48,238.67
1984-12-13,2168.48,238.08
1984-12-14,2168.48,239.04
1984-12-17,2168.48,238.46
1984-12-18,2168.48,243.44
1984-12-19,2168.48,244.88
1984-12-20,2168.48,244.49
1984-12-21,2168.48,244.28
1984-12-24,2168.48,245.82
1984-12-25,2168.48,245.82
1984-12-26,2168.48,246.06
1984-12-27,2168.48,245.65
1984-12-28,2168.48,246.08
1984-12-31,2168.48,247.35
1985-01-01,2168.48,247.35
1985-01-02,2168.48,245.91
1985-01-03,2168.48,246.41
1985-01-04,2168.48,246.19
1985-01-07,2168.48,246.04
1985-01-08,2168.48,246.0
1985-01-09,2168.48,247.34
1985-01-10,2168.48,249.46
1985-01-11,2168.48,252.16
1985-01-14,2168.48,255.46
1985-01-15,2168.48,257.78
1985-01-16,2168.48,260.24
1985-01-17,2168.48,261.16
1985-01-18,2168.48,263.05
1985-01-21,2168.48,266.41
1985-01-22,2168.48,268.42
1985-01-23,2168.48,270.72
1985-01-24,2168.48,272.34
1985-01-25,2168.48,274.0
1985-01-28,2168.48,275.03
1985-01-29,2168.48,276.17
1985-01-30,2168.48,278.58
1985-01-31,2168.48,278.7
1985-02-01,2168.48,278.43
1985-02-04,2168.48,280.77
1985-02-05,2168.48,282.72
1985-02-06,2168.48,284.46
1985-02-07,2168.48,287.2
1985-02-08,2168.48,288.35
1985-02-11,2168.48,287.43
1985-02-12,2168.48,286.57
1985-02-13,2168.48,288.32
1985-02-14,2168.48,288.35
1985-02-15,2168.48,287.72
1985-02-18,2168.48,287.72
1985-02-19,2168.48,286.91
1985-02-20,2168.48,287.27
1985-02-21,2168.48,286.99
1985-02-22,2168.48,286.18
1985-02-25,2168.48,283.95
1985-02-26,2168.48,285.0
1985-02-27,2168.48,284.11
1985-02-28,2168.48,284.17
1985-03-01,2168.48,287.16
1985-03-04,2168.48,287.06
1985-03-05,2168.48,287.1
1985-03-06,2168.48,285.45
1985-03-07,2168.48,283.19
1985-03-08,2168.48,282.37
1985-03-11,2168.48,281.2
1985-03-12,2168.48,281.42
1985-03-13,2168.48,278.21
1985-03-14,2168.48,277.46
1985-03-15,2168.48,277.97
1985-03-18,2168.48,277.14
1985-03-19,2168.48,286.91
1985-03-20,2168.48,278.78
1985-03-21,2168.48,279.03
1985-03-22,2168.48,278.91
1985-03-25,2168.48,276.26
1985-03-26,2168.48,276.18
1985-03-27,2168.48,277.56
1985-03-28,2168.48,278.17
1985-03-29,2168.48,279.2
1985-04-01,2168.48,280.32
1985-04-02,2168.48,279.74
1985-04-03,2168.48,277.86
1985-04-04,2168.48,277.44
1985-04-05,2168.48,277.44
1985-04-08,2168.48,276.45
1985-04-09,2168.48,276.63
1985-04-10,2168.48,278.76
1985-04-11,2168.48,280.12
1985-04-12,2168.48,280.63
1985-04-15,2168.48,281.07
1985-04-16,2168.48,282.28
1985-04-17,2168.48,283.33
1985-04-18,2168.48,283.11
1985-04-19,2168.48,282.81
1985-04-22,2168.48,281.82
1985-04-23,2168.48,282.57
1985-04-24,2168.48,283.07
1985-04-25,2168.48,283.97
1985-04-26,2168.48,284.14
1985-04-29,2168.48,282.11
1985-04-30,2168.48,280.56
1985-05-01,2168.48,279.63
1985-05-02,2168.48,279.01
1985-05-03,2168.48,280.31
1985-05-06,2168.48,279.85
1985-05-07,2168.48,280.89
1985-05-08,2168.48,281.07
1985-05-09,2168.48,283.27
1985-05-10,2168.48,287.46
1985-05-13,2168.48,288.14
1985-05-14,2168.48,287.72
1985-05-15,2168.48,288.33
1985-05-16,2168.48,289.75
1985-05-17,2168.48,291.7
1985-05-20,2168.48,294.48
1985-05-21,2168.48,293.94
1985-05-22,2168.48,293.03
1985-05-23,2168.48,291.15
1985-05-24,2168.48,292.14
1985-05-27,2168.48,292.14
1985-05-28,2168.48,290.88
1985-05-29,2168.48,290.64
1985-05-30,2168.48,289.94
1985-05-31,2168.48,290.8
1985-06-03,2168.48,290.59
1985-06-04,2168.48,290.99
1985-06-05,2168.48,291.77
1985-06-06,2168.48,291.85
1985-06-07,2168.48,291.03
1985-06-10,2168.48,290.7
1985-06-11,2168.48,290.54
1985-06-12,2168.48,289.66
1985-06-13,2168.48,286.93
1985-06-14,2168.48,287.95
1985-06-17,2168.48,287.38
1985-06-18,2168.48,287.92
1985-06-19,2168.48,288.15
1985-06-20,2168.48,287.37
1985-06-21,2168.48,288.71
1985-06-24,2168.48,289.97
1985-06-25,2168.48,292.3
1985-06-26,2168.48,293.4
1985-06-27,2168.48,295.34
1985-06-28,2168.48,296.2
1985-07-01,2168.48,296.48
1985-07-02,2168.48,296.91
1985-07-03,2168.48,297.33
1985-07-04,2168.48,297.33
1985-07-05,2168.48,298.58
1985-07-08,2168.48,297.8
1985-07-09,2168.48,297.15
1985-07-10,2168.48,298.51
1985-07-11,2168.48,300.52
1985-07-12,2168.48,302.39
1985-07-15,2168.48,303.04
1985-07-16,2168.48,305.17
1985-07-17,2168.48,307.77
1985-07-18,2168.48,306.88
1985-07-19,2168.48,307.76
1985-07-22,2168.48,306.83
1985-07-23,2168.48,306.23
1985-07-24,2168.48,303.71
1985-07-25,2168.48,304.44
1985-07-26,2168.48,304.62
1985-07-29,2168.48,300.94
1985-07-30,2168.48,300.59
1985-07-31,2168.48,301.29
1985-08-01,2168.48,304.01
1985-08-02,2168.48,304.53
1985-08-05,2168.48,302.14
1985-08-06,2168.48,300.21
1985-08-07,2168.48,298.2
1985-08-08,2168.48,298.72
1985-08-09,2168.48,299.14
1985-08-12,2168.48,298.31
1985-08-13,2168.48,297.02
1985-08-14,2168.48,297.64
1985-08-15,2168.48,297.61
1985-08-16,2168.48,296.46
1985-08-19,2168.48,295.63
1985-08-20,2168.48,296.36
1985-08-21,2168.48,297.65
1985-08-22,2168.48,296.85
1985-08-23,2168.48,296.68
1985-08-26,2168.48,296.29
1985-08-27,2168.48,295.98
1985-08-28,2168.48,296.99
1985-08-29,2168.48,297.31
1985-08-30,2168.48,297.71
1985-09-02,2168.48,297.71
1985-09-03,2168.48,296.56
1985-09-04,2168.48,295.58
1985-09-05,2168.48,295.28
1985-09-06,2168.48,296.19
1985-09-09,2168.48,296.06
1985-09-10,2168.48,294.5
1985-09-11,2168.48,291.43
1985-09-12,2168.48,289.93
1985-09-13,2168.48,287.21
1985-09-16,2168.48,285.38
1985-09-17,2168.48,281.07
1985-09-18,2168.48,281.04
1985-09-19,2168.48,283.59
1985-09-20,2168.48,284.35
1985-09-23,2168.48,286.09
1985-09-24,2168.48,284.12
1985-09-25,2168.48,281.82
1985-09-26,2168.48,280.2
1985-09-27,2168.48,280.2
1985-09-30,2168.48,280.33
1985-10-01,2168.48,281.77
1985-10-02,2168.48,281.15
1985-10-03,2168.48,281.41
1985-10-04,2168.48,280.46
1985-10-07,2168.48,278.3
1985-10-08,2168.48,276.95
1985-10-09,2168.48,278.28
1985-10-10,2168.48,279.41
1985-10-11,2168.48,281.75
1985-10-14,2168.48,284.25
1985-10-15,2168.48,284.97
1985-10-16,2168.48,286.68
1985-10-17,2168.48,288.25
1985-10-18,2168.48,288.38
1985-10-21,2168.48,287.71
1985-10-22,2168.48,288.54
1985-10-23,2168.48,289.81
1985-10-24,2168.48,290.58
1985-10-25,2168.48,289.49
1985-10-28,2168.48,289.18
1985-10-29,2168.48,291.12
1985-10-30,2168.48,292.26
1985-10-31,2168.48,292.54
1985-11-01,2168.48,294.11
1985-11-04,2168.48,294.23
1985-11-05,2168.48,295.25
1985-11-06,2168.48,296.74
1985-11-07,2168.48,297.47
1985-11-08,2168.48,300.02
1985-11-11,2168.48,302.31
1985-11-12,2168.48,304.41
1985-11-13,2168.48,303.85
1985-11-14,2168.48,305.21
1985-11-15,2168.48,306.17
1985-11-18,2168.48,306.1
1985-11-19,2168.48,306.85
1985-11-20,2168.48,307.01
1985-11-21,2168.48,309.27
1985-11-22,2168.48,310.8
1985-11-25,2168.48,309.79
1985-11-26,2168.48,310.5
1985-11-27,2168.48,313.01
1985-11-28,2168.48,313.01
1985-11-29,2168.48,313.95
1985-12-02,2168.48,312.95
1985-12-03,2168.48,313.14
1985-12-04,2168.48,316.68
1985-12-05,2168.48,318.19
1985-12-06,2168.48,316.59
1985-12-09,2168.48,316.88
1985-12-10,2168.48,317.29
1985-12-11,2168.48,318.86
1985-12-12,2168.48,320.58
1985-12-13,2168.48,323.99
1985-12-16,2168.48,325.16
1985-12-17,2168.48,323.25
1985-12-18,2168.48,322.48
1985-12-19,2168.48,322.67
1985-12-20,2168.48,323.12
1985-12-23,2168.48,321.58
1985-12-24,2168.48,320.37
1985-12-25,2168.48,320.37
1985-12-26,2168.48,320.29
1985-12-27,2168.48,322.75
1985-12-30,2168.48,323.13
1985-12-31,2168.48,324.93
1986-01-01,2168.48,324.93
1986-01-02,2168.48,324.99
1986-01-03,2168.48,325.72
1986-01-06,2168.48,325.99
1986-01-07,2168.48,329.74
1986-01-08,2168.48,328.09
1986-01-09,2168.48,323.01
1986-01-10,2168.48,324.14
1986-01-13,2168.48,324.19
1986-01-14,2168.48,324.79
1986-01-15,2168.48,328.19
1986-01-16,2168.48,330.01
1986-01-17,2168.48,330.72
1986-01-20,2168.48,329.51
1986-01-21,2168.48,328.52
1986-01-22,2168.48,326.76
1986-01-23,2168.48,326.69
1986-01-24,2168.48,328.85
1986-01-27,2168.48,330.1
1986-01-28,2168.48,332.64
1986-01-29,2168.48,334.72
1986-01-30,2168.48,334.32
1986-01-31,2168.48,335.77
1986-02-03,2168.48,337.5
1986-02-04,2168.48,337.88
1986-02-05,2168.48,338.85
1986-02-06,2168.48,340.76
1986-02-07,2168.48,342.2
1986-02-10,2168.48,344.04
1986-02-11,2168.48,344.91
1986-02-12,2168.48,346.27
1986-02-13,2168.48,347.88
1986-02-14,2168.48,350.21
1986-02-17,2168.48,350.21
1986-02-18,2168.48,352.36
1986-02-19,2168.48,352.09
1986-02-20,2168.48,353.11
1986-02-21,2168.48,355.65
1986-02-24,2168.48,355.49
1986-02-25,2168.48,354.88
1986-02-26,2168.48,355.27
1986-02-27,2168.48,358.06
1986-02-28,2168.48,359.53
1986-03-03,2168.48,359.78
1986-03-04,2168.48,361.01
1986-03-05,2168.48,359.84
1986-03-06,2168.48,361.5
1986-03-07,2168.48,362.24
1986-03-10,2168.48,363.93
1986-03-11,2168.48,367.36
1986-03-12,2168.48,369.69
1986-03-13,2168.48,370.35
1986-03-14,2168.48,371.83
1986-03-17,2168.48,370.01
1986-03-18,2168.48,371.52
1986-03-19,2168.48,371.69
1986-03-20,2168.48,372.71
1986-03-21,2168.48,372.59
1986-03-24,2168.48,370.67
1986-03-25,2168.48,369.28
1986-03-26,2168.48,370.6
1986-03-27,2168.48,373.31
1986-03-28,2168.48,373.31
1986-03-31,2168.48,374.72
1986-04-01,2168.48,374.15
1986-04-02,2168.48,374.13
1986-04-03,2168.48,374.51
1986-04-04,2168.48,372.23
1986-04-07,2168.48,369.07
1986-04-08,2168.48,373.09
1986-04-09,2168.48,374.16
1986-04-10,2168.48,377.17
1986-04-11,2168.48,378.91
1986-04-14,2168.48,380.84
1986-04-15,2168.48,381.71
1986-04-16,2168.48,387.64
1986-04-17,2168.48,389.96
1986-04-18,2168.48,390.06
1986-04-21,2168.48,391.04
1986-04-22,2168.48,390.48
1986-04-23,2168.48,389.05
1986-04-24,2168.48,391.52
1986-04-25,2168.48,392.34
1986-04-28,2168.48,391.43
1986-04-29,2168.48,389.18
1986-04-30,2168.48,383.24
1986-05-01,2168.48,381.67
1986-05-02,2168.48,383.18
1986-05-05,2168.48,386.0
1986-05-06,2168.48,386.28
1986-05-07,2168.48,385.33
1986-05-08,2168.48,387.4
1986-05-09,2168.48,389.1
1986-05-12,2168.48,388.07
1986-05-13,2168.48,386.66
1986-05-14,2168.48,387.34
1986-05-15,2168.48,385.75
1986-05-16,2168.48,384.67
1986-05-19,2168.48,383.74
1986-05-20,2168.48,385.28
1986-05-21,2168.48,386.05
1986-05-22,2168.48,389.62
1986-05-23,2168.48,391.91
1986-05-26,2168.48,391.91
1986-05-27,2168.48,394.89
1986-05-28,2168.48,397.16
1986-05-29,2168.48,397.97
1986-05-30,2168.48,400.16
1986-06-02,2168.48,399.35
1986-06-03,2168.48,399.48
1986-06-04,2168.48,399.05
1986-06-05,2168.48,400.03
1986-06-06,2168.48,400.25
1986-06-09,2168.48,394.73
1986-06-10,2168.48,392.83
1986-06-11,2168.48,395.44
1986-06-12,2168.48,396.53
1986-06-13,2168.48,399.59
1986-06-16,2168.48,398.54
1986-06-17,2168.48,396.28
1986-06-18,2168.48,395.24
1986-06-19,2168.48,396.4
1986-06-20,2168.48,396.88
1986-06-23,2168.48,396.83
1986-06-24,2168.48,398.92
1986-06-25,2168.48,402.22
1986-06-26,2168.48,402.87
1986-06-27,2168.48,403.53
1986-06-30,2168.48,405.51
1986-07-01,2168.48,407.61
1986-07-02,2168.48,409.48
1986-07-03,2168.48,411.16
1986-07-04,2168.48,411.16
1986-07-07,2168.48,400.96
1986-07-08,2168.48,390.65
1986-07-09,2168.48,393.39
1986-07-10,2168.48,392.03
1986-07-11,2168.48,391.55
1986-07-14,2168.48,384.8
1986-07-15,2168.48,378.7
1986-07-16,2168.48,379.73
1986-07-17,2168.48,381.59
1986-07-18,2168.48,381.07
1986-07-21,2168.48,379.46
1986-07-22,2168.48,379.87
1986-07-23,2168.48,379.85
1986-07-24,2168.48,378.74
1986-07-25,2168.48,379.83
1986-07-28,2168.48,374.78
1986-07-29,2168.48,372.03
1986-07-30,2168.48,370.83
1986-07-31,2168.48,371.37
1986-08-01,2168.48,370.66
1986-08-04,2168.48,366.66
1986-08-05,2168.48,366.75
1986-08-06,2168.48,364.73
1986-08-07,2168.48,365.05
1986-08-08,2168.48,365.87
1986-08-11,2168.48,369.94
1986-08-12,2168.48,373.29
1986-08-13,2168.48,376.92
1986-08-14,2168.48,379.52
1986-08-15,2168.48,380.18
1986-08-18,2168.48,379.27
1986-08-19,2168.48,378.82
1986-08-20,2168.48,380.93
1986-08-21,2168.48,381.15
1986-08-22,2168.48,381.52
1986-08-25,2168.48,379.26
1986-08-26,2168.48,380.49
1986-08-27,2168.48,381.69
1986-08-28,2168.48,382.4
1986-08-29,2168.48,382.86
1986-09-01,2168.48,382.86
1986-09-02,2168.48,380.14
1986-09-03,2168.48,378.88
1986-09-04,2168.48,381.03
1986-09-05,2168.48,378.36
1986-09-08,2168.48,372.78
1986-09-09,2168.48,369.55
1986-09-10,2168.48,366.8
1986-09-11,2168.48,353.34
1986-09-12,2168.48,346.78
1986-09-15,2168.48,345.86
1986-09-16,2168.48,343.67
1986-09-17,2168.48,346.9
1986-09-18,2168.48,348.6
1986-09-19,2168.48,349.43
1986-09-22,2168.48,352.55
1986-09-23,2168.48,353.37
1986-09-24,2168.48,354.52
1986-09-25,2168.48,351.49
1986-09-26,2168.48,351.61
1986-09-29,2168.48,347.83
1986-09-30,2168.48,350.67
1986-10-01,2168.48,352.34
1986-10-02,2168.48,352.59
1986-10-03,2168.48,352.75
1986-10-06,2168.48,353.2
1986-10-07,2168.48,352.38
1986-10-08,2168.48,352.9
1986-10-09,2168.48,353.06
1986-10-10,2168.48,353.53
1986-10-13,2168.48,354.05
1986-10-14,2168.48,353.77
1986-10-15,2168.48,355.65
1986-10-16,2168.48,356.37
1986-10-17,2168.48,355.72
1986-10-20,2168.48,353.51
1986-10-21,2168.48,353.1
1986-10-22,2168.48,353.92
1986-10-23,2168.48,356.2
1986-10-24,2168.48,356.66
1986-10-27,2168.48,356.58
1986-10-28,2168.48,357.2
1986-10-29,2168.48,358.45
1986-10-30,2168.48,361.05
1986-10-31,2168.48,360.77
1986-11-03,2168.48,361.14
1986-11-04,2168.48,361.89
1986-11-05,2168.48,362.08
1986-11-06,2168.48,361.23
1986-11-07,2168.48,360.99
1986-11-10,2168.48,359.98
1986-11-11,2168.48,361.31
1986-11-12,2168.48,361.19
1986-11-13,2168.48,358.0
1986-11-14,2168.48,358.59
1986-11-17,2168.48,357.07
1986-11-18,2168.48,352.62
1986-11-19,2168.48,349.8
1986-11-20,2168.48,352.19
1986-11-21,2168.48,354.65
1986-11-24,2168.48,356.1
1986-11-25,2168.48,356.95
1986-11-26,2168.48,358.15
1986-11-27,2168.48,358.15
1986-11-28,2168.48,359.57
1986-12-01,2168.48,357.87
1986-12-02,2168.48,360.71
1986-12-03,2168.48,363.04
1986-12-04,2168.48,364.07
1986-12-05,2168.48,362.96
1986-12-08,2168.48,361.01
1986-12-09,2168.48,359.03
1986-12-10,2168.48,359.05
1986-12-11,2168.48,357.73
1986-12-12,2168.48,355.93
1986-12-15,2168.48,353.32
1986-12-16,2168.48,353.77
1986-12-17,2168.48,352.29
1986-12-18,2168.48,351.38
1986-12-19,2168.48,352.24
1986-12-22,2168.48,351.3
1986-12-23,2168.48,348.76
1986-12-24,2168.48,349.62
1986-12-25,2168.48,349.62
1986-12-26,2168.48,350.01
1986-12-29,2168.48,348.03
1986-12-30,2168.48,347.32
1986-12-31,2168.48,348.83
1987-01-01,2168.48,348.83
1987-01-02,2168.48,353.26
1987-01-05,2168.48,361.19
1987-01-06,2168.48,366.02
1987-01-07,2168.48,372.49
1987-01-08,2168.48,377.54
1987-01-09,2168.48,380.65
1987-01-12,2168.48,385.46
1987-01-13,2168.48,386.4
1987-01-14,2168.48,389.95
1987-01-15,2168.48,392.57
1987-01-16,2168.48,389.87
1987-01-19,2168.48,392.59
1987-01-20,2168.48,392.06
1987-01-21,2168.48,389.55
1987-01-22,2168.48,393.17
1987-01-23,2168.48,392.19
1987-01-26,2168.48,387.98
1987-01-27,2168.48,390.75
1987-01-28,2168.48,392.04
1987-01-29,2168.48,390.98
1987-01-30,2168.48,392.06
1987-02-02,2168.48,397.18
1987-02-03,2168.48,399.38
1987-02-04,2168.48,403.12
1987-02-05,2168.48,405.7
1987-02-06,2168.48,406.91
1987-02-09,2168.48,405.78
1987-02-10,2168.48,403.5
1987-02-11,2168.48,408.25
1987-02-12,2168.48,409.18
1987-02-13,2168.48,412.48
1987-02-16,2168.48,412.48
1987-02-17,2168.48,418.18
1987-02-18,2168.48,417.09
1987-02-19,2168.48,417.03
1987-02-20,2168.48,417.24
1987-02-23,2168.48,415.22
1987-02-24,2168.48,417.39
1987-02-25,2168.48,421.01
1987-02-26,2168.48,422.93
1987-02-27,2168.48,424.97
1987-03-02,2168.48,423.91
1987-03-03,2168.48,423.56
1987-03-04,2168.48,426.74
1987-03-05,2168.48,429.0
1987-03-06,2168.48,429.45
1987-03-09,2168.48,426.79
1987-03-10,2168.48,429.39
1987-03-11,2168.48,431.43
1987-03-12,2168.48,432.48
1987-03-13,2168.48,431.97
1987-03-16,2168.48,430.86
1987-03-17,2168.48,434.79
1987-03-18,2168.48,435.16
1987-03-19,2168.48,437.0
1987-03-20,2168.48,439.64
1987-03-23,2168.48,438.04
1987-03-24,2168.48,438.13
1987-03-25,2168.48,437.48
1987-03-26,2168.48,438.71
1987-03-27,2168.48,436.85
1987-03-30,2168.48,427.07
1987-03-31,2168.48,430.05
1987-04-01,2168.48,428.34
1987-04-02,2168.48,432.07
1987-04-03,2168.48,437.36
1987-04-06,2168.48,437.78
1987-04-07,2168.48,434.01
1987-04-08,2168.48,434.91
1987-04-09,2168.48,431.99
1987-04-10,2168.48,430.93
1987-04-13,2168.48,423.71
1987-04-14,2168.48,413.2
1987-04-15,2168.48,416.32
1987-04-16,2168.48,419.46
1987-04-17,2168.48,419.46
1987-04-20,2168.48,417.73
1987-04-21,2168.48,418.56
1987-04-22,2168.48,418.16
1987-04-23,2168.48,417.43
1987-04-24,2168.48,412.62
1987-04-27,2168.48,409.67
1987-04-28,2168.48,411.94
1987-04-29,2168.48,414.2
1987-04-30,2168.48,417.81
1987-05-01,2168.48,418.44
1987-05-04,2168.48,418.45
1987-05-05,2168.48,422.43
1987-05-06,2168.48,422.38
1987-05-07,2168.48,422.63
1987-05-08,2168.48,423.17
1987-05-11,2168.48,422.16
1987-05-12,2168.48,420.53
1987-05-13,2168.48,421.91
1987-05-14,2168.48,422.65
1987-05-15,2168.48,418.88
1987-05-18,2168.48,413.54
1987-05-19,2168.48,408.15
1987-05-20,2168.48,406.57
1987-05-21,2168.48,408.47
1987-05-22,2168.48,407.4
1987-05-25,2168.48,407.4
1987-05-26,2168.48,411.44
1987-05-27,2168.48,412.59
1987-05-28,2168.48,414.35
1987-05-29,2168.48,416.54
1987-06-01,2168.48,415.01
1987-06-02,2168.48,413.6
1987-06-03,2168.48,415.9
1987-06-04,2168.48,417.41
1987-06-05,2168.48,417.82
1987-06-08,2168.48,419.41
1987-06-09,2168.48,421.67
1987-06-10,2168.48,422.81
1987-06-11,2168.48,423.37
1987-06-12,2168.48,425.38
1987-06-15,2168.48,425.39
1987-06-16,2168.48,427.53
1987-06-17,2168.48,428.44
1987-06-18,2168.48,428.97
1987-06-19,2168.48,429.08
1987-06-22,2168.48,429.25
1987-06-23,2168.48,427.98
1987-06-24,2168.48,427.26
1987-06-25,2168.48,427.2
1987-06-26,2168.48,426.68
1987-06-29,2168.48,426.48
1987-06-30,2168.48,424.67
1987-07-01,2168.48,424.46
1987-07-02,2168.48,425.88
1987-07-03,2168.48,425.88
1987-07-06,2168.48,425.1
1987-07-07,2168.48,424.55
1987-07-08,2168.48,424.93
1987-07-09,2168.48,425.58
1987-07-10,2168.48,426.0
1987-07-13,2168.48,426.53
1987-07-14,2168.48,431.14
1987-07-15,2168.48,431.21
1987-07-16,2168.48,433.21
1987-07-17,2168.48,434.08
1987-07-20,2168.48,431.51
1987-07-21,2168.48,429.37
1987-07-22,2168.48,429.3
1987-07-23,2168.48,427.63
1987-07-24,2168.48,429.13
1987-07-27,2168.48,428.87
1987-07-28,2168.48,429.97
1987-07-29,2168.48,431.2
1987-07-30,2168.48,433.57
1987-07-31,2168.48,434.93
1987-08-03,2168.48,433.13
1987-08-04,2168.48,432.77
1987-08-05,2168.48,436.26
1987-08-06,2168.48,440.8
1987-08-07,2168.48,443.58
1987-08-10,2168.48,446.27
1987-08-11,2168.48,449.36
1987-08-12,2168.48,449.23
1987-08-13,2168.48,451.55
1987-08-14,2168.48,451.61
1987-08-17,2168.48,451.65
1987-08-18,2168.48,446.76
1987-08-19,2168.48,447.95
1987-08-20,2168.48,452.75
1987-08-21,2168.48,455.2
1987-08-24,2168.48,453.8
1987-08-25,2168.48,455.1
1987-08-26,2168.48,455.26
1987-08-27,2168.48,454.79
1987-08-28,2168.48,453.29
1987-08-31,2168.48,454.97
1987-09-01,2168.48,452.5
1987-09-02,2168.48,448.93
1987-09-03,2168.48,448.36
1987-09-04,2168.48,446.48
1987-09-07,2168.48,446.48
1987-09-08,2168.48,437.6
1987-09-09,2168.48,439.19
1987-09-10,2168.48,443.48
1987-09-11,2168.48,446.17
1987-09-14,2168.48,445.49
1987-09-15,2168.48,441.94
1987-09-16,2168.48,440.85
1987-09-17,2168.48,440.75
1987-09-18,2168.48,440.86
1987-09-21,2168.48,436.01
1987-09-22,2168.48,437.9
1987-09-23,2168.48,440.7
1987-09-24,2168.48,441.24
1987-09-25,2168.48,441.88
1987-09-28,2168.48,442.29
1987-09-29,2168.48,441.86
1987-09-30,2168.48,444.29
1987-10-01,2168.48,448.45
1987-10-02,2168.48,451.61
1987-10-05,2168.48,453.63
1987-10-06,2168.48,447.51
1987-10-07,2168.48,444.64
1987-10-08,2168.48,440.03
1987-10-09,2168.48,438.43
1987-10-12,2168.48,433.04
1987-10-13,2168.48,434.81
1987-10-14,2168.48,428.28
1987-10-15,2168.48,422.51
1987-10-16,2168.48,406.33
1987-10-19,2168.48,360.21
1987-10-20,2168.48,327.79
1987-10-21,2168.48,351.86
1987-10-22,2168.48,336.13
1987-10-23,2168.48,328.45
1987-10-26,2168.48,298.9
1987-10-27,2168.48,296.34
1987-10-28,2168.48,291.88
1987-10-29,2168.48,307.05
1987-10-30,2168.48,323.3
1987-11-02,2168.48,328.33
1987-11-03,2168.48,320.66
1987-11-04,2168.48,320.13
1987-11-05,2168.48,326.18
1987-11-06,2168.48,326.39
1987-11-09,2168.48,320.43
1987-11-10,2168.48,315.19
1987-11-11,2168.48,317.8
1987-11-12,2168.48,324.0
1987-11-13,2168.48,322.97
1987-11-16,2168.48,322.37
1987-11-17,2168.48,316.75
1987-11-18,2168.48,318.22
1987-11-19,2168.48,313.93
1987-11-20,2168.48,312.49
1987-11-23,2168.48,313.13
1987-11-24,2168.48,316.68
1987-11-25,2168.48,317.78
1987-11-26,2168.48,317.78
1987-11-27,2168.48,316.47
1987-11-30,2168.48,305.16
1987-12-01,2168.48,305.24
1987-12-02,2168.48,305.22
1987-12-03,2168.48,298.75
1987-12-04,2168.48,292.92
1987-12-07,2168.48,294.77
1987-12-08,2168.48,297.96
1987-12-09,2168.48,301.95
1987-12-10,2168.48,300.81
1987-12-11,2168.48,302.57
1987-12-14,2168.48,309.36
1987-12-15,2168.48,312.68
1987-12-16,2168.48,319.25
1987-12-17,2168.48,319.51
1987-12-18,2168.48,326.91
1987-12-21,2168.48,328.67
1987-12-22,2168.48,327.3
1987-12-23,2168.48,331.48
1987-12-24,2168.48,333.19
1987-12-25,2168.48,333.19
1987-12-28,2168.48,325.6
1987-12-29,2168.48,325.53
1987-12-30,2168.48,329.7
1987-12-31,2168.48,330.47
1988-01-01,2168.48,330.47
1988-01-04,2168.48,338.48
1988-01-05,2168.48,344.07
1988-01-06,2168.48,346.72
1988-01-07,2168.48,349.66
1988-01-08,2168.48,338.47
1988-01-11,2168.48,336.2
1988-01-12,2168.48,331.97
1988-01-13,2168.48,332.68
1988-01-14,2168.48,334.23
1988-01-15,2168.48,340.14
1988-01-18,2168.48,340.53
1988-01-19,2168.48,340.36
1988-01-20,2168.48,333.68
1988-01-21,2168.48,334.25
1988-01-22,2168.48,337.59
1988-01-25,2168.48,340.51
1988-01-26,2168.48,339.22
1988-01-27,2168.48,339.8
1988-01-28,2168.48,342.36
1988-01-29,2168.48,344.66
1988-02-01,2168.48,346.2
1988-02-02,2168.48,347.19
1988-02-03,2168.48,343.71
1988-02-04,2168.48,344.66
1988-02-05,2168.48,345.75
1988-02-08,2168.48,344.52
1988-02-09,2168.48,344.97
1988-02-10,2168.48,349.32
1988-02-11,2168.48,351.04
1988-02-12,2168.48,353.27
1988-02-15,2168.48,353.27
1988-02-16,2168.48,354.74
1988-02-17,2168.48,355.28
1988-02-18,2168.48,355.63
1988-02-19,2168.48,357.12
1988-02-22,2168.48,359.98
1988-02-23,2168.48,361.08
1988-02-24,2168.48,363.14
1988-02-25,2168.48,363.62
1988-02-26,2168.48,363.4
1988-02-29,2168.48,366.94
1988-03-01,2168.48,367.32
1988-03-02,2168.48,370.38
1988-03-03,2168.48,372.01
1988-03-04,2168.48,373.37
1988-03-07,2168.48,374.54
1988-03-08,2168.48,376.93
1988-03-09,2168.48,380.28
1988-03-10,2168.48,376.76
1988-03-11,2168.48,375.48
1988-03-14,2168.48,376.67
1988-03-15,2168.48,376.57
1988-03-16,2168.48,378.54
1988-03-17,2168.48,380.7
1988-03-18,2168.48,381.58
1988-03-21,2168.48,378.57
1988-03-22,2168.48,379.76
1988-03-23,2168.48,380.09
1988-03-24,2168.48,375.6
1988-03-25,2168.48,372.54
1988-03-28,2168.48,370.42
1988-03-29,2168.48,372.96
1988-03-30,2168.48,371.78
1988-03-31,2168.48,374.64
1988-04-01,2168.48,374.64
1988-04-04,2168.48,371.89
1988-04-05,2168.48,373.41
1988-04-06,2168.48,377.74
1988-04-07,2168.48,378.88
1988-04-08,2168.48,381.83
1988-04-11,2168.48,382.52
1988-04-12,2168.48,383.38
1988-04-13,2168.48,383.41
1988-04-14,2168.48,374.52
1988-04-15,2168.48,373.9
1988-04-18,2168.48,375.11
1988-04-19,2168.48,376.86
1988-04-20,2168.48,374.24
1988-04-21,2168.48,373.2
1988-04-22,2168.48,374.04
1988-04-25,2168.48,375.27
1988-04-26,2168.48,377.84
1988-04-27,2168.48,378.67
1988-04-28,2168.48,378.77
1988-04-29,2168.48,379.23
1988-05-02,2168.48,379.74
1988-05-03,2168.48,382.23
1988-05-04,2168.48,381.62
1988-05-05,2168.48,379.51
1988-05-06,2168.48,379.42
1988-05-09,2168.48,376.27
1988-05-10,2168.48,375.43
1988-05-11,2168.48,369.24
1988-05-12,2168.48,370.23
1988-05-13,2168.48,372.48
1988-05-16,2168.48,373.35
1988-05-17,2168.48,372.27
1988-05-18,2168.48,366.99
1988-05-19,2168.48,366.25
1988-05-20,2168.48,366.03
1988-05-23,2168.48,363.26
1988-05-24,2168.48,365.16
1988-05-25,2168.48,365.73
1988-05-26,2168.48,367.29
1988-05-27,2168.48,366.66
1988-05-30,2168.48,366.66
1988-05-31,2168.48,370.34
1988-06-01,2168.48,374.81
1988-06-02,2168.48,374.65
1988-06-03,2168.48,376.86
1988-06-06,2168.48,379.35
1988-06-07,2168.48,379.32
1988-06-08,2168.48,383.41
1988-06-09,2168.48,384.6
1988-06-10,2168.48,386.25
1988-06-13,2168.48,386.81
1988-06-14,2168.48,388.53
1988-06-15,2168.48,389.08
1988-06-16,2168.48,387.1
1988-06-17,2168.48,386.92
1988-06-20,2168.48,385.99
1988-06-21,2168.48,387.75
1988-06-22,2168.48,390.53
1988-06-23,2168.48,391.03
1988-06-24,2168.48,391.62
1988-06-27,2168.48,389.0
1988-06-28,2168.48,391.67
1988-06-29,2168.48,391.66
1988-06-30,2168.48,394.66
1988-07-01,2168.48,394.69
1988-07-04,2168.48,394.69
1988-07-05,2168.48,396.11
1988-07-06,2168.48,395.45
1988-07-07,2168.48,395.43
1988-07-08,2168.48,394.33
1988-07-11,2168.48,394.15
1988-07-12,2168.48,393.52
1988-07-13,2168.48,393.56
1988-07-14,2168.48,394.67
1988-07-15,2168.48,394.59
1988-07-18,2168.48,394.77
1988-07-19,2168.48,391.28
1988-07-20,2168.48,391.63
1988-07-21,2168.48,388.86
1988-07-22,2168.48,387.35
1988-07-25,2168.48,387.12
1988-07-26,2168.48,385.79
1988-07-27,2168.48,383.32
1988-07-28,2168.48,384.08
1988-07-29,2168.48,387.33
1988-08-01,2168.48,388.0
1988-08-02,2168.48,387.8
1988-08-03,2168.48,388.52
1988-08-04,2168.48,388.86
1988-08-05,2168.48,387.71
1988-08-08,2168.48,387.66
1988-08-09,2168.48,384.23
1988-08-10,2168.48,378.51
1988-08-11,2168.48,379.11
1988-08-12,2168.48,378.95
1988-08-15,2168.48,374.07
1988-08-16,2168.48,375.66
1988-08-17,2168.48,376.22
1988-08-18,2168.48,377.22
1988-08-19,2168.48,377.42
1988-08-22,2168.48,373.73
1988-08-23,2168.48,373.53
1988-08-24,2168.48,376.03
1988-08-25,2168.48,374.04
1988-08-26,2168.48,374.43
1988-08-29,2168.48,376.21
1988-08-30,2168.48,376.49
1988-08-31,2168.48,376.55
1988-09-01,2168.48,372.96
1988-09-02,2168.48,376.51
1988-09-05,2168.48,376.51
1988-09-06,2168.48,377.33
1988-09-07,2168.48,377.96
1988-09-08,2168.48,379.73
1988-09-09,2168.48,381.6
1988-09-12,2168.48,382.07
1988-09-13,2168.48,382.38
1988-09-14,2168.48,383.85
1988-09-15,2168.48,382.7
1988-09-16,2168.48,383.91
1988-09-19,2168.48,383.44
1988-09-20,2168.48,384.1
1988-09-21,2168.48,384.91
1988-09-22,2168.48,384.86
1988-09-23,2168.48,384.97
1988-09-26,2168.48,382.75
1988-09-27,2168.48,382.22
1988-09-28,2168.48,383.28
1988-09-29,2168.48,386.05
1988-09-30,2168.48,387.71
1988-10-03,2168.48,384.48
1988-10-04,2168.48,384.2
1988-10-05,2168.48,384.52
1988-10-06,2168.48,385.15
1988-10-07,2168.48,385.67
1988-10-10,2168.48,385.49
1988-10-11,2168.48,385.28
1988-10-12,2168.48,382.55
1988-10-13,2168.48,383.46
1988-10-14,2168.48,384.59
1988-10-17,2168.48,385.01
1988-10-18,2168.48,386.25
1988-10-19,2168.48,385.76
1988-10-20,2168.48,388.62
1988-10-21,2168.48,388.59
1988-10-24,2168.48,387.23
1988-10-25,2168.48,386.12
1988-10-26,2168.48,385.19
1988-10-27,2168.48,381.77
1988-10-28,2168.48,382.79
1988-10-31,2168.48,382.46
1988-11-01,2168.48,382.35
1988-11-02,2168.48,381.78
1988-11-03,2168.48,382.77
1988-11-04,2168.48,381.02
1988-11-07,2168.48,376.51
1988-11-08,2168.48,378.84
1988-11-09,2168.48,377.74
1988-11-10,2168.48,378.4
1988-11-11,2168.48,373.76
1988-11-14,2168.48,372.36
1988-11-15,2168.48,372.13
1988-11-16,2168.48,367.79
1988-11-17,2168.48,367.43
1988-11-18,2168.48,367.58
1988-11-21,2168.48,365.07
1988-11-22,2168.48,365.36
1988-11-23,2168.48,367.76
1988-11-24,2168.48,367.76
1988-11-25,2168.48,366.38
1988-11-28,2168.48,366.09
1988-11-29,2168.48,368.15
1988-11-30,2168.48,371.45
1988-12-01,2168.48,373.87
1988-12-02,2168.48,373.91
1988-12-05,2168.48,375.41
1988-12-06,2168.48,377.0
1988-12-07,2168.48,376.36
1988-12-08,2168.48,375.22
1988-12-09,2168.48,375.2
1988-12-12,2168.48,374.2
1988-12-13,2168.48,372.98
1988-12-14,2168.48,372.77
1988-12-15,2168.48,373.01
1988-12-16,2168.48,375.8
1988-12-19,2168.48,376.39
1988-12-20,2168.48,376.05
1988-12-21,2168.48,375.6
1988-12-22,2168.48,376.5
1988-12-23,2168.48,377.34
1988-12-26,2168.48,377.34
1988-12-27,2168.48,376.64
1988-12-28,2168.48,376.76
1988-12-29,2168.48,379.05
1988-12-30,2168.48,381.38
1989-01-02,2168.48,381.38
1989-01-03,2168.48,378.56
1989-01-04,2168.48,382.76
1989-01-05,2168.48,383.79
1989-01-06,2168.48,384.74
1989-01-09,2168.48,385.28
1989-01-10,2168.48,384.59
1989-01-11,2168.48,385.31
1989-01-12,2168.48,387.01
1989-01-13,2168.48,387.09
1989-01-16,2168.48,387.36
1989-01-17,2168.48,386.05
1989-01-18,2168.48,388.88
1989-01-19,2168.48,391.08
1989-01-20,2168.48,391.66
1989-01-23,2168.48,389.99
1989-01-24,2168.48,391.99
1989-01-25,2168.48,394.03
1989-01-26,2168.48,397.09
1989-01-27,2168.48,397.96
1989-01-30,2168.48,399.22
1989-01-31,2168.48,401.3
1989-02-01,2168.48,403.23
1989-02-02,2168.48,405.16
1989-02-03,2168.48,406.35
1989-02-06,2168.48,406.0
1989-02-07,2168.48,409.19
1989-02-08,2168.48,407.97
1989-02-09,2168.48,406.39
1989-02-10,2168.48,402.37
1989-02-13,2168.48,401.27
1989-02-14,2168.48,402.02
1989-02-15,2168.48,404.17
1989-02-16,2168.48,405.7
1989-02-17,2168.48,407.19
1989-02-20,2168.48,407.19
1989-02-21,2168.48,406.38
1989-02-22,2168.48,402.49
1989-02-23,2168.48,403.07
1989-02-24,2168.48,399.96
1989-02-27,2168.48,398.94
1989-02-28,2168.48,399.71
1989-03-01,2168.48,399.8
1989-03-02,2168.48,402.53
1989-03-03,2168.48,403.99
1989-03-06,2168.48,406.26
1989-03-07,2168.48,406.18
1989-03-08,2168.48,406.4
1989-03-09,2168.48,405.67
1989-03-10,2168.48,405.9
1989-03-13,2168.48,406.56
1989-03-14,2168.48,406.01
1989-03-15,2168.48,406.98
1989-03-16,2168.48,409.51
1989-03-17,2168.48,402.19
1989-03-20,2168.48,398.5
1989-03-21,2168.48,401.77
1989-03-22,2168.48,400.57
1989-03-23,2168.48,400.94
1989-03-24,2168.48,400.94
1989-03-27,2168.48,400.56
1989-03-28,2168.48,402.6
1989-03-29,2168.48,403.7
1989-03-30,2168.48,404.56
1989-03-31,2168.48,406.73
1989-04-03,2168.48,407.65
1989-04-04,2168.48,407.18
1989-04-05,2168.48,408.3
1989-04-06,2168.48,408.2
1989-04-07,2168.48,410.71
1989-04-10,2168.48,411.14
1989-04-11,2168.48,413.54
1989-04-12,2168.48,415.68
1989-04-13,2168.48,413.86
1989-04-14,2168.48,417.68
1989-04-17,2168.48,417.76
1989-04-18,2168.48,420.72
1989-04-19,2168.48,421.91
1989-04-20,2168.48,421.51
1989-04-21,2168.48,423.76
1989-04-24,2168.48,423.18
1989-04-25,2168.48,422.71
1989-04-26,2168.48,423.38
1989-04-27,2168.48,426.18
1989-04-28,2168.48,427.55
1989-05-01,2168.48,427.47
1989-05-02,2168.48,428.03
1989-05-03,2168.48,428.84
1989-05-04,2168.48,429.23
1989-05-05,2168.48,430.74
1989-05-08,2168.48,429.32
1989-05-09,2168.48,428.97
1989-05-10,2168.48,429.64
1989-05-11,2168.48,430.63
1989-05-12,2168.48,434.83
1989-05-15,2168.48,436.21
1989-05-16,2168.48,435.66
1989-05-17,2168.48,438.52
1989-05-18,2168.48,439.81
1989-05-19,2168.48,442.05
1989-05-22,2168.48,441.78
1989-05-23,2168.48,440.15
1989-05-24,2168.48,441.49
1989-05-25,2168.48,442.89
1989-05-26,2168.48,445.21
1989-05-29,2168.48,445.21
1989-05-30,2168.48,444.21
1989-05-31,2168.48,446.17
1989-06-01,2168.48,448.32
1989-06-02,2168.48,451.63
1989-06-05,2168.48,447.84
1989-06-06,2168.48,447.96
1989-06-07,2168.48,452.2
1989-06-08,2168.48,453.99
1989-06-09,2168.48,453.65
1989-06-12,2168.48,453.39
1989-06-13,2168.48,450.73
1989-06-14,2168.48,450.64
1989-06-15,2168.48,447.1
1989-06-16,2168.48,447.21
1989-06-19,2168.48,446.09
1989-06-20,2168.48,444.58
1989-06-21,2168.48,443.86
1989-06-22,2168.48,445.33
1989-06-23,2168.48,448.36
1989-06-26,2168.48,447.29
1989-06-27,2168.48,448.55
1989-06-28,2168.48,444.9
1989-06-29,2168.48,437.91
1989-06-30,2168.48,435.29
1989-07-03,2168.48,436.0
1989-07-04,2168.48,436.0
1989-07-05,2168.48,436.94
1989-07-06,2168.48,439.57
1989-07-07,2168.48,442.42
1989-07-10,2168.48,442.69
1989-07-11,2168.48,444.5
1989-07-12,2168.48,446.81
1989-07-13,2168.48,447.89
1989-07-14,2168.48,448.9
1989-07-17,2168.48,449.88
1989-07-18,2168.48,447.86
1989-07-19,2168.48,451.23
1989-07-20,2168.48,449.24
1989-07-21,2168.48,449.29
1989-07-24,2168.48,445.98
1989-07-25,2168.48,446.47
1989-07-26,2168.48,449.12
1989-07-27,2168.48,452.48
1989-07-28,2168.48,452.82
1989-07-31,2168.48,453.84
1989-08-01,2168.48,453.29
1989-08-02,2168.48,454.08
1989-08-03,2168.48,456.93
1989-08-04,2168.48,457.42
1989-08-07,2168.48,461.73
1989-08-08,2168.48,463.3
1989-08-09,2168.48,462.41
1989-08-10,2168.48,463.55
1989-08-11,2168.48,462.48
1989-08-14,2168.48,459.99
1989-08-15,2168.48,460.91
1989-08-16,2168.48,460.79
1989-08-17,2168.48,460.83
1989-08-18,2168.48,461.97
1989-08-21,2168.48,458.33
1989-08-22,2168.48,458.36
1989-08-23,2168.48,461.68
1989-08-24,2168.48,465.88
1989-08-25,2168.48,466.75
1989-08-28,2168.48,467.19
1989-08-29,2168.48,466.57
1989-08-30,2168.48,468.27
1989-08-31,2168.48,469.33
1989-09-01,2168.48,471.34
1989-09-04,2168.48,471.34
1989-09-05,2168.48,471.42
1989-09-06,2168.48,469.25
1989-09-07,2168.48,469.68
1989-09-08,2168.48,471.31
1989-09-11,2168.48,470.42
1989-09-12,2168.48,471.86
1989-09-13,2168.48,471.83
1989-09-14,2168.48,468.78
1989-09-15,2168.48,467.57
1989-09-18,2168.48,466.89
1989-09-19,2168.48,467.05
1989-09-20,2168.48,466.72
1989-09-21,2168.48,467.0
1989-09-22,2168.48,468.07
1989-09-25,2168.48,466.71
1989-09-26,2168.48,467.84
1989-09-27,2168.48,467.77
1989-09-28,2168.48,471.14
1989-09-29,2168.48,472.92
1989-10-02,2168.48,475.19
1989-10-03,2168.48,477.28
1989-10-04,2168.48,479.32
1989-10-05,2168.48,480.66
1989-10-06,2168.48,483.64
1989-10-09,2168.48,485.73
1989-10-10,2168.48,484.14
1989-10-11,2168.48,482.16
1989-10-12,2168.48,482.19
1989-10-13,2168.48,467.29
1989-10-16,2168.48,460.98
1989-10-17,2168.48,459.93
1989-10-18,2168.48,463.28
1989-10-19,2168.48,470.8
1989-10-20,2168.48,470.67
1989-10-23,2168.48,467.22
1989-10-24,2168.48,461.7
1989-10-25,2168.48,462.89
1989-10-26,2168.48,458.15
1989-10-27,2168.48,452.76
1989-10-30,2168.48,451.37
1989-10-31,2168.48,455.63
1989-11-01,2168.48,456.64
1989-11-02,2168.48,453.14
1989-11-03,2168.48,452.97
1989-11-06,2168.48,448.02
1989-11-07,2168.48,449.4
1989-11-08,2168.48,454.05
1989-11-09,2168.48,454.07
1989-11-10,2168.48,456.19
1989-11-13,2168.48,455.94
1989-11-14,2168.48,454.03
1989-11-15,2168.48,455.84
1989-11-16,2168.48,455.28
1989-11-17,2168.48,456.72
1989-11-20,2168.48,455.71
1989-11-21,2168.48,454.14
1989-11-22,2168.48,455.14
1989-11-23,2168.48,455.14
1989-11-24,2168.48,456.63
1989-11-27,2168.48,456.17
1989-11-28,2168.48,456.66
1989-11-29,2168.48,455.81
1989-11-30,2168.48,456.09
1989-12-01,2168.48,457.1
1989-12-04,2168.48,458.28
1989-12-05,2168.48,458.55
1989-12-06,2168.48,456.67
1989-12-07,2168.48,456.31
1989-12-08,2168.48,456.22
1989-12-11,2168.48,452.42
1989-12-12,2168.48,450.43
1989-12-13,2168.48,451.14
1989-12-14,2168.48,447.48
1989-12-15,2168.48,443.84
1989-12-18,2168.48,436.03
1989-12-19,2168.48,434.35
1989-12-20,2168.48,436.94
1989-12-21,2168.48,441.09
1989-12-22,2168.48,444.57
1989-12-25,2168.48,444.57
1989-12-26,2168.48,445.26
1989-12-27,2168.48,448.81
1989-12-28,2168.48,449.98
1989-12-29,2168.48,454.82
1990-01-01,2168.48,454.82
1990-01-02,2168.48,459.33
1990-01-03,2168.48,460.9
1990-01-04,2168.48,459.39
1990-01-05,2168.48,458.22
1990-01-08,2168.48,458.71
1990-01-09,2168.48,456.77
1990-01-10,2168.48,450.7
1990-01-11,2168.48,448.86
1990-01-12,2168.48,439.72
1990-01-15,2168.48,436.64
1990-01-16,2168.48,440.16
1990-01-17,2168.48,438.68
1990-01-18,2168.48,437.52
1990-01-19,2168.48,440.88
1990-01-22,2168.48,431.94
1990-01-23,2168.48,430.42
1990-01-24,2168.48,425.66
1990-01-25,2168.48,425.24
1990-01-26,2168.48,421.33
1990-01-29,2168.48,418.11
1990-01-30,2168.48,410.72
1990-01-31,2168.48,415.81
1990-02-01,2168.48,417.76
1990-02-02,2168.48,422.21
1990-02-05,2168.48,424.73
1990-02-06,2168.48,423.99
1990-02-07,2168.48,426.79
1990-02-08,2168.48,427.32
1990-02-09,2168.48,428.84
1990-02-12,2168.48,426.38
1990-02-13,2168.48,425.75
1990-02-14,2168.48,426.56
1990-02-15,2168.48,429.61
1990-02-16,2168.48,429.01
1990-02-19,2168.48,429.01
1990-02-20,2168.48,423.83
1990-02-21,2168.48,421.52
1990-02-22,2168.48,422.75
1990-02-23,2168.48,419.52
1990-02-26,2168.48,420.95
1990-02-27,2168.48,422.61
1990-02-28,2168.48,425.83
1990-03-01,2168.48,427.21
1990-03-02,2168.48,431.02
1990-03-05,2168.48,430.15
1990-03-06,2168.48,432.33
1990-03-07,2168.48,432.47
1990-03-08,2168.48,436.5
1990-03-09,2168.48,436.76
1990-03-12,2168.48,436.56
1990-03-13,2168.48,434.58
1990-03-14,2168.48,436.15
1990-03-15,2168.48,438.06
1990-03-16,2168.48,442.16
1990-03-19,2168.48,442.91
1990-03-20,2168.48,440.08
1990-03-21,2168.48,439.3
1990-03-22,2168.48,434.51
1990-03-23,2168.48,437.25
1990-03-26,2168.48,438.84
1990-03-27,2168.48,439.5
1990-03-28,2168.48,436.69
1990-03-29,2168.48,435.42
1990-03-30,2168.48,435.54
1990-04-02,2168.48,433.18
1990-04-03,2168.48,437.65
1990-04-04,2168.48,435.42
1990-04-05,2168.48,433.42
1990-04-06,2168.48,430.9
1990-04-09,2168.48,430.18
1990-04-10,2168.48,431.9
1990-04-11,2168.48,433.53
1990-04-12,2168.48,436.31
1990-04-13,2168.48,436.31
1990-04-16,2168.48,436.7
1990-04-17,2168.48,435.42
1990-04-18,2168.48,431.52
1990-04-19,2168.48,429.0
1990-04-20,2168.48,425.79
1990-04-23,2168.48,420.08
1990-04-24,2168.48,419.19
1990-04-25,2168.48,420.56
1990-04-26,2168.48,421.06
1990-04-27,2168.48,417.98
1990-04-30,2168.48,420.07
1990-05-01,2168.48,421.85
1990-05-02,2168.48,423.58
1990-05-03,2168.48,425.44
1990-05-04,2168.48,428.61
1990-05-07,2168.48,431.23
1990-05-08,2168.48,431.84
1990-05-09,2168.48,431.34
1990-05-10,2168.48,433.2
1990-05-11,2168.48,438.1
1990-05-14,2168.48,441.61
1990-05-15,2168.48,442.5
1990-05-16,2168.48,442.93
1990-05-17,2168.48,445.74
1990-05-18,2168.48,448.31
1990-05-21,2168.48,452.89
1990-05-22,2168.48,453.89
1990-05-23,2168.48,456.87
1990-05-24,2168.48,458.29
1990-05-25,2168.48,453.69
1990-05-28,2168.48,453.69
1990-05-29,2168.48,457.51
1990-05-30,2168.48,458.77
1990-05-31,2168.48,458.97
1990-06-01,2168.48,462.13
1990-06-04,2168.48,465.61
1990-06-05,2168.48,464.61
1990-06-06,2168.48,464.96
1990-06-07,2168.48,464.09
1990-06-08,2168.48,460.87
1990-06-11,2168.48,462.79
1990-06-12,2168.48,466.56
1990-06-13,2168.48,468.86
1990-06-14,2168.48,467.1
1990-06-15,2168.48,467.55
1990-06-18,2168.48,460.79
1990-06-19,2168.48,460.53
1990-06-20,2168.48,460.8
1990-06-21,2168.48,461.27
1990-06-22,2168.48,459.33
1990-06-25,2168.48,455.64
1990-06-26,2168.48,455.38
1990-06-27,2168.48,456.89
1990-06-28,2168.48,460.38
1990-06-29,2168.48,462.29
1990-07-02,2168.48,462.04
1990-07-03,2168.48,461.76
1990-07-04,2168.48,461.76
1990-07-05,2168.48,459.19
1990-07-06,2168.48,460.53
1990-07-09,2168.48,461.68
1990-07-10,2168.48,460.97
1990-07-11,2168.48,463.9
1990-07-12,2168.48,467.17
1990-07-13,2168.48,468.44
1990-07-16,2168.48,469.6
1990-07-17,2168.48,464.48
1990-07-18,2168.48,460.82
1990-07-19,2168.48,458.17
1990-07-20,2168.48,455.27
1990-07-23,2168.48,444.64
1990-07-24,2168.48,442.56
1990-07-25,2168.48,445.45
1990-07-26,2168.48,445.43
1990-07-27,2168.48,442.59
1990-07-30,2168.48,439.38
1990-07-31,2168.48,438.24
1990-08-01,2168.48,435.91
1990-08-02,2168.48,428.89
1990-08-03,2168.48,417.46
1990-08-06,2168.48,400.04
1990-08-07,2168.48,402.08
1990-08-08,2168.48,407.73
1990-08-09,2168.48,412.98
1990-08-10,2168.48,408.03
1990-08-13,2168.48,408.3
1990-08-14,2168.48,410.33
1990-08-15,2168.48,411.45
1990-08-16,2168.48,402.27
1990-08-17,2168.48,393.49
1990-08-20,2168.48,388.59
1990-08-21,2168.48,379.68
1990-08-22,2168.48,374.84
1990-08-23,2168.48,360.22
1990-08-24,2168.48,367.33
1990-08-27,2168.48,381.27
1990-08-28,2168.48,382.86
1990-08-29,2168.48,381.78
1990-08-30,2168.48,378.68
1990-08-31,2168.48,381.21
1990-09-03,2168.48,381.21
1990-09-04,2168.48,381.67
1990-09-05,2168.48,382.44
1990-09-06,2168.48,378.78
1990-09-07,2168.48,380.38
1990-09-10,2168.48,381.73
1990-09-11,2168.48,379.49
1990-09-12,2168.48,380.32
1990-09-13,2168.48,376.18
1990-09-14,2168.48,374.42
1990-09-17,2168.48,374.11
1990-09-18,2168.48,372.21
1990-09-19,2168.48,371.68
1990-09-20,2168.48,364.43
1990-09-21,2168.48,362.25
1990-09-24,2168.48,352.16
1990-09-25,2168.48,354.78
1990-09-26,2168.48,350.03
1990-09-27,2168.48,341.19
1990-09-28,2168.48,344.51
1990-10-01,2168.48,354.65
1990-10-02,2168.48,356.39
1990-10-03,2168.48,351.45
1990-10-04,2168.48,349.89
1990-10-05,2168.48,347.36
1990-10-08,2168.48,348.14
1990-10-09,2168.48,339.11
1990-10-10,2168.48,333.25
1990-10-11,2168.48,325.61
1990-10-12,2168.48,327.55
1990-10-15,2168.48,329.54
1990-10-16,2168.48,325.44
1990-10-17,2168.48,326.78
1990-10-18,2168.48,334.03
1990-10-19,2168.48,337.36
1990-10-22,2168.48,341.12
1990-10-23,2168.48,341.09
1990-10-24,2168.48,340.98
1990-10-25,2168.48,339.74
1990-10-26,2168.48,334.36
1990-10-29,2168.48,330.8
1990-10-30,2168.48,329.83
1990-10-31,2168.48,329.84
1990-11-01,2168.48,330.6
1990-11-02,2168.48,336.45
1990-11-05,2168.48,340.76
1990-11-06,2168.48,340.53
1990-11-07,2168.48,336.8
1990-11-08,2168.48,336.37
1990-11-09,2168.48,341.95
1990-11-12,2168.48,351.46
1990-11-13,2168.48,352.87
1990-11-14,2168.48,356.87
1990-11-15,2168.48,354.46
1990-11-16,2168.48,350.85
1990-11-19,2168.48,352.73
1990-11-20,2168.48,348.29
1990-11-21,2168.48,348.77
1990-11-22,2168.48,348.77
1990-11-23,2168.48,349.04
1990-11-26,2168.48,348.86
1990-11-27,2168.48,354.05
1990-11-28,2168.48,355.06
1990-11-29,2168.48,355.75
1990-11-30,2168.48,359.06
1990-12-03,2168.48,361.32
1990-12-04,2168.48,364.11
1990-12-05,2168.48,370.87
1990-12-06,2168.48,372.29
1990-12-07,2168.48,371.54
1990-12-10,2168.48,371.47
1990-12-11,2168.48,367.99
1990-12-12,2168.48,370.42
1990-12-13,2168.48,371.5
1990-12-14,2168.48,368.83
1990-12-17,2168.48,365.72
1990-12-18,2168.48,370.17
1990-12-19,2168.48,371.22
1990-12-20,2168.48,372.3
1990-12-21,2168.48,373.6
1990-12-24,2168.48,372.41
1990-12-25,2168.48,372.41
1990-12-26,2168.48,372.4
1990-12-27,2168.48,371.05
1990-12-28,2168.48,371.2
1990-12-31,2168.48,373.84
1991-01-01,2168.48,373.84
1991-01-02,2168.48,372.19
1991-01-03,2168.48,367.51
1991-01-04,2168.48,367.24
1991-01-07,2168.48,360.24
1991-01-08,2168.48,359.0
1991-01-09,2168.48,357.45
1991-01-10,2168.48,361.92
1991-01-11,2168.48,361.8
1991-01-14,2168.48,355.75
1991-01-15,2168.48,357.3
1991-01-16,2168.48,365.2
1991-01-17,2168.48,375.81
1991-01-18,2168.48,376.99
1991-01-21,2168.48,379.7
1991-01-22,2168.48,379.03
1991-01-23,2168.48,383.91
1991-01-24,2168.48,391.33
1991-01-25,2168.48,394.28
1991-01-28,2168.48,396.8
1991-01-29,2168.48,400.61
1991-01-30,2168.48,408.53
1991-01-31,2168.48,414.2
1991-02-01,2168.48,417.69
1991-02-04,2168.48,424.8
1991-02-05,2168.48,432.2
1991-02-06,2168.48,439.24
1991-02-07,2168.48,435.01
1991-02-08,2168.48,436.8
1991-02-11,2168.48,444.1
1991-02-12,2168.48,443.98
1991-02-13,2168.48,447.97
1991-02-14,2168.48,444.31
1991-02-15,2168.48,448.71
1991-02-18,2168.48,448.71
1991-02-19,2168.48,450.32
1991-02-20,2168.48,446.02
1991-02-21,2168.48,446.38
1991-02-22,2168.48,448.95
1991-02-25,2168.48,451.09
1991-02-26,2168.48,447.71
1991-02-27,2168.48,450.82
1991-02-28,2168.48,453.05
1991-03-01,2168.48,456.73
1991-03-04,2168.48,461.13
1991-03-05,2168.48,473.05
1991-03-06,2168.48,473.8
1991-03-07,2168.48,475.74
1991-03-08,2168.48,475.11
1991-03-11,2168.48,467.15
1991-03-12,2168.48,461.4
1991-03-13,2168.48,468.18
1991-03-14,2168.48,467.79
1991-03-15,2168.48,466.29
1991-03-18,2168.48,466.27
1991-03-19,2168.48,462.81
1991-03-20,2168.48,466.09
1991-03-21,2168.48,464.6
1991-03-22,2168.48,464.15
1991-03-25,2168.48,468.49
1991-03-26,2168.48,478.57
1991-03-27,2168.48,482.37
1991-03-28,2168.48,482.3
1991-03-29,2168.48,482.3
1991-04-01,2168.48,480.86
1991-04-02,2168.48,491.2
1991-04-03,2168.48,495.05
1991-04-04,2168.48,497.57
1991-04-05,2168.48,495.79
1991-04-08,2168.48,495.65
1991-04-09,2168.48,492.46
1991-04-10,2168.48,490.76
1991-04-11,2168.48,499.31
1991-04-12,2168.48,501.62
1991-04-15,2168.48,500.84
1991-04-16,2168.48,506.75
1991-04-17,2168.48,511.31
1991-04-18,2168.48,506.62
1991-04-19,2168.48,501.19
1991-04-22,2168.48,494.38
1991-04-23,2168.48,496.08
1991-04-24,2168.48,498.45
1991-04-25,2168.48,496.03
1991-04-26,2168.48,494.64
1991-04-29,2168.48,487.74
1991-04-30,2168.48,484.72
1991-05-01,2168.48,487.85
1991-05-02,2168.48,491.13
1991-05-03,2168.48,492.1
1991-05-06,2168.48,491.48
1991-05-07,2168.48,491.51
1991-05-08,2168.48,492.51
1991-05-09,2168.48,497.81
1991-05-10,2168.48,493.42
1991-05-13,2168.48,493.93
1991-05-14,2168.48,488.79
1991-05-15,2168.48,478.08
1991-05-16,2168.48,481.77
1991-05-17,2168.48,481.38
1991-05-20,2168.48,480.1
1991-05-21,2168.48,483.6
1991-05-22,2168.48,487.29
1991-05-23,2168.48,489.6
1991-05-24,2168.48,492.67
1991-05-27,2168.48,492.67
1991-05-28,2168.48,497.17
1991-05-29,2168.48,499.05
1991-05-30,2168.48,503.19
1991-05-31,2168.48,506.11
1991-06-03,2168.48,507.1
1991-06-04,2168.48,507.25
1991-06-05,2168.48,505.2
1991-06-06,2168.48,502.94
1991-06-07,2168.48,498.54
1991-06-10,2168.48,495.85
1991-06-11,2168.48,496.62
1991-06-12,2168.48,491.05
1991-06-13,2168.48,491.14
1991-06-14,2168.48,495.07
1991-06-17,2168.48,494.32
1991-06-18,2168.48,491.59
1991-06-19,2168.48,485.36
1991-06-20,2168.48,485.88
1991-06-21,2168.48,485.82
1991-06-24,2168.48,475.23
1991-06-25,2168.48,473.3
1991-06-26,2168.48,473.08
1991-06-27,2168.48,476.24
1991-06-28,2168.48,475.92
1991-07-01,2168.48,481.31
1991-07-02,2168.48,478.78
1991-07-03,2168.48,474.32
1991-07-04,2168.48,474.32
1991-07-05,2168.48,474.05
1991-07-08,2168.48,479.51
1991-07-09,2168.48,483.64
1991-07-10,2168.48,487.17
1991-07-11,2168.48,488.37
1991-07-12,2168.48,492.71
1991-07-15,2168.48,496.19
1991-07-16,2168.48,493.6
1991-07-17,2168.48,493.42
1991-07-18,2168.48,496.8
1991-07-19,2168.48,497.55
1991-07-22,2168.48,494.99
1991-07-23,2168.48,489.65
1991-07-24,2168.48,487.42
1991-07-25,2168.48,490.28
1991-07-26,2168.48,492.69
1991-07-29,2168.48,493.35
1991-07-30,2168.48,498.27
1991-07-31,2168.48,502.04
1991-08-01,2168.48,504.15
1991-08-02,2168.48,505.67
1991-08-05,2168.48,502.61
1991-08-06,2168.48,505.2
1991-08-07,2168.48,507.46
1991-08-08,2168.48,509.39
1991-08-09,2168.48,508.31
1991-08-12,2168.48,510.0
1991-08-13,2168.48,514.4
1991-08-14,2168.48,517.68
1991-08-15,2168.48,515.67
1991-08-16,2168.48,512.47
1991-08-19,2168.48,497.64
1991-08-20,2168.48,502.05
1991-08-21,2168.48,517.97
1991-08-22,2168.48,518.3
1991-08-23,2168.48,521.06
1991-08-26,2168.48,521.38
1991-08-27,2168.48,521.75
1991-08-28,2168.48,526.29
1991-08-29,2168.48,526.39
1991-08-30,2168.48,525.68
1991-09-02,2168.48,525.68
1991-09-03,2168.48,520.91
1991-09-04,2168.48,517.92
1991-09-05,2168.48,516.93
1991-09-06,2168.48,516.94
1991-09-09,2168.48,518.07
1991-09-10,2168.48,511.28
1991-09-11,2168.48,514.76
1991-09-12,2168.48,521.13
1991-09-13,2168.48,516.71
1991-09-16,2168.48,515.68
1991-09-17,2168.48,515.17
1991-09-18,2168.48,518.55
1991-09-19,2168.48,522.67
1991-09-20,2168.48,527.19
1991-09-23,2168.48,524.69
1991-09-24,2168.48,526.47
1991-09-25,2168.48,527.82
1991-09-26,2168.48,526.94
1991-09-27,2168.48,524.48
1991-09-30,2168.48,526.88
1991-10-01,2168.48,528.51
1991-10-02,2168.48,526.33
1991-10-03,2168.48,520.51
1991-10-04,2168.48,520.4
1991-10-07,2168.48,516.2
1991-10-08,2168.48,517.25
1991-10-09,2168.48,513.81
1991-10-10,2168.48,515.94
1991-10-11,2168.48,519.05
1991-10-14,2168.48,525.66
1991-10-15,2168.48,534.11
1991-10-16,2168.48,540.94
1991-10-17,2168.48,536.27
1991-10-18,2168.48,538.9
1991-10-21,2168.48,536.96
1991-10-22,2168.48,537.14
1991-10-23,2168.48,535.17
1991-10-24,2168.48,528.75
1991-10-25,2168.48,525.13
1991-10-28,2168.48,529.41
1991-10-29,2168.48,534.51
1991-10-30,2168.48,541.32
1991-10-31,2168.48,542.98
1991-11-01,2168.48,540.93
1991-11-04,2168.48,537.5
1991-11-05,2168.48,538.82
1991-11-06,2168.48,539.48
1991-11-07,2168.48,545.28
1991-11-08,2168.48,548.08
1991-11-11,2168.48,550.71
1991-11-12,2168.48,555.68
1991-11-13,2168.48,556.17
1991-11-14,2168.48,554.84
1991-11-15,2168.48,531.28
1991-11-18,2168.48,534.73
1991-11-19,2168.48,523.47
1991-11-20,2168.48,526.12
1991-11-21,2168.48,530.33
1991-11-22,2168.48,526.46
1991-11-25,2168.48,522.88
1991-11-26,2168.48,522.23
1991-11-27,2168.48,522.78
1991-11-28,2168.48,522.78
1991-11-29,2168.48,523.9
1991-12-02,2168.48,530.91
1991-12-03,2168.48,533.34
1991-12-04,2168.48,535.28
1991-12-05,2168.48,534.03
1991-12-06,2168.48,536.3
1991-12-09,2168.48,535.35
1991-12-10,2168.48,534.23
1991-12-11,2168.48,531.64
1991-12-12,2168.48,536.02
1991-12-13,2168.48,540.9
1991-12-16,2168.48,543.73
1991-12-17,2168.48,539.7
1991-12-18,2168.48,539.84
1991-12-19,2168.48,534.53
1991-12-20,2168.48,535.76
1991-12-23,2168.48,543.9
1991-12-24,2168.48,549.56
1991-12-25,2168.48,549.56
1991-12-26,2168.48,559.3
1991-12-27,2168.48,565.71
1991-12-30,2168.48,579.75
1991-12-31,2168.48,586.34
1992-01-01,2168.48,586.34
1992-01-02,2168.48,586.45
1992-01-03,2168.48,592.65
1992-01-06,2168.48,597.9
1992-01-07,2168.48,602.29
1992-01-08,2168.48,610.32
1992-01-09,2168.48,619.8
1992-01-10,2168.48,615.7
1992-01-13,2168.48,617.63
1992-01-14,2168.48,625.75
1992-01-15,2168.48,630.82
1992-01-16,2168.48,627.34
1992-01-17,2168.48,626.85
1992-01-20,2168.48,619.38
1992-01-21,2168.48,604.87
1992-01-22,2168.48,620.68
1992-01-23,2168.48,622.86
1992-01-24,2168.48,624.68
1992-01-27,2168.48,621.0
1992-01-28,2168.48,621.29
1992-01-29,2168.48,616.31
1992-01-30,2168.48,621.37
1992-01-31,2168.48,620.21
1992-02-03,2168.48,623.43
1992-02-04,2168.48,631.0
1992-02-05,2168.48,636.97
1992-02-06,2168.48,637.67
1992-02-07,2168.48,634.95
1992-02-10,2168.48,634.13
1992-02-11,2168.48,633.37
1992-02-12,2168.48,644.92
1992-02-13,2168.48,639.1
1992-02-14,2168.48,636.43
1992-02-17,2168.48,636.43
1992-02-18,2168.48,626.41
1992-02-19,2168.48,622.41
1992-02-20,2168.48,632.23
1992-02-21,2168.48,629.75
1992-02-24,2168.48,624.93
1992-02-25,2168.48,621.4
1992-02-26,2168.48,632.4
1992-02-27,2168.48,633.95
1992-02-28,2168.48,633.47
1992-03-02,2168.48,635.47
1992-03-03,2168.48,634.25
1992-03-04,2168.48,630.29
1992-03-05,2168.48,621.97
1992-03-06,2168.48,615.95
1992-03-09,2168.48,615.82
1992-03-10,2168.48,623.46
1992-03-11,2168.48,617.14
1992-03-12,2168.48,615.92
1992-03-13,2168.48,618.62
1992-03-16,2168.48,617.94
1992-03-17,2168.48,623.27
1992-03-18,2168.48,624.94
1992-03-19,2168.48,625.96
1992-03-20,2168.48,624.28
1992-03-23,2168.48,621.83
1992-03-24,2168.48,618.68
1992-03-25,2168.48,619.48
1992-03-26,2168.48,615.4
1992-03-27,2168.48,604.67
1992-03-30,2168.48,602.07
1992-03-31,2168.48,603.77
1992-04-01,2168.48,602.09
1992-04-02,2168.48,593.82
1992-04-03,2168.48,590.01
1992-04-06,2168.48,596.29
1992-04-07,2168.48,581.61
1992-04-08,2168.48,573.68
1992-04-09,2168.48,586.75
1992-04-10,2168.48,584.24
1992-04-13,2168.48,588.15
1992-04-14,2168.48,594.81
1992-04-15,2168.48,600.03
1992-04-16,2168.48,591.81
1992-04-17,2168.48,591.81
1992-04-20,2168.48,577.2
1992-04-21,2168.48,575.05
1992-04-22,2168.48,578.23
1992-04-23,2168.48,576.05
1992-04-24,2168.48,572.89
1992-04-27,2168.48,566.94
1992-04-28,2168.48,560.33
1992-04-29,2168.48,569.94
1992-04-30,2168.48,578.68
1992-05-01,2168.48,578.14
1992-05-04,2168.48,583.54
1992-05-05,2168.48,588.07
1992-05-06,2168.48,589.36
1992-05-07,2168.48,587.16
1992-05-08,2168.48,585.76
1992-05-11,2168.48,587.13
1992-05-12,2168.48,583.96
1992-05-13,2168.48,582.38
1992-05-14,2168.48,576.46
1992-05-15,2168.48,574.43
1992-05-18,2168.48,576.53
1992-05-19,2168.48,578.05
1992-05-20,2168.48,580.29
1992-05-21,2168.48,579.1
1992-05-22,2168.48,580.3
1992-05-25,2168.48,580.3
1992-05-26,2168.48,575.65
1992-05-27,2168.48,577.35
1992-05-28,2168.48,580.49
1992-05-29,2168.48,585.31
1992-06-01,2168.48,588.37
1992-06-02,2168.48,589.18
1992-06-03,2168.48,589.93
1992-06-04,2168.48,588.26
1992-06-05,2168.48,585.43
1992-06-08,2168.48,582.01
1992-06-09,2168.48,573.8
1992-06-10,2168.48,569.71
1992-06-11,2168.48,567.68
1992-06-12,2168.48,569.52
1992-06-15,2168.48,569.01
1992-06-16,2168.48,564.07
1992-06-17,2168.48,553.24
1992-06-18,2168.48,549.17
1992-06-19,2168.48,554.2
1992-06-22,2168.48,549.72
1992-06-23,2168.48,553.36
1992-06-24,2168.48,551.39
1992-06-25,2168.48,548.2
1992-06-26,2168.48,547.84
1992-06-29,2168.48,558.8
1992-06-30,2168.48,563.6
1992-07-01,2168.48,568.99
1992-07-02,2168.48,563.35
1992-07-03,2168.48,563.35
1992-07-06,2168.48,563.17
1992-07-07,2168.48,557.41
1992-07-08,2168.48,557.57
1992-07-09,2168.48,564.75
1992-07-10,2168.48,567.8
1992-07-13,2168.48,570.22
1992-07-14,2168.48,575.21
1992-07-15,2168.48,575.47
1992-07-16,2168.48,576.19
1992-07-17,2168.48,570.52
1992-07-20,2168.48,564.28
1992-07-21,2168.48,568.63
1992-07-22,2168.48,563.88
1992-07-23,2168.48,565.24
1992-07-24,2168.48,565.61
1992-07-27,2168.48,564.73
1992-07-28,2168.48,571.63
1992-07-29,2168.48,577.49
1992-07-30,2168.48,578.8
1992-07-31,2168.48,580.83
1992-08-03,2168.48,582.36
1992-08-04,2168.48,581.32
1992-08-05,2168.48,576.87
1992-08-06,2168.48,574.02
1992-08-07,2168.48,573.74
1992-08-10,2168.48,573.14
1992-08-11,2168.48,571.6
1992-08-12,2168.48,570.85
1992-08-13,2168.48,570.99
1992-08-14,2168.48,573.18
1992-08-17,2168.48,572.47
1992-08-18,2168.48,570.87
1992-08-19,2168.48,567.61
1992-08-20,2168.48,567.86
1992-08-21,2168.48,563.7
1992-08-24,2168.48,555.39
1992-08-25,2168.48,554.22
1992-08-26,2168.48,558.8
1992-08-27,2168.48,563.27
1992-08-28,2168.48,563.56
1992-08-31,2168.48,563.12
1992-09-01,2168.48,565.61
1992-09-02,2168.48,571.25
1992-09-03,2168.48,574.88
1992-09-04,2168.48,573.44
1992-09-07,2168.48,573.44
1992-09-08,2168.48,571.17
1992-09-09,2168.48,574.89
1992-09-10,2168.48,581.24
1992-09-11,2168.48,583.01
1992-09-14,2168.48,594.21
1992-09-15,2168.48,587.86
1992-09-16,2168.48,585.89
1992-09-17,2168.48,587.82
1992-09-18,2168.48,589.12
1992-09-21,2168.48,588.58
1992-09-22,2168.48,583.0
1992-09-23,2168.48,582.96
1992-09-24,2168.48,585.93
1992-09-25,2168.48,577.2
1992-09-28,2168.48,575.34
1992-09-29,2168.48,577.63
1992-09-30,2168.48,583.27
1992-10-01,2168.48,578.33
1992-10-02,2168.48,571.63
1992-10-05,2168.48,565.21
1992-10-06,2168.48,570.55
1992-10-07,2168.48,569.2
1992-10-08,2168.48,573.88
1992-10-09,2168.48,570.52
1992-10-12,2168.48,573.84
1992-10-13,2168.48,576.44
1992-10-14,2168.48,576.22
1992-10-15,2168.48,578.64
1992-10-16,2168.48,582.61
1992-10-19,2168.48,590.67
1992-10-20,2168.48,592.7
1992-10-21,2168.48,597.15
1992-10-22,2168.48,597.12
1992-10-23,2168.48,597.3
1992-10-26,2168.48,598.92
1992-10-27,2168.48,596.95
1992-10-28,2168.48,601.39
1992-10-29,2168.48,605.82
1992-10-30,2168.48,605.17
1992-11-02,2168.48,607.57
1992-11-03,2168.48,604.58
1992-11-04,2168.48,605.52
1992-11-05,2168.48,614.08
1992-11-06,2168.48,616.82
1992-11-09,2168.48,622.05
1992-11-10,2168.48,627.76
1992-11-11,2168.48,634.92
1992-11-12,2168.48,634.37
1992-11-13,2168.48,637.16
1992-11-16,2168.48,634.01
1992-11-17,2168.48,627.07
1992-11-18,2168.48,634.86
1992-11-19,2168.48,638.57
1992-11-20,2168.48,642.6
1992-11-23,2168.48,638.84
1992-11-24,2168.48,645.94
1992-11-25,2168.48,648.33
1992-11-26,2168.48,648.33
1992-11-27,2168.48,649.49
1992-11-30,2168.48,652.73
1992-12-01,2168.48,653.95
1992-12-02,2168.48,652.91
1992-12-03,2168.48,656.36
1992-12-04,2168.48,661.6
1992-12-07,2168.48,666.53
1992-12-08,2168.48,667.12
1992-12-09,2168.48,663.92
1992-12-10,2168.48,658.93
1992-12-11,2168.48,655.79
1992-12-14,2168.48,654.73
1992-12-15,2168.48,650.75
1992-12-16,2168.48,649.63
1992-12-17,2168.48,658.46
1992-12-18,2168.48,661.29
1992-12-21,2168.48,662.46
1992-12-22,2168.48,660.84
1992-12-23,2168.48,662.96
1992-12-24,2168.48,665.88
1992-12-25,2168.48,665.88
1992-12-28,2168.48,666.25
1992-12-29,2168.48,669.01
1992-12-30,2168.48,671.85
1992-12-31,2168.48,676.95
1993-01-01,2168.48,676.95
1993-01-04,2168.48,671.8
1993-01-05,2168.48,674.34
1993-01-06,2168.48,681.85
1993-01-07,2168.48,678.21
1993-01-08,2168.48,677.21
1993-01-11,2168.48,682.4
1993-01-12,2168.48,679.45
1993-01-13,2168.48,686.78
1993-01-14,2168.48,695.7
1993-01-15,2168.48,697.15
1993-01-18,2168.48,698.13
1993-01-19,2168.48,696.81
1993-01-20,2168.48,697.44
1993-01-21,2168.48,700.77
1993-01-22,2168.48,701.63
1993-01-25,2168.48,706.95
1993-01-26,2168.48,707.16
1993-01-27,2168.48,697.9
1993-01-28,2168.48,694.67
1993-01-29,2168.48,696.34
1993-02-01,2168.48,701.77
1993-02-02,2168.48,705.12
1993-02-03,2168.48,708.67
1993-02-04,2168.48,708.85
1993-02-05,2168.48,700.98
1993-02-08,2168.48,698.44
1993-02-09,2168.48,692.21
1993-02-10,2168.48,695.02
1993-02-11,2168.48,695.88
1993-02-12,2168.48,690.54
1993-02-15,2168.48,690.54
1993-02-16,2168.48,665.39
1993-02-17,2168.48,659.43
1993-02-18,2168.48,662.45
1993-02-19,2168.48,663.61
1993-02-22,2168.48,652.42
1993-02-23,2168.48,651.56
1993-02-24,2168.48,662.46
1993-02-25,2168.48,667.07
1993-02-26,2168.48,670.77
1993-03-01,2168.48,669.51
1993-03-02,2168.48,677.72
1993-03-03,2168.48,683.92
1993-03-04,2168.48,680.73
1993-03-05,2168.48,681.37
1993-03-08,2168.48,687.23
1993-03-09,2168.48,688.96
1993-03-10,2168.48,692.87
1993-03-11,2168.48,694.28
1993-03-12,2168.48,692.78
1993-03-15,2168.48,695.21
1993-03-16,2168.48,695.47
1993-03-17,2168.48,687.4
1993-03-18,2168.48,687.41
1993-03-19,2168.48,682.72
1993-03-22,2168.48,676.62
1993-03-23,2168.48,675.04
1993-03-24,2168.48,674.36
1993-03-25,2168.48,681.01
1993-03-26,2168.48,681.54
1993-03-29,2168.48,680.76
1993-03-30,2168.48,686.25
1993-03-31,2168.48,690.13
1993-04-01,2168.48,686.64
1993-04-02,2168.48,669.85
1993-04-05,2168.48,670.71
1993-04-06,2168.48,664.14
1993-04-07,2168.48,668.88
1993-04-08,2168.48,666.33
1993-04-09,2168.48,666.33
1993-04-12,2168.48,673.12
1993-04-13,2168.48,673.83
1993-04-14,2168.48,673.94
1993-04-15,2168.48,670.32
1993-04-16,2168.48,666.78
1993-04-19,2168.48,663.03
1993-04-20,2168.48,661.97
1993-04-21,2168.48,664.04
1993-04-22,2168.48,663.51
1993-04-23,2168.48,658.41
1993-04-26,2168.48,645.87
1993-04-27,2168.48,652.52
1993-04-28,2168.48,658.16
1993-04-29,2168.48,658.45
1993-04-30,2168.48,661.42
1993-05-03,2168.48,666.71
1993-05-04,2168.48,678.16
1993-05-05,2168.48,683.26
1993-05-06,2168.48,680.04
1993-05-07,2168.48,681.44
1993-05-10,2168.48,682.82
1993-05-11,2168.48,683.06
1993-05-12,2168.48,681.69
1993-05-13,2168.48,675.64
1993-05-14,2168.48,676.37
1993-05-17,2168.48,677.96
1993-05-18,2168.48,680.78
1993-05-19,2168.48,690.43
1993-05-20,2168.48,697.43
1993-05-21,2168.48,694.29
1993-05-24,2168.48,694.69
1993-05-25,2168.48,695.04
1993-05-26,2168.48,704.09
1993-05-27,2168.48,704.59
1993-05-28,2168.48,700.53
1993-05-31,2168.48,700.53
1993-06-01,2168.48,704.28
1993-06-02,2168.48,705.86
1993-06-03,2168.48,706.22
1993-06-04,2168.48,702.01
1993-06-07,2168.48,694.61
1993-06-08,2168.48,687.74
1993-06-09,2168.48,689.24
1993-06-10,2168.48,688.05
1993-06-11,2168.48,693.19
1993-06-14,2168.48,696.41
1993-06-15,2168.48,697.34
1993-06-16,2168.48,696.25
1993-06-17,2168.48,695.94
1993-06-18,2168.48,689.59
1993-06-21,2168.48,688.74
1993-06-22,2168.48,686.77
1993-06-23,2168.48,684.79
1993-06-24,2168.48,688.72
1993-06-25,2168.48,694.81
1993-06-28,2168.48,702.84
1993-06-29,2168.48,701.07
1993-06-30,2168.48,703.95
1993-07-01,2168.48,703.59
1993-07-02,2168.48,704.49
1993-07-05,2168.48,704.49
1993-07-06,2168.48,702.22
1993-07-07,2168.48,698.79
1993-07-08,2168.48,702.71
1993-07-09,2168.48,705.81
1993-07-12,2168.48,707.67
1993-07-13,2168.48,708.47
1993-07-14,2168.48,712.49
1993-07-15,2168.48,708.69
1993-07-16,2168.48,699.73
1993-07-19,2168.48,695.83
1993-07-20,2168.48,701.9
1993-07-21,2168.48,700.08
1993-07-22,2168.48,695.52
1993-07-23,2168.48,700.24
1993-07-26,2168.48,704.54
1993-07-27,2168.48,701.0
1993-07-28,2168.48,705.59
1993-07-29,2168.48,707.24
1993-07-30,2168.48,704.7
1993-08-02,2168.48,707.66
1993-08-03,2168.48,709.01
1993-08-04,2168.48,713.79
1993-08-05,2168.48,715.5
1993-08-06,2168.48,718.08
1993-08-09,2168.48,718.49
1993-08-10,2168.48,717.08
1993-08-11,2168.48,718.77
1993-08-12,2168.48,717.12
1993-08-13,2168.48,718.26
1993-08-16,2168.48,726.89
1993-08-17,2168.48,731.01
1993-08-18,2168.48,734.83
1993-08-19,2168.48,730.48
1993-08-20,2168.48,730.96
1993-08-23,2168.48,730.86
1993-08-24,2168.48,735.14
1993-08-25,2168.48,733.66
1993-08-26,2168.48,731.39
1993-08-27,2168.48,734.07
1993-08-30,2168.48,737.38
1993-08-31,2168.48,742.84
1993-09-01,2168.48,746.15
1993-09-02,2168.48,748.65
1993-09-03,2168.48,749.71
1993-09-06,2168.48,749.71
1993-09-07,2168.48,739.35
1993-09-08,2168.48,730.73
1993-09-09,2168.48,737.71
1993-09-10,2168.48,744.31
1993-09-13,2168.48,740.32
1993-09-14,2168.48,732.64
1993-09-15,2168.48,739.55
1993-09-16,2168.48,739.8
1993-09-17,2168.48,740.11
1993-09-20,2168.48,740.21
1993-09-21,2168.48,733.56
1993-09-22,2168.48,745.54
1993-09-23,2168.48,752.26
1993-09-24,2168.48,754.65
1993-09-27,2168.48,759.95
1993-09-28,2168.48,763.66
1993-09-29,2168.48,763.17
1993-09-30,2168.48,762.78
1993-10-01,2168.48,763.23
1993-10-04,2168.48,764.84
1993-10-05,2168.48,762.27
1993-10-06,2168.48,764.77
1993-10-07,2168.48,762.49
1993-10-08,2168.48,764.27
1993-10-11,2168.48,767.65
1993-10-12,2168.48,772.46
1993-10-13,2168.48,778.97
1993-10-14,2168.48,785.41
1993-10-15,2168.48,787.42
1993-10-18,2168.48,782.91
1993-10-19,2168.48,768.71
1993-10-20,2168.48,768.25
1993-10-21,2168.48,771.28
1993-10-22,2168.48,772.68
1993-10-25,2168.48,769.75
1993-10-26,2168.48,765.46
1993-10-27,2168.48,771.88
1993-10-28,2168.48,773.49
1993-10-29,2168.48,779.26
1993-11-01,2168.48,783.77
1993-11-02,2168.48,785.66
1993-11-03,2168.48,772.95
1993-11-04,2168.48,757.26
1993-11-05,2168.48,762.99
1993-11-08,2168.48,766.21
1993-11-09,2168.48,769.84
1993-11-10,2168.48,776.5
1993-11-11,2168.48,778.98
1993-11-12,2168.48,779.32
1993-11-15,2168.48,772.45
1993-11-16,2168.48,771.69
1993-11-17,2168.48,762.36
1993-11-18,2168.48,754.34
1993-11-19,2168.48,751.56
1993-11-22,2168.48,738.13
1993-11-23,2168.48,746.82
1993-11-24,2168.48,753.18
1993-11-25,2168.48,753.18
1993-11-26,2168.48,754.87
1993-11-29,2168.48,751.54
1993-11-30,2168.48,754.39
1993-12-01,2168.48,763.81
1993-12-02,2168.48,766.73
1993-12-03,2168.48,772.22
1993-12-06,2168.48,771.09
1993-12-07,2168.48,769.35
1993-12-08,2168.48,767.89
1993-12-09,2168.48,761.49
1993-12-10,2168.48,760.74
1993-12-13,2168.48,759.72
1993-12-14,2168.48,751.47
1993-12-15,2168.48,752.97
1993-12-16,2168.48,755.53
1993-12-17,2168.48,759.23
1993-12-20,2168.48,760.15
1993-12-21,2168.48,755.63
1993-12-22,2168.48,756.07
1993-12-23,2168.48,758.7
1993-12-24,2168.48,758.7
1993-12-27,2168.48,761.06
1993-12-28,2168.48,764.56
1993-12-29,2168.48,768.48
1993-12-30,2168.48,771.08
1993-12-31,2168.48,776.8
1994-01-03,2168.48,770.76
1994-01-04,2168.48,774.28
1994-01-05,2168.48,778.05
1994-01-06,2168.48,780.41
1994-01-07,2168.48,782.94
1994-01-10,2168.48,786.69
1994-01-11,2168.48,785.52
1994-01-12,2168.48,786.87
1994-01-13,2168.48,787.81
1994-01-14,2168.48,792.31
1994-01-17,2168.48,792.18
1994-01-18,2168.48,793.02
1994-01-19,2168.48,789.28
1994-01-20,2168.48,793.02
1994-01-21,2168.48,794.28
1994-01-24,2168.48,790.65
1994-01-25,2168.48,786.39
1994-01-26,2168.48,788.8
1994-01-27,2168.48,792.88
1994-01-28,2168.48,796.53
1994-01-31,2168.48,800.47
1994-02-01,2168.48,797.24
1994-02-02,2168.48,799.57
1994-02-03,2168.48,797.79
1994-02-04,2168.48,777.28
1994-02-07,2168.48,779.2
1994-02-08,2168.48,782.7
1994-02-09,2168.48,786.53
1994-02-10,2168.48,783.42
1994-02-11,2168.48,781.39
1994-02-14,2168.48,785.45
1994-02-15,2168.48,790.12
1994-02-16,2168.48,792.62
1994-02-17,2168.48,790.24
1994-02-18,2168.48,788.85
1994-02-21,2168.48,788.85
1994-02-22,2168.48,791.15
1994-02-23,2168.48,789.11
1994-02-24,2168.48,779.44
1994-02-25,2168.48,783.78
1994-02-28,2168.48,792.5
1994-03-01,2168.48,788.64
1994-03-02,2168.48,783.47
1994-03-03,2168.48,784.58
1994-03-04,2168.48,790.55
1994-03-07,2168.48,795.05
1994-03-08,2168.48,792.12
1994-03-09,2168.48,793.05
1994-03-10,2168.48,789.09
1994-03-11,2168.48,789.2
1994-03-14,2168.48,792.8
1994-03-15,2168.48,793.52
1994-03-16,2168.48,798.99
1994-03-17,2168.48,803.85
1994-03-18,2168.48,803.93
1994-03-21,2168.48,797.3
1994-03-22,2168.48,796.34
1994-03-23,2168.48,797.51
1994-03-24,2168.48,786.68
1994-03-25,2168.48,783.45
1994-03-28,2168.48,772.5
1994-03-29,2168.48,755.29
1994-03-30,2168.48,744.91
1994-03-31,2168.48,743.46
1994-04-01,2168.48,743.46
1994-04-04,2168.48,727.41
1994-04-05,2168.48,750.95
1994-04-06,2168.48,750.72
1994-04-07,2168.48,755.17
1994-04-08,2168.48,748.71
1994-04-11,2168.48,748.11
1994-04-12,2168.48,739.22
1994-04-13,2168.48,727.38
1994-04-14,2168.48,727.31
1994-04-15,2168.48,727.97
1994-04-18,2168.48,720.45
1994-04-19,2168.48,712.85
1994-04-20,2168.48,705.52
1994-04-21,2168.48,718.74
1994-04-22,2168.48,722.56
1994-04-25,2168.48,730.8
1994-04-26,2168.48,734.21
1994-04-27,2168.48,734.21
1994-04-28,2168.48,731.69
1994-04-29,2168.48,733.84
1994-05-02,2168.48,740.68
1994-05-03,2168.48,739.37
1994-05-04,2168.48,740.3
1994-05-05,2168.48,740.55
1994-05-06,2168.48,732.86
1994-05-09,2168.48,722.96
1994-05-10,2168.48,725.0
1994-05-11,2168.48,717.0
1994-05-12,2168.48,719.61
1994-05-13,2168.48,716.92
1994-05-16,2168.48,711.91
1994-05-17,2168.48,711.52
1994-05-18,2168.48,721.9
1994-05-19,2168.48,727.31
1994-05-20,2168.48,726.7
1994-05-23,2168.48,724.95
1994-05-24,2168.48,731.47
1994-05-25,2168.48,732.07
1994-05-26,2168.48,731.64
1994-05-27,2168.48,733.14
1994-05-30,2168.48,733.14
1994-05-31,2168.48,735.19
1994-06-01,2168.48,735.52
1994-06-02,2168.48,739.5
1994-06-03,2168.48,742.38
1994-06-06,2168.48,743.43
1994-06-07,2168.48,739.3
1994-06-08,2168.48,729.79
1994-06-09,2168.48,728.88
1994-06-10,2168.48,734.25
1994-06-13,2168.48,731.7
1994-06-14,2168.48,735.98
1994-06-15,2168.48,735.84
1994-06-16,2168.48,734.97
1994-06-17,2168.48,729.35
1994-06-20,2168.48,718.85
1994-06-21,2168.48,708.79
1994-06-22,2168.48,712.74
1994-06-23,2168.48,700.85
1994-06-24,2168.48,693.79
1994-06-27,2168.48,702.68
1994-06-28,2168.48,702.05
1994-06-29,2168.48,704.01
1994-06-30,2168.48,705.96
1994-07-01,2168.48,706.85
1994-07-04,2168.48,706.85
1994-07-05,2168.48,703.59
1994-07-06,2168.48,701.0
1994-07-07,2168.48,706.53
1994-07-08,2168.48,707.46
1994-07-11,2168.48,706.83
1994-07-12,2168.48,709.59
1994-07-13,2168.48,719.35
1994-07-14,2168.48,721.56
1994-07-15,2168.48,721.36
1994-07-18,2168.48,722.62
1994-07-19,2168.48,719.32
1994-07-20,2168.48,712.77
1994-07-21,2168.48,715.03
1994-07-22,2168.48,716.68
1994-07-25,2168.48,716.88
1994-07-26,2168.48,715.66
1994-07-27,2168.48,712.13
1994-07-28,2168.48,712.43
1994-07-29,2168.48,722.16
1994-08-01,2168.48,724.85
1994-08-02,2168.48,724.8
1994-08-03,2168.48,723.69
1994-08-04,2168.48,720.18
1994-08-05,2168.48,718.67
1994-08-08,2168.48,720.47
1994-08-09,2168.48,722.61
1994-08-10,2168.48,728.2
1994-08-11,2168.48,728.2
1994-08-12,2168.48,731.61
1994-08-15,2168.48,732.89
1994-08-16,2168.48,735.51
1994-08-17,2168.48,742.66
1994-08-18,2168.48,742.17
1994-08-19,2168.48,742.43
1994-08-22,2168.48,742.29
1994-08-23,2168.48,747.98
1994-08-24,2168.48,751.72
1994-08-25,2168.48,754.8
1994-08-26,2168.48,762.94
1994-08-29,2168.48,763.21
1994-08-30,2168.48,766.46
1994-08-31,2168.48,765.62
1994-09-01,2168.48,758.95
1994-09-02,2168.48,759.23
1994-09-05,2168.48,759.23
1994-09-06,2168.48,759.48
1994-09-07,2168.48,764.28
1994-09-08,2168.48,769.3
1994-09-09,2168.48,763.73
1994-09-12,2168.48,760.01
1994-09-13,2168.48,765.83
1994-09-14,2168.48,768.61
1994-09-15,2168.48,778.66
1994-09-16,2168.48,777.91
1994-09-19,2168.48,776.72
1994-09-20,2168.48,766.74
1994-09-21,2168.48,760.71
1994-09-22,2168.48,760.44
1994-09-23,2168.48,757.46
1994-09-26,2168.48,755.63
1994-09-27,2168.48,755.37
1994-09-28,2168.48,760.01
1994-09-29,2168.48,759.34
1994-09-30,2168.48,764.29
1994-10-03,2168.48,760.88
1994-10-04,2168.48,747.3
1994-10-05,2168.48,746.28
1994-10-06,2168.48,744.19
1994-10-07,2168.48,749.96
1994-10-10,2168.48,756.81
1994-10-11,2168.48,765.57
1994-10-12,2168.48,767.0
1994-10-13,2168.48,767.89
1994-10-14,2168.48,767.08
1994-10-17,2168.48,765.78
1994-10-18,2168.48,764.81
1994-10-19,2168.48,770.62
1994-10-20,2168.48,768.24
1994-10-21,2168.48,765.38
1994-10-24,2168.48,761.21
1994-10-25,2168.48,758.26
1994-10-26,2168.48,763.24
1994-10-27,2168.48,767.47
1994-10-28,2168.48,776.15
1994-10-31,2168.48,777.49
1994-11-01,2168.48,772.19
1994-11-02,2168.48,771.82
1994-11-03,2168.48,772.1
1994-11-04,2168.48,766.08
1994-11-07,2168.48,762.31
1994-11-08,2168.48,767.54
1994-11-09,2168.48,767.25
1994-11-10,2168.48,764.38
1994-11-11,2168.48,762.12
1994-11-14,2168.48,768.14
1994-11-15,2168.48,769.02
1994-11-16,2168.48,769.64
1994-11-17,2168.48,765.84
1994-11-18,2168.48,764.67
1994-11-21,2168.48,757.74
1994-11-22,2168.48,741.21
1994-11-23,2168.48,736.7
1994-11-24,2168.48,736.7
1994-11-25,2168.48,742.52
1994-11-28,2168.48,745.73
1994-11-29,2168.48,751.48
1994-11-30,2168.48,750.32
1994-12-01,2168.48,741.2
1994-12-02,2168.48,745.02
1994-12-05,2168.48,745.71
1994-12-06,2168.48,741.23
1994-12-07,2168.48,734.27
1994-12-08,2168.48,719.12
1994-12-09,2168.48,719.05
1994-12-12,2168.48,719.12
1994-12-13,2168.48,719.49
1994-12-14,2168.48,725.67
1994-12-15,2168.48,730.68
1994-12-16,2168.48,729.07
1994-12-19,2168.48,727.89
1994-12-20,2168.48,728.51
1994-12-21,2168.48,737.12
1994-12-22,2168.48,739.34
1994-12-23,2168.48,742.19
1994-12-26,2168.48,742.19
1994-12-27,2168.48,746.19
1994-12-28,2168.48,742.46
1994-12-29,2168.48,749.53
1994-12-30,2168.48,751.96
1995-01-02,2168.48,751.96
1995-01-03,2168.48,743.58
1995-01-04,2168.48,745.84
1995-01-05,2168.48,745.66
1995-01-06,2168.48,749.69
1995-01-09,2168.48,752.09
1995-01-10,2168.48,756.52
1995-01-11,2168.48,755.74
1995-01-12,2168.48,756.51
1995-01-13,2168.48,762.16
1995-01-16,2168.48,768.16
1995-01-17,2168.48,772.14
1995-01-18,2168.48,772.38
1995-01-19,2168.48,768.55
1995-01-20,2168.48,762.05
1995-01-23,2168.48,759.51
1995-01-24,2168.48,763.2
1995-01-25,2168.48,760.98
1995-01-26,2168.48,757.56
1995-01-27,2168.48,758.91
1995-01-30,2168.48,751.83
1995-01-31,2168.48,755.2
1995-02-01,2168.48,758.31
1995-02-02,2168.48,763.64
1995-02-03,2168.48,772.06
1995-02-06,2168.48,778.85
1995-02-07,2168.48,778.97
1995-02-08,2168.48,783.77
1995-02-09,2168.48,785.44
1995-02-10,2168.48,790.43
1995-02-13,2168.48,789.42
1995-02-14,2168.48,790.62
1995-02-15,2168.48,795.63
1995-02-16,2168.48,793.31
1995-02-17,2168.48,786.97
1995-02-20,2168.48,786.97
1995-02-21,2168.48,784.62
1995-02-22,2168.48,787.93
1995-02-23,2168.48,791.35
1995-02-24,2168.48,791.08
1995-02-27,2168.48,784.5
1995-02-28,2168.48,793.73
1995-03-01,2168.48,791.87
1995-03-02,2168.48,793.68
1995-03-03,2168.48,798.79
1995-03-06,2168.48,797.77
1995-03-07,2168.48,791.33
1995-03-08,2168.48,795.81
1995-03-09,2168.48,796.24
1995-03-10,2168.48,802.22
1995-03-13,2168.48,802.31
1995-03-14,2168.48,808.24
1995-03-15,2168.48,807.38
1995-03-16,2168.48,809.34
1995-03-17,2168.48,808.33
1995-03-20,2168.48,810.49
1995-03-21,2168.48,809.78
1995-03-22,2168.48,809.1
1995-03-23,2168.48,811.39
1995-03-24,2168.48,818.66
1995-03-27,2168.48,822.63
1995-03-28,2168.48,826.14
1995-03-29,2168.48,819.16
1995-03-30,2168.48,816.86
1995-03-31,2168.48,817.21
1995-04-03,2168.48,818.05
1995-04-04,2168.48,813.72
1995-04-05,2168.48,816.32
1995-04-06,2168.48,813.8
1995-04-07,2168.48,814.69
1995-04-10,2168.48,821.26
1995-04-11,2168.48,824.83
1995-04-12,2168.48,828.53
1995-04-13,2168.48,832.64
1995-04-14,2168.48,832.64
1995-04-17,2168.48,830.82
1995-04-18,2168.48,825.74
1995-04-19,2168.48,816.55
1995-04-20,2168.48,819.01
1995-04-21,2168.48,823.44
1995-04-24,2168.48,828.91
1995-04-25,2168.48,831.28
1995-04-26,2168.48,836.91
1995-04-27,2168.48,840.95
1995-04-28,2168.48,843.98
1995-05-01,2168.48,841.63
1995-05-02,2168.48,841.79
1995-05-03,2168.48,850.26
1995-05-04,2168.48,846.75
1995-05-05,2168.48,843.53
1995-05-08,2168.48,849.29
1995-05-09,2168.48,848.17
1995-05-10,2168.48,847.62
1995-05-11,2168.48,853.83
1995-05-12,2168.48,858.94
1995-05-15,2168.48,863.06
1995-05-16,2168.48,868.25
1995-05-17,2168.48,871.93
1995-05-18,2168.48,864.06
1995-05-19,2168.48,864.32
1995-05-22,2168.48,871.18
1995-05-23,2168.48,879.64
1995-05-24,2168.48,877.98
1995-05-25,2168.48,877.32
1995-05-26,2168.48,871.87
1995-05-29,2168.48,871.87
1995-05-30,2168.48,858.7
1995-05-31,2168.48,864.58
1995-06-01,2168.48,868.82
1995-06-02,2168.48,872.97
1995-06-05,2168.48,882.85
1995-06-06,2168.48,879.4
1995-06-07,2168.48,881.58
1995-06-08,2168.48,886.13
1995-06-09,2168.48,884.38
1995-06-12,2168.48,887.98
1995-06-13,2168.48,894.23
1995-06-14,2168.48,895.72
1995-06-15,2168.48,902.68
1995-06-16,2168.48,908.65
1995-06-19,2168.48,922.09
1995-06-20,2168.48,929.83
1995-06-21,2168.48,929.19
1995-06-22,2168.48,940.09
1995-06-23,2168.48,938.87
1995-06-26,2168.48,926.98
1995-06-27,2168.48,919.56
1995-06-28,2168.48,920.52
1995-06-29,2168.48,926.81
1995-06-30,2168.48,933.45
1995-07-03,2168.48,934.53
1995-07-04,2168.48,934.53
1995-07-05,2168.48,941.82
1995-07-06,2168.48,952.93
1995-07-07,2168.48,969.76
1995-07-10,2168.48,976.62
1995-07-11,2168.48,970.22
1995-07-12,2168.48,988.63
1995-07-13,2168.48,994.15
1995-07-14,2168.48,999.33
1995-07-17,2168.48,1005.89
1995-07-18,2168.48,988.53
1995-07-19,2168.48,952.87
1995-07-20,2168.48,960.57
1995-07-21,2168.48,961.77
1995-07-24,2168.48,978.57
1995-07-25,2168.48,993.75
1995-07-26,2168.48,1000.18
1995-07-27,2168.48,1010.66
1995-07-28,2168.48,1005.28
1995-07-31,2168.48,1001.21
1995-08-01,2168.48,991.11
1995-08-02,2168.48,983.75
1995-08-03,2168.48,982.7
1995-08-04,2168.48,991.09
1995-08-07,2168.48,995.22
1995-08-08,2168.48,997.12
1995-08-09,2168.48,1005.1
1995-08-10,2168.48,1000.61
1995-08-11,2168.48,1004.11
1995-08-14,2168.48,1012.44
1995-08-15,2168.48,1012.37
1995-08-16,2168.48,1025.75
1995-08-17,2168.48,1029.24
1995-08-18,2168.48,1031.28
1995-08-21,2168.48,1019.7
1995-08-22,2168.48,1025.29
1995-08-23,2168.48,1028.19
1995-08-24,2168.48,1020.93
1995-08-25,2168.48,1019.97
1995-08-28,2168.48,1008.15
1995-08-29,2168.48,1003.64
1995-08-30,2168.48,1012.61
1995-08-31,2168.48,1020.11
1995-09-01,2168.48,1019.47
1995-09-04,2168.48,1019.47
1995-09-05,2168.48,1039.3
1995-09-06,2168.48,1044.28
1995-09-07,2168.48,1051.08
1995-09-08,2168.48,1060.03
1995-09-11,2168.48,1066.56
1995-09-12,2168.48,1065.0
1995-09-13,2168.48,1067.4
1995-09-14,2168.48,1066.96
1995-09-15,2168.48,1051.1
1995-09-18,2168.48,1050.18
1995-09-19,2168.48,1060.32
1995-09-20,2168.48,1065.09
1995-09-21,2168.48,1058.51
1995-09-22,2168.48,1053.39
1995-09-25,2168.48,1046.15
1995-09-26,2168.48,1038.05
1995-09-27,2168.48,1026.54
1995-09-28,2168.48,1047.05
1995-09-29,2168.48,1043.54
1995-10-02,2168.48,1027.57
1995-10-03,2168.48,1020.45
1995-10-04,2168.48,1002.27
1995-10-05,2168.48,1014.2
1995-10-06,2168.48,1012.04
1995-10-09,2168.48,984.74
1995-10-10,2168.48,983.47
1995-10-11,2168.48,1001.57
1995-10-12,2168.48,1015.63
1995-10-13,2168.48,1018.38
1995-10-16,2168.48,1018.13
1995-10-17,2168.48,1035.44
1995-10-18,2168.48,1045.13
1995-10-19,2168.48,1046.97
1995-10-20,2168.48,1039.53
1995-10-23,2168.48,1036.92
1995-10-24,2168.48,1039.24
1995-10-25,2168.48,1026.47
1995-10-26,2168.48,1017.57
1995-10-27,2168.48,1025.55
1995-10-30,2168.48,1039.69
1995-10-31,2168.48,1036.06
1995-11-01,2168.48,1040.5
1995-11-02,2168.48,1057.32
1995-11-03,2168.48,1065.66
1995-11-06,2168.48,1062.14
1995-11-07,2168.48,1043.9
1995-11-08,2168.48,1047.94
1995-11-09,2168.48,1065.59
1995-11-10,2168.48,1063.87
1995-11-13,2168.48,1058.46
1995-11-14,2168.48,1040.62
1995-11-15,2168.48,1041.85
1995-11-16,2168.48,1044.48
1995-11-17,2168.48,1045.03
1995-11-20,2168.48,1029.47
1995-11-21,2168.48,1024.99
1995-11-22,2168.48,1021.24
1995-11-23,2168.48,1021.24
1995-11-24,2168.48,1030.17
1995-11-27,2168.48,1029.32
1995-11-28,2168.48,1050.05
1995-11-29,2168.48,1057.57
1995-11-30,2168.48,1059.2
1995-12-01,2168.48,1055.31
1995-12-04,2168.48,1069.79
1995-12-05,2168.48,1065.89
1995-12-06,2168.48,1061.73
1995-12-07,2168.48,1053.17
1995-12-08,2168.48,1062.41
1995-12-11,2168.48,1061.5
1995-12-12,2168.48,1052.07
1995-12-13,2168.48,1056.54
1995-12-14,2168.48,1038.19
1995-12-15,2168.48,1030.48
1995-12-18,2168.48,1002.56
1995-12-19,2168.48,1026.41
1995-12-20,2168.48,1025.27
1995-12-21,2168.48,1040.64
1995-12-22,2168.48,1046.89
1995-12-25,2168.48,1046.89
1995-12-26,2168.48,1049.37
1995-12-27,2168.48,1048.13
1995-12-28,2168.48,1042.22
1995-12-29,2168.48,1052.13
1996-01-01,2168.48,1052.13
1996-01-02,2168.48,1058.65
1996-01-03,2168.48,1046.26
1996-01-04,2168.48,1029.82
1996-01-05,2168.48,1033.47
1996-01-08,2168.48,1032.37
1996-01-09,2168.48,998.81
1996-01-10,2168.48,990.21
1996-01-11,2168.48,1011.1
1996-01-12,2168.48,1008.23
1996-01-15,2168.48,988.57
1996-01-16,2168.48,995.87
1996-01-17,2168.48,998.3
1996-01-18,2168.48,1007.24
1996-01-19,2168.48,1018.45
1996-01-22,2168.48,1029.44
1996-01-23,2168.48,1028.04
1996-01-24,2168.48,1043.46
1996-01-25,2168.48,1035.95
1996-01-26,2168.48,1040.96
1996-01-29,2168.48,1042.51
1996-01-30,2168.48,1051.3
1996-01-31,2168.48,1059.79
1996-02-01,2168.48,1069.46
1996-02-02,2168.48,1072.11
1996-02-05,2168.48,1083.34
1996-02-06,2168.48,1089.08
1996-02-07,2168.48,1084.88
1996-02-08,2168.48,1093.17
1996-02-09,2168.48,1094.6
1996-02-12,2168.48,1095.38
1996-02-13,2168.48,1087.22
1996-02-14,2168.48,1088.03
1996-02-15,2168.48,1090.54
1996-02-16,2168.48,1090.71
1996-02-19,2168.48,1090.71
1996-02-20,2168.48,1083.24
1996-02-21,2168.48,1096.85
1996-02-22,2168.48,1117.11
1996-02-23,2168.48,1117.79
1996-02-26,2168.48,1113.05
1996-02-27,2168.48,1106.17
1996-02-28,2168.48,1107.55
1996-02-29,2168.48,1100.05
1996-03-01,2168.48,1086.08
1996-03-04,2168.48,1084.88
1996-03-05,2168.48,1096.81
1996-03-06,2168.48,1091.82
1996-03-07,2168.48,1093.12
1996-03-08,2168.48,1063.73
1996-03-11,2168.48,1080.5
1996-03-12,2168.48,1073.05
1996-03-13,2168.48,1088.64
1996-03-14,2168.48,1091.07
1996-03-15,2168.48,1099.59
1996-03-18,2168.48,1114.42
1996-03-19,2168.48,1112.5
1996-03-20,2168.48,1101.82
1996-03-21,2168.48,1099.79
1996-03-22,2168.48,1102.22
1996-03-25,2168.48,1087.09
1996-03-26,2168.48,1088.35
1996-03-27,2168.48,1093.88
1996-03-28,2168.48,1094.83
1996-03-29,2168.48,1101.4
1996-04-01,2168.48,1106.57
1996-04-02,2168.48,1111.29
1996-04-03,2168.48,1115.85
1996-04-04,2168.48,1118.21
1996-04-05,2168.48,1118.21
1996-04-08,2168.48,1105.66
1996-04-09,2168.48,1109.15
1996-04-10,2168.48,1105.28
1996-04-11,2168.48,1097.14
1996-04-12,2168.48,1100.94
1996-04-15,2168.48,1110.44
1996-04-16,2168.48,1124.92
1996-04-17,2168.48,1120.87
1996-04-18,2168.48,1136.3
1996-04-19,2168.48,1138.7
1996-04-22,2168.48,1153.5
1996-04-23,2168.48,1166.76
1996-04-24,2168.48,1176.83
1996-04-25,2168.48,1184.17
1996-04-26,2168.48,1186.89
1996-04-29,2168.48,1188.2
1996-04-30,2168.48,1190.52
1996-05-01,2168.48,1199.66
1996-05-02,2168.48,1178.33
1996-05-03,2168.48,1184.6
1996-05-06,2168.48,1186.31
1996-05-07,2168.48,1182.67
1996-05-08,2168.48,1183.43
1996-05-09,2168.48,1187.82
1996-05-10,2168.48,1202.76
1996-05-13,2168.48,1221.87
1996-05-14,2168.48,1234.49
1996-05-15,2168.48,1233.56
1996-05-16,2168.48,1239.31
1996-05-17,2168.48,1241.88
1996-05-20,2168.48,1248.11
1996-05-21,2168.48,1244.42
1996-05-22,2168.48,1247.38
1996-05-23,2168.48,1248.65
1996-05-24,2168.48,1247.8
1996-05-27,2168.48,1247.8
1996-05-28,2168.48,1236.3
1996-05-29,2168.48,1225.63
1996-05-30,2168.48,1233.48
1996-05-31,2168.48,1243.43
1996-06-03,2168.48,1238.73
1996-06-04,2168.48,1243.68
1996-06-05,2168.48,1249.15
1996-06-06,2168.48,1232.52
1996-06-07,2168.48,1229.76
1996-06-10,2168.48,1230.04
1996-06-11,2168.48,1230.76
1996-06-12,2168.48,1235.47
1996-06-13,2168.48,1225.65
1996-06-14,2168.48,1213.18
1996-06-17,2168.48,1207.64
1996-06-18,2168.48,1183.08
1996-06-19,2168.48,1179.27
1996-06-20,2168.48,1167.34
1996-06-21,2168.48,1175.44
1996-06-24,2168.48,1182.9
1996-06-25,2168.48,1172.58
1996-06-26,2168.48,1153.29
1996-06-27,2168.48,1166.01
1996-06-28,2168.48,1185.02
1996-07-01,2168.48,1197.45
1996-07-02,2168.48,1191.15
1996-07-03,2168.48,1181.6
1996-07-04,2168.48,1181.6
1996-07-05,2168.48,1158.35
1996-07-08,2168.48,1148.82
1996-07-09,2168.48,1153.59
1996-07-10,2168.48,1141.19
1996-07-11,2168.48,1106.36
1996-07-12,2168.48,1103.49
1996-07-15,2168.48,1060.19
1996-07-16,2168.48,1053.47
1996-07-17,2168.48,1086.65
1996-07-18,2168.48,1109.82
1996-07-19,2168.48,1097.68
1996-07-22,2168.48,1081.39
1996-07-23,2168.48,1049.07
1996-07-24,2168.48,1042.37
1996-07-25,2168.48,1062.39
1996-07-26,2168.48,1079.44
1996-07-29,2168.48,1066.47
1996-07-30,2168.48,1071.95
1996-07-31,2168.48,1080.59
1996-08-01,2168.48,1098.85
1996-08-02,2168.48,1124.92
1996-08-05,2168.48,1120.53
1996-08-06,2168.48,1128.87
1996-08-07,2168.48,1141.11
1996-08-08,2168.48,1137.51
1996-08-09,2168.48,1137.27
1996-08-12,2168.48,1138.27
1996-08-13,2168.48,1126.15
1996-08-14,2168.48,1133.51
1996-08-15,2168.48,1134.69
1996-08-16,2168.48,1133.65
1996-08-19,2168.48,1130.91
1996-08-20,2168.48,1124.67
1996-08-21,2168.48,1126.84
1996-08-22,2168.48,1143.96
1996-08-23,2168.48,1143.05
1996-08-26,2168.48,1139.22
1996-08-27,2168.48,1149.02
1996-08-28,2168.48,1153.88
1996-08-29,2168.48,1145.03
1996-08-30,2168.48,1141.5
1996-09-02,2168.48,1141.5
1996-09-03,2168.48,1142.29
1996-09-04,2168.48,1143.82
1996-09-05,2168.48,1125.66
1996-09-06,2168.48,1139.39
1996-09-09,2168.48,1148.71
1996-09-10,2168.48,1149.43
1996-09-11,2168.48,1153.95
1996-09-12,2168.48,1165.81
1996-09-13,2168.48,1188.67
1996-09-16,2168.48,1193.96
1996-09-17,2168.48,1203.31
1996-09-18,2168.48,1205.71
1996-09-19,2168.48,1212.09
1996-09-20,2168.48,1219.69
1996-09-23,2168.48,1211.47
1996-09-24,2168.48,1215.27
1996-09-25,2168.48,1224.66
1996-09-26,2168.48,1227.98
1996-09-27,2168.48,1230.05
1996-09-30,2168.48,1226.92
1996-10-01,2168.48,1221.51
1996-10-02,2168.48,1236.11
1996-10-03,2168.48,1233.09
1996-10-04,2168.48,1247.56
1996-10-07,2168.48,1250.87
1996-10-08,2168.48,1240.15
1996-10-09,2168.48,1237.98
1996-10-10,2168.48,1236.97
1996-10-11,2168.48,1248.27
1996-10-14,2168.48,1256.36
1996-10-15,2168.48,1258.1
1996-10-16,2168.48,1250.99
1996-10-17,2168.48,1241.96
1996-10-18,2168.48,1242.48
1996-10-21,2168.48,1236.41
1996-10-22,2168.48,1220.0
1996-10-23,2168.48,1227.88
1996-10-24,2168.48,1227.0
1996-10-25,2168.48,1222.6
1996-10-28,2168.48,1215.89
1996-10-29,2168.48,1203.05
1996-10-30,2168.48,1206.23
1996-10-31,2168.48,1221.51
1996-11-01,2168.48,1221.78
1996-11-04,2168.48,1220.48
1996-11-05,2168.48,1229.07
1996-11-06,2168.48,1245.49
1996-11-07,2168.48,1254.14
1996-11-08,2168.48,1257.51
1996-11-11,2168.48,1262.67
1996-11-12,2168.48,1256.53
1996-11-13,2168.48,1260.72
1996-11-14,2168.48,1270.36
1996-11-15,2168.48,1261.8
1996-11-18,2168.48,1254.57
1996-11-19,2168.48,1262.62
1996-11-20,2168.48,1264.94
1996-11-21,2168.48,1258.08
1996-11-22,2168.48,1274.36
1996-11-25,2168.48,1280.37
1996-11-26,2168.48,1281.2
1996-11-27,2168.48,1287.32
1996-11-28,2168.48,1287.32
1996-11-29,2168.48,1292.61
1996-12-02,2168.48,1299.82
1996-12-03,2168.48,1300.37
1996-12-04,2168.48,1297.02
1996-12-05,2168.48,1300.12
1996-12-06,2168.48,1287.68
1996-12-09,2168.48,1316.27
1996-12-10,2168.48,1312.55
1996-12-11,2168.48,1309.12
1996-12-12,2168.48,1298.33
1996-12-13,2168.48,1284.91
1996-12-16,2168.48,1260.98
1996-12-17,2168.48,1266.32
1996-12-18,2168.48,1285.38
1996-12-19,2168.48,1295.86
1996-12-20,2168.48,1288.56
1996-12-23,2168.48,1279.52
1996-12-24,2168.48,1287.63
1996-12-25,2168.48,1287.63
1996-12-26,2168.48,1294.57
1996-12-27,2168.48,1291.38
1996-12-30,2168.48,1287.75
1996-12-31,2168.48,1291.03
1997-01-01,2168.48,1291.03
1997-01-02,2168.48,1280.7
1997-01-03,2168.48,1310.68
1997-01-06,2168.48,1316.4
1997-01-07,2168.48,1327.73
1997-01-08,2168.48,1320.35
1997-01-09,2168.48,1326.2
1997-01-10,2168.48,1332.02
1997-01-13,2168.48,1330.91
1997-01-14,2168.48,1346.36
1997-01-15,2168.48,1333.53
1997-01-16,2168.48,1340.58
1997-01-17,2168.48,1349.05
1997-01-20,2168.48,1364.28
1997-01-21,2168.48,1376.97
1997-01-22,2168.48,1388.06
1997-01-23,2168.48,1378.37
1997-01-24,2168.48,1363.83
1997-01-27,2168.48,1352.81
1997-01-28,2168.48,1354.37
1997-01-29,2168.48,1355.17
1997-01-30,2168.48,1371.02
1997-01-31,2168.48,1379.85
1997-02-03,2168.48,1376.05
1997-02-04,2168.48,1373.75
1997-02-05,2168.48,1348.44
1997-02-06,2168.48,1346.4
1997-02-07,2168.48,1357.71
1997-02-10,2168.48,1335.34
1997-02-11,2168.48,1331.51
1997-02-12,2168.48,1358.96
1997-02-13,2168.48,1370.81
1997-02-14,2168.48,1367.19
1997-02-17,2168.48,1367.19
1997-02-18,2168.48,1365.79
1997-02-19,2168.48,1365.58
1997-02-20,2168.48,1347.4
1997-02-21,2168.48,1334.32
1997-02-24,2168.48,1345.08
1997-02-25,2168.48,1347.69
1997-02-26,2168.48,1340.55
1997-02-27,2168.48,1312.66
1997-02-28,2168.48,1309.0
1997-03-03,2168.48,1311.18
1997-03-04,2168.48,1317.37
1997-03-05,2168.48,1329.09
1997-03-06,2168.48,1315.43
1997-03-07,2168.48,1311.8
1997-03-10,2168.48,1322.72
1997-03-11,2168.48,1316.76
1997-03-12,2168.48,1304.13
1997-03-13,2168.48,1293.28
1997-03-14,2168.48,1292.97
1997-03-17,2168.48,1279.43
1997-03-18,2168.48,1269.34
1997-03-19,2168.48,1249.29
1997-03-20,2168.48,1259.26
1997-03-21,2168.48,1254.07
1997-03-24,2168.48,1242.64
1997-03-25,2168.48,1248.06
1997-03-26,2168.48,1269.08
1997-03-27,2168.48,1249.51
1997-03-28,2168.48,1249.51
1997-03-31,2168.48,1221.7
1997-04-01,2168.48,1216.93
1997-04-02,2168.48,1201.0
1997-04-03,2168.48,1213.76
1997-04-04,2168.48,1236.73
1997-04-07,2168.48,1251.35
1997-04-08,2168.48,1257.37
1997-04-09,2168.48,1249.43
1997-04-10,2168.48,1235.77
1997-04-11,2168.48,1206.9
1997-04-14,2168.48,1216.41
1997-04-15,2168.48,1212.88
1997-04-16,2168.48,1210.27
1997-04-17,2168.48,1217.07
1997-04-18,2168.48,1222.57
1997-04-21,2168.48,1203.95
1997-04-22,2168.48,1212.74
1997-04-23,2168.48,1227.14
1997-04-24,2168.48,1228.1
1997-04-25,2168.48,1209.29
1997-04-28,2168.48,1217.03
1997-04-29,2168.48,1242.63
1997-04-30,2168.48,1260.76
1997-05-01,2168.48,1270.5
1997-05-02,2168.48,1305.33
1997-05-05,2168.48,1339.24
1997-05-06,2168.48,1328.3
1997-05-07,2168.48,1322.91
1997-05-08,2168.48,1330.83
1997-05-09,2168.48,1335.05
1997-05-12,2168.48,1344.19
1997-05-13,2168.48,1333.59
1997-05-14,2168.48,1335.55
1997-05-15,2168.48,1353.58
1997-05-16,2168.48,1340.73
1997-05-19,2168.48,1341.24
1997-05-20,2168.48,1363.88
1997-05-21,2168.48,1373.75
1997-05-22,2168.48,1372.6
1997-05-23,2168.48,1389.72
1997-05-26,2168.48,1389.72
1997-05-27,2168.48,1409.21
1997-05-28,2168.48,1410.18
1997-05-29,2168.48,1403.04
1997-05-30,2168.48,1400.32
1997-06-02,2168.48,1404.79
1997-06-03,2168.48,1384.91
1997-06-04,2168.48,1379.67
1997-06-05,2168.48,1390.05
1997-06-06,2168.48,1404.84
1997-06-09,2168.48,1412.04
1997-06-10,2168.48,1401.69
1997-06-11,2168.48,1407.85
1997-06-12,2168.48,1411.32
1997-06-13,2168.48,1423.03
1997-06-16,2168.48,1431.95
1997-06-17,2168.48,1443.11
1997-06-18,2168.48,1432.43
1997-06-19,2168.48,1447.14
1997-06-20,2168.48,1447.1
1997-06-23,2168.48,1434.32
1997-06-24,2168.48,1452.43
1997-06-25,2168.48,1446.24
1997-06-26,2168.48,1436.38
1997-06-27,2168.48,1438.15
1997-06-30,2168.48,1442.07
1997-07-01,2168.48,1438.25
1997-07-02,2168.48,1455.61
1997-07-03,2168.48,1467.61
1997-07-04,2168.48,1467.61
1997-07-07,2168.48,1470.74
1997-07-08,2168.48,1485.1
1997-07-09,2168.48,1486.63
1997-07-10,2168.48,1490.93
1997-07-11,2168.48,1502.62
1997-07-14,2168.48,1523.88
1997-07-15,2168.48,1542.11
1997-07-16,2168.48,1580.63
1997-07-17,2168.48,1568.85
1997-07-18,2168.48,1547.99
1997-07-21,2168.48,1536.23
1997-07-22,2168.48,1563.86
1997-07-23,2168.48,1567.65
1997-07-24,2168.48,1569.13
1997-07-25,2168.48,1569.58
1997-07-28,2168.48,1563.53
1997-07-29,2168.48,1572.32
1997-07-30,2168.48,1588.05
1997-07-31,2168.48,1593.81
1997-08-01,2168.48,1594.33
1997-08-04,2168.48,1605.45
1997-08-05,2168.48,1621.53
1997-08-06,2168.48,1630.44
1997-08-07,2168.48,1624.18
1997-08-08,2168.48,1598.52
1997-08-11,2168.48,1586.74
1997-08-12,2168.48,1576.24
1997-08-13,2168.48,1583.4
1997-08-14,2168.48,1586.69
1997-08-15,2168.48,1562.03
1997-08-18,2168.48,1569.52
1997-08-19,2168.48,1600.71
1997-08-20,2168.48,1628.7
1997-08-21,2168.48,1607.36
1997-08-22,2168.48,1598.69
1997-08-25,2168.48,1601.57
1997-08-26,2168.48,1591.3
1997-08-27,2168.48,1595.54
1997-08-28,2168.48,1581.32
1997-08-29,2168.48,1587.32
1997-09-01,2168.48,1587.32
1997-09-02,2168.48,1618.09
1997-09-03,2168.48,1618.24
1997-09-04,2168.48,1624.63
1997-09-05,2168.48,1635.77
1997-09-08,2168.48,1645.35
1997-09-09,2168.48,1656.22
1997-09-10,2168.48,1639.25
1997-09-11,2168.48,1639.86
1997-09-12,2168.48,1649.33
1997-09-15,2168.48,1634.92
1997-09-16,2168.48,1668.6
1997-09-17,2168.48,1666.47
1997-09-18,2168.48,1670.02
1997-09-19,2168.48,1680.36
1997-09-22,2168.48,1689.45
1997-09-23,2168.48,1697.36
1997-09-24,2168.48,1687.41
1997-09-25,2168.48,1678.89
1997-09-26,2168.48,1682.24
1997-09-29,2168.48,1694.98
1997-09-30,2168.48,1685.69
1997-10-01,2168.48,1690.3
1997-10-02,2168.48,1702.41
1997-10-03,2168.48,1715.87
1997-10-06,2168.48,1721.91
1997-10-07,2168.48,1737.27
1997-10-08,2168.48,1741.77
1997-10-09,2168.48,1745.85
1997-10-10,2168.48,1739.03
1997-10-13,2168.48,1742.12
1997-10-14,2168.48,1732.79
1997-10-15,2168.48,1723.37
1997-10-16,2168.48,1699.66
1997-10-17,2168.48,1666.85
1997-10-20,2168.48,1685.45
1997-10-21,2168.48,1712.54
1997-10-22,2168.48,1708.08
1997-10-23,2168.48,1671.25
1997-10-24,2168.48,1650.92
1997-10-27,2168.48,1535.09
1997-10-28,2168.48,1603.02
1997-10-29,2168.48,1602.75
1997-10-30,2168.48,1570.41
1997-10-31,2168.48,1593.61
1997-11-03,2168.48,1629.98
1997-11-04,2168.48,1631.15
1997-11-05,2168.48,1637.33
1997-11-06,2168.48,1623.44
1997-11-07,2168.48,1602.4
1997-11-10,2168.48,1590.72
1997-11-11,2168.48,1584.86
1997-11-12,2168.48,1541.72
1997-11-13,2168.48,1559.25
1997-11-14,2168.48,1583.51
1997-11-17,2168.48,1614.11
1997-11-18,2168.48,1600.44
1997-11-19,2168.48,1601.22
1997-11-20,2168.48,1626.56
1997-11-21,2168.48,1620.75
1997-11-24,2168.48,1586.99
1997-11-25,2168.48,1589.04
1997-11-26,2168.48,1594.5
1997-11-27,2168.48,1594.5
1997-11-28,2168.48,1600.55
1997-12-01,2168.48,1630.72
1997-12-02,2168.48,1606.37
1997-12-03,2168.48,1615.13
1997-12-04,2168.48,1613.42
1997-12-05,2168.48,1633.9
1997-12-08,2168.48,1651.54
1997-12-09,2168.48,1620.55
1997-12-10,2168.48,1596.61
1997-12-11,2168.48,1558.54
1997-12-12,2168.48,1536.58
1997-12-15,2168.48,1536.56
1997-12-16,2168.48,1553.0
1997-12-17,2168.48,1547.37
1997-12-18,2168.48,1523.19
1997-12-19,2168.48,1524.74
1997-12-22,2168.48,1532.06
1997-12-23,2168.48,1509.91
1997-12-24,2168.48,1499.53
1997-12-25,2168.48,1499.53
1997-12-26,2168.48,1511.38
1997-12-29,2168.48,1537.45
1997-12-30,2168.48,1565.03
1997-12-31,2168.48,1570.35
1998-01-01,2168.48,1570.35
1998-01-02,2168.48,1581.53
1998-01-05,2168.48,1594.12
1998-01-06,2168.48,1580.14
1998-01-07,2168.48,1561.7
1998-01-08,2168.48,1555.54
1998-01-09,2168.48,1503.22
1998-01-12,2168.48,1507.58
1998-01-13,2168.48,1541.63
1998-01-14,2168.48,1548.76
1998-01-15,2168.48,1547.06
1998-01-16,2168.48,1562.88
1998-01-19,2168.48,1562.88
1998-01-20,2168.48,1590.14
1998-01-21,2168.48,1587.92
1998-01-22,2168.48,1576.51
1998-01-23,2168.48,1575.93
1998-01-26,2168.48,1561.46
1998-01-27,2168.48,1578.9
1998-01-28,2168.48,1610.82
1998-01-29,2168.48,1619.49
1998-01-30,2168.48,1619.36
1998-02-02,2168.48,1652.89
1998-02-03,2168.48,1666.34
1998-02-04,2168.48,1680.44
1998-02-05,2168.48,1676.9
1998-02-06,2168.48,1694.35
1998-02-09,2168.48,1690.43
1998-02-10,2168.48,1709.04
1998-02-11,2168.48,1708.55
1998-02-12,2168.48,1714.34
1998-02-13,2168.48,1710.42
1998-02-16,2168.48,1710.42
1998-02-17,2168.48,1703.43
1998-02-18,2168.48,1715.73
1998-02-19,2168.48,1727.01
1998-02-20,2168.48,1728.13
1998-02-23,2168.48,1751.76
1998-02-24,2168.48,1738.71
1998-02-25,2168.48,1766.48
1998-02-26,2168.48,1777.11
1998-02-27,2168.48,1770.51
1998-03-02,2168.48,1758.54
1998-03-03,2168.48,1757.14
1998-03-04,2168.48,1759.7
1998-03-05,2168.48,1711.92
1998-03-06,2168.48,1753.49
1998-03-09,2168.48,1725.16
1998-03-10,2168.48,1748.51
1998-03-11,2168.48,1756.85
1998-03-12,2168.48,1764.06
1998-03-13,2168.48,1771.66
1998-03-16,2168.48,1788.18
1998-03-17,2168.48,1779.3
1998-03-18,2168.48,1788.28
1998-03-19,2168.48,1799.98
1998-03-20,2168.48,1789.16
1998-03-23,2168.48,1792.51
1998-03-24,2168.48,1812.44
1998-03-25,2168.48,1824.51
1998-03-26,2168.48,1828.54
1998-03-27,2168.48,1823.62
1998-03-30,2168.48,1818.7
1998-03-31,2168.48,1835.68
1998-04-01,2168.48,1847.66
1998-04-02,2168.48,1852.96
1998-04-03,2168.48,1855.4
1998-04-06,2168.48,1829.14
1998-04-07,2168.48,1798.71
1998-04-08,2168.48,1807.01
1998-04-09,2168.48,1820.24
1998-04-10,2168.48,1820.24
1998-04-13,2168.48,1824.95
1998-04-14,2168.48,1843.03
1998-04-15,2168.48,1863.26
1998-04-16,2168.48,1858.24
1998-04-17,2168.48,1866.6
1998-04-20,2168.48,1887.14
1998-04-21,2168.48,1903.87
1998-04-22,2168.48,1917.61
1998-04-23,2168.48,1881.39
1998-04-24,2168.48,1868.96
1998-04-27,2168.48,1820.31
1998-04-28,2168.48,1831.77
1998-04-29,2168.48,1851.64
1998-04-30,2168.48,1868.41
1998-05-01,2168.48,1873.44
1998-05-04,2168.48,1878.86
1998-05-05,2168.48,1864.91
1998-05-06,2168.48,1856.68
1998-05-07,2168.48,1835.14
1998-05-08,2168.48,1864.37
1998-05-11,2168.48,1848.07
1998-05-12,2168.48,1860.16
1998-05-13,2168.48,1866.18
1998-05-14,2168.48,1865.36
1998-05-15,2168.48,1846.77
1998-05-18,2168.48,1831.62
1998-05-19,2168.48,1845.87
1998-05-20,2168.48,1831.75
1998-05-21,2168.48,1820.99
1998-05-22,2168.48,1805.0
1998-05-25,2168.48,1805.0
1998-05-26,2168.48,1778.09
1998-05-27,2168.48,1781.1
1998-05-28,2168.48,1794.62
1998-05-29,2168.48,1778.87
1998-06-01,2168.48,1746.82
1998-06-02,2168.48,1761.79
1998-06-03,2168.48,1742.31
1998-06-04,2168.48,1769.95
1998-06-05,2168.48,1782.92
1998-06-08,2168.48,1787.77
1998-06-09,2168.48,1800.76
1998-06-10,2168.48,1773.25
1998-06-11,2168.48,1749.75
1998-06-12,2168.48,1745.05
1998-06-15,2168.48,1715.75
1998-06-16,2168.48,1753.12
1998-06-17,2168.48,1776.4
1998-06-18,2168.48,1772.7
1998-06-19,2168.48,1781.29
1998-06-22,2168.48,1805.82
1998-06-23,2168.48,1844.57
1998-06-24,2168.48,1877.76
1998-06-25,2168.48,1863.25
1998-06-26,2168.48,1869.53
1998-06-29,2168.48,1891.08
1998-06-30,2168.48,1894.74
1998-07-01,2168.48,1914.46
1998-07-02,2168.48,1894.0
1998-07-03,2168.48,1894.0
1998-07-06,2168.48,1909.47
1998-07-07,2168.48,1908.11
1998-07-08,2168.48,1935.39
1998-07-09,2168.48,1939.82
1998-07-10,2168.48,1943.04
1998-07-13,2168.48,1965.53
1998-07-14,2168.48,1968.41
1998-07-15,2168.48,1994.54
1998-07-16,2168.48,2000.56
1998-07-17,2168.48,2008.76
1998-07-20,2168.48,2014.25
1998-07-21,2168.48,1979.14
1998-07-22,2168.48,1969.75
1998-07-23,2168.48,1935.22
1998-07-24,2168.48,1930.99
1998-07-27,2168.48,1933.26
1998-07-28,2168.48,1896.53
1998-07-29,2168.48,1881.49
1998-07-30,2168.48,1919.58
1998-07-31,2168.48,1872.39
1998-08-03,2168.48,1851.1
1998-08-04,2168.48,1785.64
1998-08-05,2168.48,1788.2
1998-08-06,2168.48,1829.51
1998-08-07,2168.48,1846.77
1998-08-10,2168.48,1839.21
1998-08-11,2168.48,1792.7
1998-08-12,2168.48,1825.53
1998-08-13,2168.48,1802.54
1998-08-14,2168.48,1790.19
1998-08-17,2168.48,1818.04
1998-08-18,2168.48,1855.12
1998-08-19,2168.48,1842.69
1998-08-20,2168.48,1832.45
1998-08-21,2168.48,1797.61
1998-08-24,2168.48,1790.82
1998-08-25,2168.48,1798.17
1998-08-26,2168.48,1768.13
1998-08-27,2168.48,1686.41
1998-08-28,2168.48,1639.68
1998-08-31,2168.48,1499.25
1998-09-01,2168.48,1575.09
1998-09-02,2168.48,1592.85
1998-09-03,2168.48,1571.86
1998-09-04,2168.48,1566.52
1998-09-07,2168.48,1566.52
1998-09-08,2168.48,1660.86
1998-09-09,2168.48,1624.55
1998-09-10,2168.48,1585.33
1998-09-11,2168.48,1641.64
1998-09-14,2168.48,1665.69
1998-09-15,2168.48,1678.11
1998-09-16,2168.48,1689.91
1998-09-17,2168.48,1646.25
1998-09-18,2168.48,1663.77
1998-09-21,2168.48,1680.43
1998-09-22,2168.48,1697.8
1998-09-23,2168.48,1760.27
1998-09-24,2168.48,1720.34
1998-09-25,2168.48,1743.59
1998-09-28,2168.48,1739.22
1998-09-29,2168.48,1734.05
1998-09-30,2168.48,1693.84
1998-10-01,2168.48,1612.33
1998-10-02,2168.48,1614.98
1998-10-05,2168.48,1536.69
1998-10-06,2168.48,1510.89
1998-10-07,2168.48,1462.61
1998-10-08,2168.48,1419.12
1998-10-09,2168.48,1492.49
1998-10-12,2168.48,1546.08
1998-10-13,2168.48,1509.45
1998-10-14,2168.48,1540.97
1998-10-15,2168.48,1611.01
1998-10-16,2168.48,1620.95
1998-10-19,2168.48,1648.73
1998-10-20,2168.48,1639.19
1998-10-21,2168.48,1674.75
1998-10-22,2168.48,1702.64
1998-10-23,2168.48,1693.86
1998-10-26,2168.48,1724.98
1998-10-27,2168.48,1717.63
1998-10-28,2168.48,1737.35
1998-10-29,2168.48,1757.19
1998-10-30,2168.48,1771.39
1998-11-02,2168.48,1800.91
1998-11-03,2168.48,1788.43
1998-11-04,2168.48,1823.57
1998-11-05,2168.48,1837.1
1998-11-06,2168.48,1856.56
1998-11-09,2168.48,1861.05
1998-11-10,2168.48,1865.62
1998-11-11,2168.48,1862.11
1998-11-12,2168.48,1851.06
1998-11-13,2168.48,1847.99
1998-11-16,2168.48,1861.68
1998-11-17,2168.48,1878.52
1998-11-18,2168.48,1897.44
1998-11-19,2168.48,1919.68
1998-11-20,2168.48,1928.21
1998-11-23,2168.48,1977.42
1998-11-24,2168.48,1965.88
1998-11-25,2168.48,1985.21
1998-11-26,2168.48,1985.21
1998-11-27,2168.48,2016.44
1998-11-30,2168.48,1949.54
1998-12-01,2168.48,2003.75
1998-12-02,2168.48,1995.21
1998-12-03,2168.48,1954.33
1998-12-04,2168.48,2003.16
1998-12-07,2168.48,2040.64
1998-12-08,2168.48,2034.75
1998-12-09,2168.48,2050.42
1998-12-10,2168.48,2015.96
1998-12-11,2168.48,2029.31
1998-12-14,2168.48,1966.92
1998-12-15,2168.48,2012.6
1998-12-16,2168.48,2009.36
1998-12-17,2168.48,2043.88
1998-12-18,2168.48,2086.14
1998-12-21,2168.48,2138.03
1998-12-22,2168.48,2120.98
1998-12-23,2168.48,2172.54
1998-12-24,2168.48,2163.03
1998-12-25,2168.48,2163.03
1998-12-28,2168.48,2180.3
1998-12-29,2168.48,2181.77
1998-12-30,2168.48,2166.95
1998-12-31,2168.48,2192.69
1999-01-01,2168.48,2192.69
1999-01-04,2168.48,2208.05
1999-01-05,2168.48,2251.27
1999-01-06,2168.48,2320.86
1999-01-07,2168.48,2326.09
1999-01-08,2168.48,2344.41
1999-01-11,2168.48,2384.59
1999-01-12,2168.48,2320.75
1999-01-13,2168.48,2316.81
1999-01-14,2168.48,2276.82
1999-01-15,2168.48,2348.2
1999-01-18,2168.48,2348.2
1999-01-19,2168.48,2408.17
1999-01-20,2168.48,2415.49
1999-01-21,2168.48,2344.72
1999-01-22,2168.48,2338.88
1999-01-25,2168.48,2369.31
1999-01-26,2168.48,2433.41
1999-01-27,2168.48,2407.14
1999-01-28,2168.48,2477.34
1999-01-29,2168.48,2505.89
1999-02-01,2168.48,2510.09
1999-02-02,2168.48,2463.42
1999-02-03,2168.48,2493.41
1999-02-04,2168.48,2410.07
1999-02-05,2168.48,2373.62
1999-02-08,2168.48,2404.92
1999-02-09,2168.48,2310.79
1999-02-10,2168.48,2309.5
1999-02-11,2168.48,2405.55
1999-02-12,2168.48,2321.89
1999-02-15,2168.48,2321.89
1999-02-16,2168.48,2313.87
1999-02-17,2168.48,2248.91
1999-02-18,2168.48,2260.55
1999-02-19,2168.48,2283.6
1999-02-22,2168.48,2342.01
1999-02-23,2168.48,2376.35
1999-02-24,2168.48,2339.38
1999-02-25,2168.48,2326.82
1999-02-26,2168.48,2288.03
1999-03-01,2168.48,2295.18
1999-03-02,2168.48,2259.03
1999-03-03,2168.48,2265.2
1999-03-04,2168.48,2292.89
1999-03-05,2168.48,2337.11
1999-03-08,2168.48,2397.62
1999-03-09,2168.48,2392.94
1999-03-10,2168.48,2406.0
1999-03-11,2168.48,2412.25
1999-03-12,2168.48,2381.53
1999-03-15,2168.48,2431.44
1999-03-16,2168.48,2439.27
1999-03-17,2168.48,2428.97
1999-03-18,2168.48,2462.96
1999-03-19,2168.48,2421.27
1999-03-22,2168.48,2395.94
1999-03-23,2168.48,2322.84
1999-03-24,2168.48,2365.28
1999-03-25,2168.48,2434.8
1999-03-26,2168.48,2419.17
1999-03-29,2168.48,2492.84
1999-03-30,2168.48,2480.29
1999-03-31,2168.48,2461.4
1999-04-01,2168.48,2493.37
1999-04-02,2168.48,2493.37
1999-04-05,2168.48,2560.06
1999-04-06,2168.48,2563.17
1999-04-07,2168.48,2544.43
1999-04-08,2168.48,2573.39
1999-04-09,2168.48,2593.05
1999-04-12,2168.48,2598.81
1999-04-13,2168.48,2583.5
1999-04-14,2168.48,2507.28
1999-04-15,2168.48,2521.77
1999-04-16,2168.48,2484.04
1999-04-19,2168.48,2345.61
1999-04-20,2168.48,2409.64
1999-04-21,2168.48,2489.08
1999-04-22,2168.48,2561.61
1999-04-23,2168.48,2590.69
1999-04-26,2168.48,2652.05
1999-04-27,2168.48,2602.41
1999-04-28,2168.48,2550.37
1999-04-29,2168.48,2528.44
1999-04-30,2168.48,2542.85
1999-05-03,2168.48,2535.58
1999-05-04,2168.48,2485.12
1999-05-05,2168.48,2534.45
1999-05-06,2168.48,2472.28
1999-05-07,2168.48,2503.62
1999-05-10,2168.48,2526.39
1999-05-11,2168.48,2566.68
1999-05-12,2168.48,2606.54
1999-05-13,2168.48,2582.0
1999-05-14,2168.48,2527.86
1999-05-17,2168.48,2561.84
1999-05-18,2168.48,2558.36
1999-05-19,2168.48,2577.4
1999-05-20,2168.48,2542.23
1999-05-21,2168.48,2520.14
1999-05-24,2168.48,2453.66
1999-05-25,2168.48,2380.9
1999-05-26,2168.48,2427.18
1999-05-27,2168.48,2419.15
1999-05-28,2168.48,2470.52
1999-05-31,2168.48,2470.52
1999-06-01,2168.48,2412.03
1999-06-02,2168.48,2432.41
1999-06-03,2168.48,2403.32
1999-06-04,2168.48,2478.34
1999-06-07,2168.48,2524.21
1999-06-08,2168.48,2474.56
1999-06-09,2168.48,2519.35
1999-06-10,2168.48,2484.62
1999-06-11,2168.48,2447.88
1999-06-14,2168.48,2398.31
1999-06-15,2168.48,2414.67
1999-06-16,2168.48,2517.83
1999-06-17,2168.48,2544.15
1999-06-18,2168.48,2563.44
1999-06-21,2168.48,2630.28
1999-06-22,2168.48,2580.26
1999-06-23,2168.48,2598.12
1999-06-24,2168.48,2553.99
1999-06-25,2168.48,2552.65
1999-06-28,2168.48,2602.44
1999-06-29,2168.48,2642.11
1999-06-30,2168.48,2686.12
1999-07-01,2168.48,2706.18
1999-07-02,2168.48,2741.02
1999-07-05,2168.48,2741.02
1999-07-06,2168.48,2736.78
1999-07-07,2168.48,2743.04
1999-07-08,2168.48,2771.86
1999-07-09,2168.48,2793.07
1999-07-12,2168.48,2790.44
1999-07-13,2168.48,2778.23
1999-07-14,2168.48,2818.13
1999-07-15,2168.48,2839.37
1999-07-16,2168.48,2864.48
1999-07-19,2168.48,2830.29
1999-07-20,2168.48,2732.18
1999-07-21,2168.48,2761.77
1999-07-22,2168.48,2684.44
1999-07-23,2168.48,2692.4
1999-07-26,2168.48,2619.19
1999-07-27,2168.48,2679.33
1999-07-28,2168.48,2705.84
1999-07-29,2168.48,2640.01
1999-07-30,2168.48,2638.49
1999-08-02,2168.48,2623.63
1999-08-03,2168.48,2587.99
1999-08-04,2168.48,2540.0
1999-08-05,2168.48,2565.83
1999-08-06,2168.48,2547.97
1999-08-09,2168.48,2518.98
1999-08-10,2168.48,2490.11
1999-08-11,2168.48,2564.98
1999-08-12,2168.48,2549.49
1999-08-13,2168.48,2637.81
1999-08-16,2168.48,2645.28
1999-08-17,2168.48,2671.22
1999-08-18,2168.48,2657.73
1999-08-19,2168.48,2621.43
1999-08-20,2168.48,2648.33
1999-08-23,2168.48,2719.57
1999-08-24,2168.48,2752.37
1999-08-25,2168.48,2805.6
1999-08-26,2168.48,2774.62
1999-08-27,2168.48,2758.9
1999-08-30,2168.48,2712.69
1999-08-31,2168.48,2739.35
1999-09-01,2168.48,2750.8
1999-09-02,2168.48,2734.24
1999-09-03,2168.48,2843.11
1999-09-06,2168.48,2843.11
1999-09-07,2168.48,2837.26
1999-09-08,2168.48,2808.74
1999-09-09,2168.48,2852.02
1999-09-10,2168.48,2887.06
1999-09-13,2168.48,2844.77
1999-09-14,2168.48,2868.29
1999-09-15,2168.48,2814.17
1999-09-16,2168.48,2806.72
1999-09-17,2168.48,2869.62
1999-09-20,2168.48,2886.15
1999-09-21,2168.48,2821.1
1999-09-22,2168.48,2858.16
1999-09-23,2168.48,2749.83
1999-09-24,2168.48,2740.41
1999-09-27,2168.48,2761.75
1999-09-28,2168.48,2756.25
1999-09-29,2168.48,2730.27
1999-09-30,2168.48,2746.16
1999-10-01,2168.48,2736.85
1999-10-04,2168.48,2795.97
1999-10-05,2168.48,2799.67
1999-10-06,2168.48,2857.21
1999-10-07,2168.48,2860.7
1999-10-08,2168.48,2886.57
1999-10-11,2168.48,2915.95
1999-10-12,2168.48,2872.43
1999-10-13,2168.48,2801.27
1999-10-14,2168.48,2806.84
1999-10-15,2168.48,2731.83
1999-10-18,2168.48,2689.15
1999-10-19,2168.48,2688.18
1999-10-20,2168.48,2788.13
1999-10-21,2168.48,2801.95
1999-10-22,2168.48,2816.52
1999-10-25,2168.48,2815.95
1999-10-26,2168.48,2811.47
1999-10-27,2168.48,2802.52
1999-10-28,2168.48,2875.22
1999-10-29,2168.48,2966.43
1999-11-01,2168.48,2967.65
1999-11-02,2168.48,2981.63
1999-11-03,2168.48,3028.51
1999-11-04,2168.48,3055.95
1999-11-05,2168.48,3102.29
1999-11-08,2168.48,3143.97
1999-11-09,2168.48,3125.04
1999-11-10,2168.48,3155.96
1999-11-11,2168.48,3197.29
1999-11-12,2168.48,3221.15
1999-11-15,2168.48,3219.54
1999-11-16,2168.48,3295.52
1999-11-17,2168.48,3269.39
1999-11-18,2168.48,3347.11
1999-11-19,2168.48,3369.25
1999-11-22,2168.48,3392.56
1999-11-23,2168.48,3342.87
1999-11-24,2168.48,3420.5
1999-11-25,2168.48,3420.5
1999-11-26,2168.48,3447.81
1999-11-29,2168.48,3421.37
1999-11-30,2168.48,3336.16
1999-12-01,2168.48,3353.71
1999-12-02,2168.48,3452.78
1999-12-03,2168.48,3520.63
1999-12-06,2168.48,3546.01
1999-12-07,2168.48,3586.92
1999-12-08,2168.48,3586.08
1999-12-09,2168.48,3594.17
1999-12-10,2168.48,3620.24
1999-12-13,2168.48,3658.17
1999-12-14,2168.48,3571.66
1999-12-15,2168.48,3621.95
1999-12-16,2168.48,3715.06
1999-12-17,2168.48,3753.06
1999-12-20,2168.48,3783.87
1999-12-21,2168.48,3911.15
1999-12-22,2168.48,3937.3
1999-12-23,2168.48,3969.44
1999-12-24,2168.48,3969.44
1999-12-27,2168.48,3975.38
1999-12-28,2168.48,3972.11
1999-12-29,2168.48,4041.46
1999-12-30,2168.48,4036.87
1999-12-31,2168.48,4069.31
2000-01-03,2168.48,4131.15
2000-01-04,2168.48,3901.69
2000-01-05,2168.48,3877.54
2000-01-06,2168.48,3727.13
2000-01-07,2168.48,3882.62
2000-01-10,2168.48,4049.67
2000-01-11,2168.48,3921.19
2000-01-12,2168.48,3850.02
2000-01-13,2168.48,3957.21
2000-01-14,2168.48,4064.27
2000-01-17,2168.48,4064.27
2000-01-18,2168.48,4130.81
2000-01-19,2168.48,4151.29
2000-01-20,2168.48,4189.51
2000-01-21,2168.48,4235.4
2000-01-24,2168.48,4096.08
2000-01-25,2168.48,4167.41
2000-01-26,2168.48,4069.91
2000-01-27,2168.48,4039.56
2000-01-28,2168.48,3887.07
2000-01-31,2168.48,3940.35
2000-02-01,2168.48,4051.98
2000-02-02,2168.48,4073.96
2000-02-03,2168.48,4210.98
2000-02-04,2168.48,4244.14
2000-02-07,2168.48,4321.77
2000-02-08,2168.48,4427.5
2000-02-09,2168.48,4363.24
2000-02-10,2168.48,4485.63
2000-02-11,2168.48,4395.45
2000-02-14,2168.48,4418.55
2000-02-15,2168.48,4420.77
2000-02-16,2168.48,4427.65
2000-02-17,2168.48,4548.92
2000-02-18,2168.48,4411.74
2000-02-21,2168.48,4411.74
2000-02-22,2168.48,4382.12
2000-02-23,2168.48,4550.33
2000-02-24,2168.48,4617.65
2000-02-25,2168.48,4590.5
2000-02-28,2168.48,4577.85
2000-02-29,2168.48,4696.69
2000-03-01,2168.48,4784.08
2000-03-02,2168.48,4754.51
2000-03-03,2168.48,4914.79
2000-03-06,2168.48,4904.85
2000-03-07,2168.48,4847.84
2000-03-08,2168.48,4897.26
2000-03-09,2168.48,5046.86
2000-03-10,2168.48,5048.62
2000-03-13,2168.48,4907.24
2000-03-14,2168.48,4706.63
2000-03-15,2168.48,4582.62
2000-03-16,2168.48,4717.39
2000-03-17,2168.48,4798.13
2000-03-20,2168.48,4610.0
2000-03-21,2168.48,4711.68
2000-03-22,2168.48,4864.75
2000-03-23,2168.48,4940.61
2000-03-24,2168.48,4963.03
2000-03-27,2168.48,4958.56
2000-03-28,2168.48,4833.89
2000-03-29,2168.48,4644.67
2000-03-30,2168.48,4457.89
2000-03-31,2168.48,4572.83
2000-04-03,2168.48,4223.68
2000-04-04,2168.48,4148.89
2000-04-05,2168.48,4169.22
2000-04-06,2168.48,4267.56
2000-04-07,2168.48,4446.45
2000-04-10,2168.48,4188.2
2000-04-11,2168.48,4055.9
2000-04-12,2168.48,3769.63
2000-04-13,2168.48,3676.78
2000-04-14,2168.48,3321.29
2000-04-17,2168.48,3539.16
2000-04-18,2168.48,3793.57
2000-04-19,2168.48,3706.41
2000-04-20,2168.48,3643.88
2000-04-21,2168.48,3643.88
2000-04-24,2168.48,3482.48
2000-04-25,2168.48,3711.23
2000-04-26,2168.48,3630.09
2000-04-27,2168.48,3774.03
2000-04-28,2168.48,3860.66
2000-05-01,2168.48,3958.08
2000-05-02,2168.48,3785.45
2000-05-03,2168.48,3707.31
2000-05-04,2168.48,3720.24
2000-05-05,2168.48,3816.82
2000-05-08,2168.48,3669.38
2000-05-09,2168.48,3585.01
2000-05-10,2168.48,3384.73
2000-05-11,2168.48,3499.58
2000-05-12,2168.48,3529.06
2000-05-15,2168.48,3607.65
2000-05-16,2168.48,3717.57
2000-05-17,2168.48,3644.96
2000-05-18,2168.48,3538.71
2000-05-19,2168.48,3390.4
2000-05-22,2168.48,3364.21
2000-05-23,2168.48,3164.55
2000-05-24,2168.48,3270.61
2000-05-25,2168.48,3205.35
2000-05-26,2168.48,3205.11
2000-05-29,2168.48,3205.11
2000-05-30,2168.48,3459.48
2000-05-31,2168.48,3400.91
2000-06-01,2168.48,3582.5
2000-06-02,2168.48,3813.38
2000-06-05,2168.48,3821.76
2000-06-06,2168.48,3756.37
2000-06-07,2168.48,3839.26
2000-06-08,2168.48,3825.56
2000-06-09,2168.48,3874.84
2000-06-12,2168.48,3767.91
2000-06-13,2168.48,3851.06
2000-06-14,2168.48,3797.41
2000-06-15,2168.48,3845.74
2000-06-16,2168.48,3860.56
2000-06-19,2168.48,3989.83
2000-06-20,2168.48,4013.36
2000-06-21,2168.48,4064.01
2000-06-22,2168.48,3936.84
2000-06-23,2168.48,3845.34
2000-06-26,2168.48,3912.12
2000-06-27,2168.48,3858.96
2000-06-28,2168.48,3940.34
2000-06-29,2168.48,3877.23
2000-06-30,2168.48,3966.11
2000-07-03,2168.48,3991.93
2000-07-04,2168.48,3991.93
2000-07-05,2168.48,3863.1
2000-07-06,2168.48,3960.57
2000-07-07,2168.48,4023.2
2000-07-10,2168.48,3980.29
2000-07-11,2168.48,3956.42
2000-07-12,2168.48,4099.59
2000-07-13,2168.48,4174.86
2000-07-14,2168.48,4246.18
2000-07-17,2168.48,4274.67
2000-07-18,2168.48,4177.17
2000-07-19,2168.48,4055.63
2000-07-20,2168.48,4184.56
2000-07-21,2168.48,4094.45
2000-07-24,2168.48,3981.57
2000-07-25,2168.48,4029.57
2000-07-26,2168.48,3987.72
2000-07-27,2168.48,3842.23
2000-07-28,2168.48,3663.0
2000-07-31,2168.48,3766.99
2000-08-01,2168.48,3685.52
2000-08-02,2168.48,3658.46
2000-08-03,2168.48,3759.88
2000-08-04,2168.48,3787.36
2000-08-07,2168.48,3862.99
2000-08-08,2168.48,3848.55
2000-08-09,2168.48,3853.5
2000-08-10,2168.48,3759.99
2000-08-11,2168.48,3789.47
2000-08-14,2168.48,3849.69
2000-08-15,2168.48,3851.66
2000-08-16,2168.48,3861.2
2000-08-17,2168.48,3940.87
2000-08-18,2168.48,3930.34
2000-08-21,2168.48,3953.15
2000-08-22,2168.48,3958.21
2000-08-23,2168.48,4011.01
2000-08-24,2168.48,4053.28
2000-08-25,2168.48,4042.68
2000-08-28,2168.48,4070.59
2000-08-29,2168.48,4082.17
2000-08-30,2168.48,4103.81
2000-08-31,2168.48,4206.35
2000-09-01,2168.48,4234.33
2000-09-04,2168.48,4234.33
2000-09-05,2168.48,4143.18
2000-09-06,2168.48,4013.34
2000-09-07,2168.48,4098.35
2000-09-08,2168.48,3978.41
2000-09-11,2168.48,3896.35
2000-09-12,2168.48,3849.51
2000-09-13,2168.48,3893.89
2000-09-14,2168.48,3913.86
2000-09-15,2168.48,3835.23
2000-09-18,2168.48,3726.52
2000-09-19,2168.48,3865.64
2000-09-20,2168.48,3897.44
2000-09-21,2168.48,3828.87
2000-09-22,2168.48,3803.76
2000-09-25,2168.48,3741.22
2000-09-26,2168.48,3689.1
2000-09-27,2168.48,3656.3
2000-09-28,2168.48,3778.32
2000-09-29,2168.48,3672.82
2000-10-02,2168.48,3568.9
2000-10-03,2168.48,3455.83
2000-10-04,2168.48,3523.1
2000-10-05,2168.48,3472.1
2000-10-06,2168.48,3361.01
2000-10-09,2168.48,3355.56
2000-10-10,2168.48,3240.54
2000-10-11,2168.48,3168.49
2000-10-12,2168.48,3074.68
2000-10-13,2168.48,3316.77
2000-10-16,2168.48,3290.28
2000-10-17,2168.48,3213.96
2000-10-18,2168.48,3171.56
2000-10-19,2168.48,3418.6
2000-10-20,2168.48,3483.14
2000-10-23,2168.48,3468.69
2000-10-24,2168.48,3419.79
2000-10-25,2168.48,3229.57
2000-10-26,2168.48,3272.18
2000-10-27,2168.48,3278.36
2000-10-30,2168.48,3191.4
2000-10-31,2168.48,3369.63
2000-11-01,2168.48,3333.39
2000-11-02,2168.48,3429.02
2000-11-03,2168.48,3451.58
2000-11-06,2168.48,3416.21
2000-11-07,2168.48,3415.79
2000-11-08,2168.48,3231.7
2000-11-09,2168.48,3200.35
2000-11-10,2168.48,3028.99
2000-11-13,2168.48,2966.72
2000-11-14,2168.48,3138.27
2000-11-15,2168.48,3165.49
2000-11-16,2168.48,3031.88
2000-11-17,2168.48,3027.19
2000-11-20,2168.48,2875.64
2000-11-21,2168.48,2871.45
2000-11-22,2168.48,2755.34
2000-11-23,2168.48,2755.34
2000-11-24,2168.48,2904.38
2000-11-27,2168.48,2880.49
2000-11-28,2168.48,2734.98
2000-11-29,2168.48,2706.93
2000-11-30,2168.48,2597.93
2000-12-01,2168.48,2645.29
2000-12-04,2168.48,2615.75
2000-12-05,2168.48,2889.8
2000-12-06,2168.48,2796.5
2000-12-07,2168.48,2752.66
2000-12-08,2168.48,2917.43
2000-12-11,2168.48,3015.1
2000-12-12,2168.48,2931.77
2000-12-13,2168.48,2822.77
2000-12-14,2168.48,2728.51
2000-12-15,2168.48,2653.27
2000-12-18,2168.48,2624.52
2000-12-19,2168.48,2511.71
2000-12-20,2168.48,2332.78
2000-12-21,2168.48,2340.12
2000-12-22,2168.48,2517.02
2000-12-25,2168.48,2517.02
2000-12-26,2168.48,2493.52
2000-12-27,2168.48,2539.35
2000-12-28,2168.48,2557.76
2000-12-29,2168.48,2470.52
2001-01-01,2168.48,2470.52
2001-01-02,2168.48,2291.86
2001-01-03,2168.48,2616.69
2001-01-04,2168.48,2566.83
2001-01-05,2168.48,2407.65
2001-01-08,2168.48,2395.92
2001-01-09,2168.48,2441.3
2001-01-10,2168.48,2524.18
2001-01-11,2168.48,2640.57
2001-01-12,2168.48,2626.5
2001-01-15,2168.48,2626.5
2001-01-16,2168.48,2618.55
2001-01-17,2168.48,2682.78
2001-01-18,2168.48,2768.49
2001-01-19,2168.48,2770.38
2001-01-22,2168.48,2757.91
2001-01-23,2168.48,2840.39
2001-01-24,2168.48,2859.15
2001-01-25,2168.48,2754.28
2001-01-26,2168.48,2781.3
2001-01-29,2168.48,2838.34
2001-01-30,2168.48,2838.35
2001-01-31,2168.48,2772.73
2001-02-01,2168.48,2782.79
2001-02-02,2168.48,2660.5
2001-02-05,2168.48,2643.21
2001-02-06,2168.48,2664.49
2001-02-07,2168.48,2607.82
2001-02-08,2168.48,2562.06
2001-02-09,2168.48,2470.97
2001-02-12,2168.48,2489.66
2001-02-13,2168.48,2427.72
2001-02-14,2168.48,2491.4
2001-02-15,2168.48,2552.91
2001-02-16,2168.48,2425.38
2001-02-19,2168.48,2425.38
2001-02-20,2168.48,2318.35
2001-02-21,2168.48,2268.94
2001-02-22,2168.48,2244.96
2001-02-23,2168.48,2262.51
2001-02-26,2168.48,2308.5
2001-02-27,2168.48,2207.82
2001-02-28,2168.48,2151.83
2001-03-01,2168.48,2183.37
2001-03-02,2168.48,2117.63
2001-03-05,2168.48,2142.92
2001-03-06,2168.48,2204.43
2001-03-07,2168.48,2223.92
2001-03-08,2168.48,2168.73
2001-03-09,2168.48,2052.78
2001-03-12,2168.48,1923.38
2001-03-13,2168.48,2014.78
2001-03-14,2168.48,1972.09
2001-03-15,2168.48,1940.71
2001-03-16,2168.48,1890.91
2001-03-19,2168.48,1951.18
2001-03-20,2168.48,1857.44
2001-03-21,2168.48,1830.23
2001-03-22,2168.48,1897.7
2001-03-23,2168.48,1928.68
2001-03-26,2168.48,1918.49
2001-03-27,2168.48,1972.26
2001-03-28,2168.48,1854.13
2001-03-29,2168.48,1820.57
2001-03-30,2168.48,1840.26
2001-04-02,2168.48,1782.97
2001-04-03,2168.48,1673.0
2001-04-04,2168.48,1638.8
2001-04-05,2168.48,1785.0
2001-04-06,2168.48,1720.36
2001-04-09,2168.48,1745.71
2001-04-10,2168.48,1852.03
2001-04-11,2168.48,1898.95
2001-04-12,2168.48,1961.43
2001-04-13,2168.48,1961.43
2001-04-16,2168.48,1909.57
2001-04-17,2168.48,1923.22
2001-04-18,2168.48,2079.44
2001-04-19,2168.48,2182.14
2001-04-20,2168.48,2163.41
2001-04-23,2168.48,2059.32
2001-04-24,2168.48,2016.61
2001-04-25,2168.48,2059.8
2001-04-26,2168.48,2034.88
2001-04-27,2168.48,2075.68
2001-04-30,2168.48,2116.24
2001-05-01,2168.48,2168.24
2001-05-02,2168.48,2220.6
2001-05-03,2168.48,2146.2
2001-05-04,2168.48,2191.53
2001-05-07,2168.48,2173.57
2001-05-08,2168.48,2198.77
2001-05-09,2168.48,2156.63
2001-05-10,2168.48,2128.86
2001-05-11,2168.48,2107.43
2001-05-14,2168.48,2081.92
2001-05-15,2168.48,2085.58
2001-05-16,2168.48,2166.44
2001-05-17,2168.48,2193.68
2001-05-18,2168.48,2198.88
2001-05-21,2168.48,2305.59
2001-05-22,2168.48,2313.85
2001-05-23,2168.48,2243.48
2001-05-24,2168.48,2282.02
2001-05-25,2168.48,2251.03
2001-05-28,2168.48,2251.03
2001-05-29,2168.48,2175.54
2001-05-30,2168.48,2084.5
2001-05-31,2168.48,2110.49
2001-06-01,2168.48,2149.44
2001-06-04,2168.48,2155.93
2001-06-05,2168.48,2233.66
2001-06-06,2168.48,2217.73
2001-06-07,2168.48,2264.0
2001-06-08,2168.48,2215.1
2001-06-11,2168.48,2170.78
2001-06-12,2168.48,2169.95
2001-06-13,2168.48,2121.66
2001-06-14,2168.48,2044.07
2001-06-15,2168.48,2028.43
2001-06-18,2168.48,1988.63
2001-06-19,2168.48,1992.66
2001-06-20,2168.48,2031.24
2001-06-21,2168.48,2058.76
2001-06-22,2168.48,2034.84
2001-06-25,2168.48,2050.87
2001-06-26,2168.48,2064.62
2001-06-27,2168.48,2074.74
2001-06-28,2168.48,2125.46
2001-06-29,2168.48,2160.54
2001-07-02,2168.48,2148.72
2001-07-03,2168.48,2140.8
2001-07-04,2168.48,2140.8
2001-07-05,2168.48,2080.11
2001-07-06,2168.48,2004.16
2001-07-09,2168.48,2026.71
2001-07-10,2168.48,1962.79
2001-07-11,2168.48,1972.04
2001-07-12,2168.48,2075.74
2001-07-13,2168.48,2084.79
2001-07-16,2168.48,2029.12
2001-07-17,2168.48,2067.32
2001-07-18,2168.48,2016.17
2001-07-19,2168.48,2046.59
2001-07-20,2168.48,2029.37
2001-07-23,2168.48,1988.56
2001-07-24,2168.48,1959.24
2001-07-25,2168.48,1984.32
2001-07-26,2168.48,2022.96
2001-07-27,2168.48,2029.07
2001-07-30,2168.48,2017.84
2001-07-31,2168.48,2027.13
2001-08-01,2168.48,2068.38
2001-08-02,2168.48,2087.38
2001-08-03,2168.48,2066.33
2001-08-06,2168.48,2034.26
2001-08-07,2168.48,2027.79
2001-08-08,2168.48,1966.36
2001-08-09,2168.48,1963.32
2001-08-10,2168.48,1956.47
2001-08-13,2168.48,1982.25
2001-08-14,2168.48,1964.53
2001-08-15,2168.48,1918.89
2001-08-16,2168.48,1930.32
2001-08-17,2168.48,1867.01
2001-08-20,2168.48,1881.35
2001-08-21,2168.48,1831.3
2001-08-22,2168.48,1860.01
2001-08-23,2168.48,1842.97
2001-08-24,2168.48,1916.8
2001-08-27,2168.48,1912.41
2001-08-28,2168.48,1864.98
2001-08-29,2168.48,1843.17
2001-08-30,2168.48,1791.68
2001-08-31,2168.48,1805.43
2001-09-03,2168.48,1805.43
2001-09-04,2168.48,1770.78
2001-09-05,2168.48,1759.01
2001-09-06,2168.48,1705.64
2001-09-07,2168.48,1687.7
2001-09-10,2168.48,1695.38
2001-09-11,2168.48,1695.38
2001-09-12,2168.48,1695.38
2001-09-13,2168.48,1695.38
2001-09-14,2168.48,1695.38
2001-09-17,2168.48,1579.55
2001-09-18,2168.48,1555.08
2001-09-19,2168.48,1527.8
2001-09-20,2168.48,1470.93
2001-09-21,2168.48,1423.19
2001-09-24,2168.48,1499.4
2001-09-25,2168.48,1501.64
2001-09-26,2168.48,1464.04
2001-09-27,2168.48,1460.71
2001-09-28,2168.48,1498.8
2001-10-01,2168.48,1480.46
2001-10-02,2168.48,1492.33
2001-10-03,2168.48,1580.81
2001-10-04,2168.48,1597.31
2001-10-05,2168.48,1605.3
2001-10-08,2168.48,1605.95
2001-10-09,2168.48,1570.19
2001-10-10,2168.48,1626.26
2001-10-11,2168.48,1701.47
2001-10-12,2168.48,1703.4
2001-10-15,2168.48,1696.31
2001-10-16,2168.48,1722.07
2001-10-17,2168.48,1646.34
2001-10-18,2168.48,1652.72
2001-10-19,2168.48,1671.31
2001-10-22,2168.48,1708.08
2001-10-23,2168.48,1704.44
2001-10-24,2168.48,1731.54
2001-10-25,2168.48,1775.47
2001-10-26,2168.48,1768.96
2001-10-29,2168.48,1699.52
2001-10-30,2168.48,1667.41
2001-10-31,2168.48,1690.2
2001-11-01,2168.48,1746.3
2001-11-02,2168.48,1745.73
2001-11-05,2168.48,1793.65
2001-11-06,2168.48,1835.08
2001-11-07,2168.48,1837.53
2001-11-08,2168.48,1827.77
2001-11-09,2168.48,1828.48
2001-11-12,2168.48,1840.13
2001-11-13,2168.48,1892.11
2001-11-14,2168.48,1903.19
2001-11-15,2168.48,1900.57
2001-11-16,2168.48,1898.58
2001-11-19,2168.48,1934.42
2001-11-20,2168.48,1880.51
2001-11-21,2168.48,1875.05
2001-11-22,2168.48,1875.05
2001-11-23,2168.48,1903.2
2001-11-26,2168.48,1941.23
2001-11-27,2168.48,1935.97
2001-11-28,2168.48,1887.97
2001-11-29,2168.48,1933.26
2001-11-30,2168.48,1930.58
2001-12-03,2168.48,1904.9
2001-12-04,2168.48,1963.1
2001-12-05,2168.48,2046.84
2001-12-06,2168.48,2054.27
2001-12-07,2168.48,2021.26
2001-12-10,2168.48,1992.12
2001-12-11,2168.48,2001.93
2001-12-12,2168.48,2011.38
2001-12-13,2168.48,1946.51
2001-12-14,2168.48,1953.17
2001-12-17,2168.48,1987.45
2001-12-18,2168.48,2004.76
2001-12-19,2168.48,1982.89
2001-12-20,2168.48,1918.54
2001-12-21,2168.48,1945.83
2001-12-24,2168.48,1944.48
2001-12-25,2168.48,1944.48
2001-12-26,2168.48,1960.7
2001-12-27,2168.48,1976.42
2001-12-28,2168.48,1987.26
2001-12-31,2168.48,1950.4
2002-01-01,2168.48,1950.4
2002-01-02,2168.48,1979.25
2002-01-03,2168.48,2044.27
2002-01-04,2168.48,2059.38
2002-01-07,2168.48,2037.1
2002-01-08,2168.48,2055.74
2002-01-09,2168.48,2044.89
2002-01-10,2168.48,2047.24
2002-01-11,2168.48,2022.46
2002-01-14,2168.48,1990.74
2002-01-15,2168.48,2000.91
2002-01-16,2168.48,1944.44
2002-01-17,2168.48,1985.82
2002-01-18,2168.48,1930.34
2002-01-21,2168.48,1930.34
2002-01-22,2168.48,1882.53
2002-01-23,2168.48,1922.38
2002-01-24,2168.48,1942.58
2002-01-25,2168.48,1937.7
2002-01-28,2168.48,1943.91
2002-01-29,2168.48,1892.99
2002-01-30,2168.48,1913.44
2002-01-31,2168.48,1934.03
2002-02-01,2168.48,1911.24
2002-02-04,2168.48,1855.53
2002-02-05,2168.48,1838.52
2002-02-06,2168.48,1812.71
2002-02-07,2168.48,1782.11
2002-02-08,2168.48,1818.88
2002-02-11,2168.48,1846.66
2002-02-12,2168.48,1834.21
2002-02-13,2168.48,1859.16
2002-02-14,2168.48,1843.37
2002-02-15,2168.48,1805.2
2002-02-18,2168.48,1805.2
2002-02-19,2168.48,1750.61
2002-02-20,2168.48,1775.57
2002-02-21,2168.48,1716.24
2002-02-22,2168.48,1724.54
2002-02-25,2168.48,1769.88
2002-02-26,2168.48,1766.86
2002-02-27,2168.48,1751.88
2002-02-28,2168.48,1731.49
2002-03-01,2168.48,1802.74
2002-03-04,2168.48,1859.32
2002-03-05,2168.48,1866.29
2002-03-06,2168.48,1890.4
2002-03-07,2168.48,1881.63
2002-03-08,2168.48,1929.67
2002-03-11,2168.48,1929.49
2002-03-12,2168.48,1897.12
2002-03-13,2168.48,1862.03
2002-03-14,2168.48,1854.14
2002-03-15,2168.48,1868.3
2002-03-18,2168.48,1877.06
2002-03-19,2168.48,1880.87
2002-03-20,2168.48,1832.87
2002-03-21,2168.48,1868.83
2002-03-22,2168.48,1851.39
2002-03-25,2168.48,1812.49
2002-03-26,2168.48,1824.17
2002-03-27,2168.48,1826.75
2002-03-28,2168.48,1845.35
2002-03-29,2168.48,1845.35
2002-04-01,2168.48,1862.62
2002-04-02,2168.48,1804.4
2002-04-03,2168.48,1784.35
2002-04-04,2168.48,1789.75
2002-04-05,2168.48,1770.03
2002-04-08,2168.48,1785.87
2002-04-09,2168.48,1742.57
2002-04-10,2168.48,1767.07
2002-04-11,2168.48,1725.24
2002-04-12,2168.48,1756.19
2002-04-15,2168.48,1753.78
2002-04-16,2168.48,1816.79
2002-04-17,2168.48,1810.67
2002-04-18,2168.48,1802.43
2002-04-19,2168.48,1796.83
2002-04-22,2168.48,1758.68
2002-04-23,2168.48,1730.29
2002-04-24,2168.48,1713.34
2002-04-25,2168.48,1713.7
2002-04-26,2168.48,1663.89
2002-04-29,2168.48,1656.93
2002-04-30,2168.48,1688.23
2002-05-01,2168.48,1677.53
2002-05-02,2168.48,1644.82
2002-05-03,2168.48,1613.03
2002-05-06,2168.48,1578.48
2002-05-07,2168.48,1573.82
2002-05-08,2168.48,1696.29
2002-05-09,2168.48,1650.49
2002-05-10,2168.48,1600.85
2002-05-13,2168.48,1652.54
2002-05-14,2168.48,1719.05
2002-05-15,2168.48,1725.56
2002-05-16,2168.48,1730.44
2002-05-17,2168.48,1741.39
2002-05-20,2168.48,1701.59
2002-05-21,2168.48,1664.18
2002-05-22,2168.48,1673.45
2002-05-23,2168.48,1697.63
2002-05-24,2168.48,1661.49
2002-05-27,2168.48,1661.49
2002-05-28,2168.48,1652.17
2002-05-29,2168.48,1624.39
2002-05-30,2168.48,1631.92
2002-05-31,2168.48,1615.73
2002-06-03,2168.48,1562.56
2002-06-04,2168.48,1578.12
2002-06-05,2168.48,1595.26
2002-06-06,2168.48,1554.88
2002-06-07,2168.48,1535.48
2002-06-10,2168.48,1530.69
2002-06-11,2168.48,1497.18
2002-06-12,2168.48,1519.12
2002-06-13,2168.48,1496.86
2002-06-14,2168.48,1504.74
2002-06-17,2168.48,1553.29
2002-06-18,2168.48,1542.96
2002-06-19,2168.48,1496.83
2002-06-20,2168.48,1464.75
2002-06-21,2168.48,1440.96
2002-06-24,2168.48,1460.34
2002-06-25,2168.48,1423.99
2002-06-26,2168.48,1429.33
2002-06-27,2168.48,1459.2
2002-06-28,2168.48,1463.21
2002-07-01,2168.48,1403.8
2002-07-02,2168.48,1357.82
2002-07-03,2168.48,1380.17
2002-07-04,2168.48,1380.17
2002-07-05,2168.48,1448.36
2002-07-08,2168.48,1405.61
2002-07-09,2168.48,1381.12
2002-07-10,2168.48,1346.01
2002-07-11,2168.48,1374.43
2002-07-12,2168.48,1373.5
2002-07-15,2168.48,1382.62
2002-07-16,2168.48,1375.26
2002-07-17,2168.48,1397.25
2002-07-18,2168.48,1356.95
2002-07-19,2168.48,1319.15
2002-07-22,2168.48,1282.65
2002-07-23,2168.48,1229.05
2002-07-24,2168.48,1290.23
2002-07-25,2168.48,1240.08
2002-07-26,2168.48,1262.12
2002-07-29,2168.48,1335.25
2002-07-30,2168.48,1344.19
2002-07-31,2168.48,1328.26
2002-08-01,2168.48,1280.0
2002-08-02,2168.48,1247.92
2002-08-05,2168.48,1206.01
2002-08-06,2168.48,1259.55
2002-08-07,2168.48,1280.9
2002-08-08,2168.48,1316.52
2002-08-09,2168.48,1306.12
2002-08-12,2168.48,1306.84
2002-08-13,2168.48,1269.28
2002-08-14,2168.48,1334.3
2002-08-15,2168.48,1345.01
2002-08-16,2168.48,1361.01
2002-08-19,2168.48,1394.54
2002-08-20,2168.48,1376.59
2002-08-21,2168.48,1409.25
2002-08-22,2168.48,1422.95
2002-08-23,2168.48,1380.62
2002-08-26,2168.48,1391.74
2002-08-27,2168.48,1347.78
2002-08-28,2168.48,1314.38
2002-08-29,2168.48,1335.77
2002-08-30,2168.48,1314.85
2002-09-02,2168.48,1314.85
2002-09-03,2168.48,1263.84
2002-09-04,2168.48,1292.31
2002-09-05,2168.48,1251.0
2002-09-06,2168.48,1295.3
2002-09-09,2168.48,1304.6
2002-09-10,2168.48,1320.09
2002-09-11,2168.48,1315.45
2002-09-12,2168.48,1279.68
2002-09-13,2168.48,1291.4
2002-09-16,2168.48,1275.88
2002-09-17,2168.48,1259.94
2002-09-18,2168.48,1252.13
2002-09-19,2168.48,1216.45
2002-09-20,2168.48,1221.09
2002-09-23,2168.48,1184.93
2002-09-24,2168.48,1182.17
2002-09-25,2168.48,1222.29
2002-09-26,2168.48,1221.61
2002-09-27,2168.48,1199.16
2002-09-30,2168.48,1172.06
2002-10-01,2168.48,1213.72
2002-10-02,2168.48,1187.3
2002-10-03,2168.48,1165.56
2002-10-04,2168.48,1139.9
2002-10-07,2168.48,1119.4
2002-10-08,2168.48,1129.21
2002-10-09,2168.48,1114.11
2002-10-10,2168.48,1163.37
2002-10-11,2168.48,1210.47
2002-10-14,2168.48,1220.53
2002-10-15,2168.48,1282.44
2002-10-16,2168.48,1232.42
2002-10-17,2168.48,1272.29
2002-10-18,2168.48,1287.86
2002-10-21,2168.48,1309.67
2002-10-22,2168.48,1292.8
2002-10-23,2168.48,1320.23
2002-10-24,2168.48,1298.71
2002-10-25,2168.48,1331.13
2002-10-28,2168.48,1315.83
2002-10-29,2168.48,1300.54
2002-10-30,2168.48,1326.73
2002-10-31,2168.48,1329.75
2002-11-01,2168.48,1360.7
2002-11-04,2168.48,1396.54
2002-11-05,2168.48,1401.17
2002-11-06,2168.48,1418.99
2002-11-07,2168.48,1376.71
2002-11-08,2168.48,1359.28
2002-11-11,2168.48,1319.19
2002-11-12,2168.48,1349.56
2002-11-13,2168.48,1361.34
2002-11-14,2168.48,1411.52
2002-11-15,2168.48,1411.14
2002-11-18,2168.48,1393.69
2002-11-19,2168.48,1374.51
2002-11-20,2168.48,1419.35
2002-11-21,2168.48,1467.55
2002-11-22,2168.48,1468.74
2002-11-25,2168.48,1481.9
2002-11-26,2168.48,1444.43
2002-11-27,2168.48,1487.94
2002-11-28,2168.48,1487.94
2002-11-29,2168.48,1478.78
2002-12-02,2168.48,1484.78
2002-12-03,2168.48,1448.96
2002-12-04,2168.48,1430.35
2002-12-05,2168.48,1410.75
2002-12-06,2168.48,1422.44
2002-12-09,2168.48,1367.14
2002-12-10,2168.48,1390.76
2002-12-11,2168.48,1396.59
2002-12-12,2168.48,1399.55
2002-12-13,2168.48,1362.42
2002-12-16,2168.48,1400.33
2002-12-17,2168.48,1392.05
2002-12-18,2168.48,1361.51
2002-12-19,2168.48,1354.1
2002-12-20,2168.48,1363.05
2002-12-23,2168.48,1381.69
2002-12-24,2168.48,1372.47
2002-12-25,2168.48,1372.47
2002-12-26,2168.48,1367.89
2002-12-27,2168.48,1348.31
2002-12-30,2168.48,1339.54
2002-12-31,2168.48,1335.51
2003-01-01,2168.48,1335.51
2003-01-02,2168.48,1384.85
2003-01-03,2168.48,1387.08
2003-01-06,2168.48,1421.32
2003-01-07,2168.48,1431.57
2003-01-08,2168.48,1401.07
2003-01-09,2168.48,1438.46
2003-01-10,2168.48,1447.72
2003-01-13,2168.48,1446.04
2003-01-14,2168.48,1460.99
2003-01-15,2168.48,1438.8
2003-01-16,2168.48,1423.75
2003-01-17,2168.48,1376.19
2003-01-20,2168.48,1376.19
2003-01-21,2168.48,1364.25
2003-01-22,2168.48,1358.23
2003-01-23,2168.48,1393.67
2003-01-24,2168.48,1340.22
2003-01-27,2168.48,1320.32
2003-01-28,2168.48,1346.5
2003-01-29,2168.48,1363.31
2003-01-30,2168.48,1322.06
2003-01-31,2168.48,1331.04
2003-02-03,2168.48,1335.76
2003-02-04,2168.48,1306.15
2003-02-05,2168.48,1301.49
2003-02-06,2168.48,1291.47
2003-02-07,2168.48,1278.54
2003-02-10,2168.48,1298.57
2003-02-11,2168.48,1285.77
2003-02-12,2168.48,1278.74
2003-02-13,2168.48,1261.79
2003-02-14,2168.48,1310.37
2003-02-17,2168.48,1310.37
2003-02-18,2168.48,1346.92
2003-02-19,2168.48,1322.12
2003-02-20,2168.48,1329.09
2003-02-21,2168.48,1352.07
2003-02-24,2168.48,1321.44
2003-02-25,2168.48,1331.35
2003-02-26,2168.48,1302.83
2003-02-27,2168.48,1331.79
2003-02-28,2168.48,1342.73
2003-03-03,2168.48,1316.85
2003-03-04,2168.48,1307.27
2003-03-05,2168.48,1317.69
2003-03-06,2168.48,1299.81
2003-03-07,2168.48,1310.53
2003-03-10,2168.48,1277.18
2003-03-11,2168.48,1269.48
2003-03-12,2168.48,1279.59
2003-03-13,2168.48,1340.78
2003-03-14,2168.48,1342.43
2003-03-17,2168.48,1392.41
2003-03-18,2168.48,1400.55
2003-03-19,2168.48,1378.57
2003-03-20,2168.48,1411.41
2003-03-21,2168.48,1425.73
2003-03-24,2168.48,1368.37
2003-03-25,2168.48,1400.14
2003-03-26,2168.48,1383.35
2003-03-27,2168.48,1392.46
2003-03-28,2168.48,1367.89
2003-03-31,2168.48,1357.0
2003-04-01,2168.48,1356.37
2003-04-02,2168.48,1400.86
2003-04-03,2168.48,1412.08
2003-04-04,2168.48,1378.22
2003-04-07,2168.48,1389.51
2003-04-08,2168.48,1392.52
2003-04-09,2168.48,1356.6
2003-04-10,2168.48,1368.11
2003-04-11,2168.48,1353.74
2003-04-14,2168.48,1386.5
2003-04-15,2168.48,1394.03
2003-04-16,2168.48,1391.99
2003-04-17,2168.48,1425.5
2003-04-18,2168.48,1425.5
2003-04-21,2168.48,1413.71
2003-04-22,2168.48,1452.34
2003-04-23,2168.48,1468.08
2003-04-24,2168.48,1465.92
2003-04-25,2168.48,1432.02
2003-04-28,2168.48,1465.4
2003-04-29,2168.48,1459.48
2003-04-30,2168.48,1472.69
2003-05-01,2168.48,1478.85
2003-05-02,2168.48,1504.22
2003-05-05,2168.48,1502.66
2003-05-06,2168.48,1531.82
2003-05-07,2168.48,1503.06
2003-05-08,2168.48,1504.04
2003-05-09,2168.48,1520.15
2003-05-12,2168.48,1544.41
2003-05-13,2168.48,1548.59
2003-05-14,2168.48,1526.14
2003-05-15,2168.48,1536.03
2003-05-16,2168.48,1534.35
2003-05-19,2168.48,1492.46
2003-05-20,2168.48,1480.13
2003-05-21,2168.48,1478.15
2003-05-22,2168.48,1512.8
2003-05-23,2168.48,1514.49
2003-05-26,2168.48,1514.49
2003-05-27,2168.48,1558.28
2003-05-28,2168.48,1571.85
2003-05-29,2168.48,1591.26
2003-05-30,2168.48,1599.92
2003-06-02,2168.48,1586.48
2003-06-03,2168.48,1603.74
2003-06-04,2168.48,1638.57
2003-06-05,2168.48,1646.01
2003-06-06,2168.48,1625.18
2003-06-09,2168.48,1597.32
2003-06-10,2168.48,1627.77
2003-06-11,2168.48,1647.57
2003-06-12,2168.48,1646.08
2003-06-13,2168.48,1624.12
2003-06-16,2168.48,1667.77
2003-06-17,2168.48,1674.09
2003-06-18,2168.48,1685.04
2003-06-19,2168.48,1646.79
2003-06-20,2168.48,1638.93
2003-06-23,2168.48,1601.45
2003-06-24,2168.48,1598.25
2003-06-25,2168.48,1600.28
2003-06-26,2168.48,1636.15
2003-06-27,2168.48,1621.25
2003-06-30,2168.48,1621.44
2003-07-01,2168.48,1641.77
2003-07-02,2168.48,1678.77
2003-07-03,2168.48,1660.95
2003-07-04,2168.48,1660.95
2003-07-07,2168.48,1721.25
2003-07-08,2168.48,1747.44
2003-07-09,2168.48,1758.18
2003-07-10,2168.48,1707.49
2003-07-11,2168.48,1737.41
2003-07-14,2168.48,1748.88
2003-07-15,2168.48,1742.1
2003-07-16,2168.48,1734.14
2003-07-17,2168.48,1693.47
2003-07-18,2168.48,1714.84
2003-07-21,2168.48,1675.18
2003-07-22,2168.48,1710.34
2003-07-23,2168.48,1720.04
2003-07-24,2168.48,1700.29
2003-07-25,2168.48,1730.91
2003-07-28,2168.48,1740.59
2003-07-29,2168.48,1713.21
2003-07-30,2168.48,1717.07
2003-07-31,2168.48,1757.37
2003-08-01,2168.48,1714.01
2003-08-04,2168.48,1723.27
2003-08-05,2168.48,1671.04
2003-08-06,2168.48,1675.46
2003-08-07,2168.48,1658.43
2003-08-08,2168.48,1640.88
2003-08-11,2168.48,1668.06
2003-08-12,2168.48,1687.48
2003-08-13,2168.48,1695.83
2003-08-14,2168.48,1700.34
2003-08-15,2168.48,1705.33
2003-08-18,2168.48,1739.59
2003-08-19,2168.48,1761.63
2003-08-20,2168.48,1768.52
2003-08-21,2168.48,1762.97
2003-08-22,2168.48,1765.3
2003-08-25,2168.48,1752.12
2003-08-26,2168.48,1771.22
2003-08-27,2168.48,1783.12
2003-08-28,2168.48,1800.65
2003-08-29,2168.48,1813.82
2003-09-01,2168.48,1813.82
2003-09-02,2168.48,1841.48
2003-09-03,2168.48,1846.51
2003-09-04,2168.48,1870.0
2003-09-05,2168.48,1850.69
2003-09-08,2168.48,1888.65
2003-09-09,2168.48,1867.81
2003-09-10,2168.48,1823.81
2003-09-11,2168.48,1852.6
2003-09-12,2168.48,1855.04
2003-09-15,2168.48,1843.79
2003-09-16,2168.48,1887.87
2003-09-17,2168.48,1883.1
2003-09-18,2168.48,1910.51
2003-09-19,2168.48,1905.9
2003-09-22,2168.48,1866.88
2003-09-23,2168.48,1901.73
2003-09-24,2168.48,1843.43
2003-09-25,2168.48,1817.2
2003-09-26,2168.48,1792.06
2003-09-29,2168.48,1824.59
2003-09-30,2168.48,1802.71
2003-10-01,2168.48,1832.25
2003-10-02,2168.48,1823.64
2003-10-03,2168.48,1891.62
2003-10-06,2168.48,1894.22
2003-10-07,2168.48,1907.88
2003-10-08,2168.48,1891.99
2003-10-09,2168.48,1899.21
2003-10-10,2168.48,1913.92
2003-10-13,2168.48,1921.96
2003-10-14,2168.48,1943.33
2003-10-15,2168.48,1933.03
2003-10-16,2168.48,1951.76
2003-10-17,2168.48,1910.24
2003-10-20,2168.48,1925.16
2003-10-21,2168.48,1952.48
2003-10-22,2168.48,1897.36
2003-10-23,2168.48,1893.2
2003-10-24,2168.48,1841.62
2003-10-27,2168.48,1873.62
2003-10-28,2168.48,1932.26
2003-10-29,2168.48,1937.37
2003-10-30,2168.48,1929.77
2003-10-31,2168.48,1937.14
2003-11-03,2168.48,1969.26
2003-11-04,2168.48,1953.64
2003-11-05,2168.48,1966.15
2003-11-06,2168.48,1977.91
2003-11-07,2168.48,1968.81
2003-11-10,2168.48,1939.73
2003-11-11,2168.48,1923.5
2003-11-12,2168.48,1973.11
2003-11-13,2168.48,1970.4
2003-11-14,2168.48,1930.26
2003-11-17,2168.48,1890.72
2003-11-18,2168.48,1881.75
2003-11-19,2168.48,1903.43
2003-11-20,2168.48,1880.91
2003-11-21,2168.48,1892.82
2003-11-24,2168.48,1947.14
2003-11-25,2168.48,1956.2
2003-11-26,2168.48,1930.63
2003-11-27,2168.48,1930.63
2003-11-28,2168.48,1963.06
2003-12-01,2168.48,1989.82
2003-12-02,2168.48,1978.23
2003-12-03,2168.48,1960.13
2003-12-04,2168.48,1942.67
2003-12-05,2168.48,1935.58
2003-12-08,2168.48,1948.94
2003-12-09,2168.48,1906.84
2003-12-10,2168.48,1887.46
2003-12-11,2168.48,1945.92
2003-12-12,2168.48,1949.02
2003-12-15,2168.48,1918.26
2003-12-16,2168.48,1924.29
2003-12-17,2168.48,1914.65
2003-12-18,2168.48,1955.3
2003-12-19,2168.48,1951.02
2003-12-22,2168.48,1941.62
2003-12-23,2168.48,1974.78
2003-12-24,2168.48,1974.31
2003-12-25,2168.48,1974.31
2003-12-26,2168.48,1973.14
2003-12-29,2168.48,2006.48
2003-12-30,2168.48,2010.13
2003-12-31,2168.48,1996.62
2004-01-01,2168.48,1996.62
2004-01-02,2168.48,1999.77
2004-01-05,2168.48,2047.36
2004-01-06,2168.48,2061.54
2004-01-07,2168.48,2078.09
2004-01-08,2168.48,2100.25
2004-01-09,2168.48,2113.33
2004-01-12,2168.48,2112.52
2004-01-13,2168.48,2089.35
2004-01-14,2168.48,2111.73
2004-01-15,2168.48,2121.61
2004-01-16,2168.48,2140.47
2004-01-19,2168.48,2140.47
2004-01-20,2168.48,2130.2
2004-01-21,2168.48,2140.25
2004-01-22,2168.48,2119.01
2004-01-23,2168.48,2108.45
2004-01-26,2168.48,2153.83
2004-01-27,2168.48,2116.04
2004-01-28,2168.48,2073.15
2004-01-29,2168.48,2041.07
2004-01-30,2168.48,2065.44
2004-02-02,2168.48,2085.49
2004-02-03,2168.48,2071.44
2004-02-04,2168.48,2013.92
2004-02-05,2168.48,2012.79
2004-02-06,2168.48,2064.01
2004-02-09,2168.48,2060.44
2004-02-10,2168.48,2075.33
2004-02-11,2168.48,2089.66
2004-02-12,2168.48,2072.06
2004-02-13,2168.48,2049.76
2004-02-16,2168.48,2049.76
2004-02-17,2168.48,2084.72
2004-02-18,2168.48,2072.19
2004-02-19,2168.48,2045.96
2004-02-20,2168.48,2022.79
2004-02-23,2168.48,1999.59
2004-02-24,2168.48,2018.07
2004-02-25,2168.48,2024.2
2004-02-26,2168.48,2037.17
2004-02-27,2168.48,2018.83
2004-03-01,2168.48,2057.8
2004-03-02,2168.48,2039.65
2004-03-03,2168.48,2039.31
2004-03-04,2168.48,2055.12
2004-03-05,2168.48,2069.02
2004-03-08,2168.48,2008.78
2004-03-09,2168.48,1987.29
2004-03-10,2168.48,1963.13
2004-03-11,2168.48,1943.89
2004-03-12,2168.48,1984.73
2004-03-15,2168.48,1939.2
2004-03-16,2168.48,1927.69
2004-03-17,2168.48,1980.31
2004-03-18,2168.48,1947.56
2004-03-19,2168.48,1940.47
2004-03-22,2168.48,1897.63
2004-03-23,2168.48,1898.94
2004-03-24,2168.48,1922.51
2004-03-25,2168.48,1967.17
2004-03-26,2168.48,1960.02
2004-03-29,2168.48,1996.23
2004-03-30,2168.48,2000.68
2004-03-31,2168.48,2004.0
2004-04-01,2168.48,2019.09
2004-04-02,2168.48,2057.17
2004-04-05,2168.48,2079.12
2004-04-06,2168.48,2053.32
2004-04-07,2168.48,2060.44
2004-04-08,2168.48,2046.1
2004-04-09,2168.48,2046.1
2004-04-12,2168.48,2069.45
2004-04-13,2168.48,2026.2
2004-04-14,2168.48,2013.98
2004-04-15,2168.48,1989.21
2004-04-16,2168.48,2007.17
2004-04-19,2168.48,2020.45
2004-04-20,2168.48,1978.63
2004-04-21,2168.48,1995.91
2004-04-22,2168.48,2035.39
2004-04-23,2168.48,2034.48
2004-04-26,2168.48,2031.75
2004-04-27,2168.48,2027.64
2004-04-28,2168.48,1985.54
2004-04-29,2168.48,1946.1
2004-04-30,2168.48,1919.39
2004-05-03,2168.48,1926.09
2004-05-04,2168.48,1969.97
2004-05-05,2168.48,1967.33
2004-05-06,2168.48,1923.3
2004-05-07,2168.48,1917.96
2004-05-10,2168.48,1907.98
2004-05-11,2168.48,1931.48
2004-05-12,2168.48,1927.23
2004-05-13,2168.48,1937.87
2004-05-14,2168.48,1897.57
2004-05-17,2168.48,1887.74
2004-05-18,2168.48,1903.39
2004-05-19,2168.48,1898.16
2004-05-20,2168.48,1890.18
2004-05-21,2168.48,1899.85
2004-05-24,2168.48,1915.56
2004-05-25,2168.48,1966.68
2004-05-26,2168.48,1976.16
2004-05-27,2168.48,1969.04
2004-05-28,2168.48,1990.81
2004-05-31,2168.48,1990.81
2004-06-01,2168.48,1972.71
2004-06-02,2168.48,1998.32
2004-06-03,2168.48,1960.26
2004-06-04,2168.48,1995.5
2004-06-07,2168.48,2020.62
2004-06-08,2168.48,2023.54
2004-06-09,2168.48,1989.99
2004-06-10,2168.48,1988.89
2004-06-11,2168.48,1988.89
2004-06-14,2168.48,1963.48
2004-06-15,2168.48,2006.58
2004-06-16,2168.48,2002.07
2004-06-17,2168.48,1976.25
2004-06-18,2168.48,2000.41
2004-06-21,2168.48,1972.43
2004-06-22,2168.48,1994.87
2004-06-23,2168.48,2023.23
2004-06-24,2168.48,2013.78
2004-06-25,2168.48,2033.87
2004-06-28,2168.48,2013.73
2004-06-29,2168.48,2037.6
2004-06-30,2168.48,2055.65
2004-07-01,2168.48,2006.67
2004-07-02,2168.48,1996.61
2004-07-05,2168.48,1996.61
2004-07-06,2168.48,1958.69
2004-07-07,2168.48,1976.92
2004-07-08,2168.48,1934.57
2004-07-09,2168.48,1940.22
2004-07-12,2168.48,1941.24
2004-07-13,2168.48,1930.59
2004-07-14,2168.48,1937.68
2004-07-15,2168.48,1925.76
2004-07-16,2168.48,1882.93
2004-07-19,2168.48,1870.14
2004-07-20,2168.48,1917.07
2004-07-21,2168.48,1874.37
2004-07-22,2168.48,1892.98
2004-07-23,2168.48,1846.55
2004-07-26,2168.48,1829.06
2004-07-27,2168.48,1872.17
2004-07-28,2168.48,1869.0
2004-07-29,2168.48,1867.62
2004-07-30,2168.48,1896.31
2004-08-02,2168.48,1893.13
2004-08-03,2168.48,1859.17
2004-08-04,2168.48,1864.8
2004-08-05,2168.48,1820.21
2004-08-06,2168.48,1775.57
2004-08-09,2168.48,1774.64
2004-08-10,2168.48,1808.7
2004-08-11,2168.48,1782.42
2004-08-12,2168.48,1752.49
2004-08-13,2168.48,1757.22
2004-08-16,2168.48,1782.84
2004-08-17,2168.48,1795.25
2004-08-18,2168.48,1831.37
2004-08-19,2168.48,1819.89
2004-08-20,2168.48,1838.01
2004-08-23,2168.48,1838.7
2004-08-24,2168.48,1836.89
2004-08-25,2168.48,1860.72
2004-08-26,2168.48,1852.92
2004-08-27,2168.48,1862.08
2004-08-30,2168.48,1836.49
2004-08-31,2168.48,1838.1
2004-09-01,2168.48,1850.41
2004-09-02,2168.48,1873.43
2004-09-03,2168.48,1844.48
2004-09-06,2168.48,1844.48
2004-09-07,2168.48,1858.56
2004-09-08,2168.48,1850.64
2004-09-09,2168.48,1869.65
2004-09-10,2168.48,1894.31
2004-09-13,2168.48,1910.38
2004-09-14,2168.48,1915.4
2004-09-15,2168.48,1896.52
2004-09-16,2168.48,1904.08
2004-09-17,2168.48,1910.09
2004-09-20,2168.48,1908.07
2004-09-21,2168.48,1921.17
2004-09-22,2168.48,1885.71
2004-09-23,2168.48,1886.43
2004-09-24,2168.48,1879.48
2004-09-27,2168.48,1859.88
2004-09-28,2168.48,1869.87
2004-09-29,2168.48,1893.94
2004-09-30,2168.48,1896.84
2004-10-01,2168.48,1942.2
2004-10-04,2168.48,1952.4
2004-10-05,2168.48,1955.5
2004-10-06,2168.48,1971.03
2004-10-07,2168.48,1948.52
2004-10-08,2168.48,1919.97
2004-10-11,2168.48,1928.76
2004-10-12,2168.48,1925.17
2004-10-13,2168.48,1920.53
2004-10-14,2168.48,1903.02
2004-10-15,2168.48,1911.5
2004-10-18,2168.48,1936.52
2004-10-19,2168.48,1922.9
2004-10-20,2168.48,1932.97
2004-10-21,2168.48,1953.62
2004-10-22,2168.48,1915.14
2004-10-25,2168.48,1914.04
2004-10-26,2168.48,1928.79
2004-10-27,2168.48,1969.99
2004-10-28,2168.48,1975.74
2004-10-29,2168.48,1974.99
2004-11-01,2168.48,1979.87
2004-11-02,2168.48,1984.79
2004-11-03,2168.48,2004.33
2004-11-04,2168.48,2023.63
2004-11-05,2168.48,2038.94
2004-11-08,2168.48,2039.25
2004-11-09,2168.48,2043.33
2004-11-10,2168.48,2034.56
2004-11-11,2168.48,2061.27
2004-11-12,2168.48,2085.34
2004-11-15,2168.48,2094.09
2004-11-16,2168.48,2078.62
2004-11-17,2168.48,2099.68
2004-11-18,2168.48,2104.28
2004-11-19,2168.48,2070.63
2004-11-22,2168.48,2085.19
2004-11-23,2168.48,2084.28
2004-11-24,2168.48,2102.54
2004-11-25,2168.48,2102.54
2004-11-26,2168.48,2101.97
2004-11-29,2168.48,2106.87
2004-11-30,2168.48,2096.81
2004-12-01,2168.48,2138.23
2004-12-02,2168.48,2143.57
2004-12-03,2168.48,2147.96
2004-12-06,2168.48,2151.25
2004-12-07,2168.48,2114.65
2004-12-08,2168.48,2126.11
2004-12-09,2168.48,2129.01
2004-12-10,2168.48,2128.07
2004-12-13,2168.48,2148.5
2004-12-14,2168.48,2159.84
2004-12-15,2168.48,2162.55
2004-12-16,2168.48,2146.15
2004-12-17,2168.48,2135.2
2004-12-20,2168.48,2127.85
2004-12-21,2168.48,2150.91
2004-12-22,2168.48,2157.03
2004-12-23,2168.48,2160.62
2004-12-24,2168.48,2160.62
2004-12-27,2168.48,2154.22
2004-12-28,2168.48,2177.19
2004-12-29,2168.48,2177.0
2004-12-30,2168.48,2178.34
2004-12-31,2168.48,2175.44
2005-01-03,2168.48,2152.15
2005-01-04,2168.48,2107.86
2005-01-05,2168.48,2091.24
2005-01-06,2168.48,2090.0
2005-01-07,2168.48,2088.61
2005-01-10,2168.48,2097.04
2005-01-11,2168.48,2079.62
2005-01-12,2168.48,2092.53
2005-01-13,2168.48,2070.56
2005-01-14,2168.48,2087.91
2005-01-17,2168.48,2087.91
2005-01-18,2168.48,2106.04
2005-01-19,2168.48,2073.59
2005-01-20,2168.48,2045.88
2005-01-21,2168.48,2034.27
2005-01-24,2168.48,2008.7
2005-01-25,2168.48,2019.95
2005-01-26,2168.48,2046.09
2005-01-27,2168.48,2047.15
2005-01-28,2168.48,2035.83
2005-01-31,2168.48,2062.41
2005-02-01,2168.48,2068.7
2005-02-02,2168.48,2075.06
2005-02-03,2168.48,2057.64
2005-02-04,2168.48,2086.66
2005-02-07,2168.48,2082.03
2005-02-08,2168.48,2086.68
2005-02-09,2168.48,2052.55
2005-02-10,2168.48,2053.1
2005-02-11,2168.48,2076.66
2005-02-14,2168.48,2082.91
2005-02-15,2168.48,2089.21
2005-02-16,2168.48,2087.43
2005-02-17,2168.48,2061.34
2005-02-18,2168.48,2058.62
2005-02-21,2168.48,2058.62
2005-02-22,2168.48,2030.32
2005-02-23,2168.48,2031.25
2005-02-24,2168.48,2051.7
2005-02-25,2168.48,2065.4
2005-02-28,2168.48,2051.72
2005-03-01,2168.48,2071.25
2005-03-02,2168.48,2067.5
2005-03-03,2168.48,2058.4
2005-03-04,2168.48,2070.61
2005-03-07,2168.48,2090.21
2005-03-08,2168.48,2073.55
2005-03-09,2168.48,2061.29
2005-03-10,2168.48,2059.72
2005-03-11,2168.48,2041.6
2005-03-14,2168.48,2051.04
2005-03-15,2168.48,2034.98
2005-03-16,2168.48,2015.75
2005-03-17,2168.48,2016.42
2005-03-18,2168.48,2007.79
2005-03-21,2168.48,2007.51
2005-03-22,2168.48,1989.34
2005-03-23,2168.48,1990.22
2005-03-24,2168.48,1991.06
2005-03-25,2168.48,1991.06
2005-03-28,2168.48,1992.52
2005-03-29,2168.48,1973.88
2005-03-30,2168.48,2005.67
2005-03-31,2168.48,1999.23
2005-04-01,2168.48,1984.81
2005-04-04,2168.48,1991.07
2005-04-05,2168.48,1999.32
2005-04-06,2168.48,1999.14
2005-04-07,2168.48,2018.79
2005-04-08,2168.48,1999.35
2005-04-11,2168.48,1992.12
2005-04-12,2168.48,2005.4
2005-04-13,2168.48,1974.37
2005-04-14,2168.48,1946.71
2005-04-15,2168.48,1908.15
2005-04-18,2168.48,1912.92
2005-04-19,2168.48,1932.36
2005-04-20,2168.48,1913.76
2005-04-21,2168.48,1962.41
2005-04-22,2168.48,1932.19
2005-04-25,2168.48,1950.78
2005-04-26,2168.48,1927.44
2005-04-27,2168.48,1930.43
2005-04-28,2168.48,1904.18
2005-04-29,2168.48,1921.65
2005-05-02,2168.48,1928.65
2005-05-03,2168.48,1933.07
2005-05-04,2168.48,1962.23
2005-05-05,2168.48,1961.8
2005-05-06,2168.48,1967.35
2005-05-09,2168.48,1979.67
2005-05-10,2168.48,1962.77
2005-05-11,2168.48,1971.55
2005-05-12,2168.48,1963.88
2005-05-13,2168.48,1976.78
2005-05-16,2168.48,1994.43
2005-05-17,2168.48,2004.15
2005-05-18,2168.48,2030.65
2005-05-19,2168.48,2042.58
2005-05-20,2168.48,2046.42
2005-05-23,2168.48,2056.65
2005-05-24,2168.48,2061.62
2005-05-25,2168.48,2050.12
2005-05-26,2168.48,2071.24
2005-05-27,2168.48,2075.73
2005-05-30,2168.48,2075.73
2005-05-31,2168.48,2068.22
2005-06-01,2168.48,2087.86
2005-06-02,2168.48,2097.8
2005-06-03,2168.48,2071.43
2005-06-06,2168.48,2075.76
2005-06-07,2168.48,2067.16
2005-06-08,2168.48,2060.18
2005-06-09,2168.48,2076.91
2005-06-10,2168.48,2063.0
2005-06-13,2168.48,2068.96
2005-06-14,2168.48,2069.4
2005-06-15,2168.48,2074.92
2005-06-16,2168.48,2089.15
2005-06-17,2168.48,2090.11
2005-06-20,2168.48,2088.13
2005-06-21,2168.48,2091.7
2005-06-22,2168.48,2092.3
2005-06-23,2168.48,2070.66
2005-06-24,2168.48,2053.27
2005-06-27,2168.48,2045.2
2005-06-28,2168.48,2069.89
2005-06-29,2168.48,2068.89
2005-06-30,2168.48,2056.96
2005-07-01,2168.48,2057.37
2005-07-04,2168.48,2057.37
2005-07-05,2168.48,2078.75
2005-07-06,2168.48,2068.65
2005-07-07,2168.48,2075.66
2005-07-08,2168.48,2112.88
2005-07-11,2168.48,2135.43
2005-07-12,2168.48,2143.15
2005-07-13,2168.48,2144.11
2005-07-14,2168.48,2152.82
2005-07-15,2168.48,2156.78
2005-07-18,2168.48,2144.87
2005-07-19,2168.48,2173.18
2005-07-20,2168.48,2188.57
2005-07-21,2168.48,2178.6
2005-07-22,2168.48,2179.74
2005-07-25,2168.48,2166.74
2005-07-26,2168.48,2175.99
2005-07-27,2168.48,2186.22
2005-07-28,2168.48,2198.44
2005-07-29,2168.48,2184.83
2005-08-01,2168.48,2195.38
2005-08-02,2168.48,2218.15
2005-08-03,2168.48,2216.81
2005-08-04,2168.48,2191.32
2005-08-05,2168.48,2177.91
2005-08-08,2168.48,2164.39
2005-08-09,2168.48,2174.19
2005-08-10,2168.48,2157.81
2005-08-11,2168.48,2174.55
2005-08-12,2168.48,2156.9
2005-08-15,2168.48,2167.4
2005-08-16,2168.48,2137.6
2005-08-17,2168.48,2145.15
2005-08-18,2168.48,2136.8
2005-08-19,2168.48,2135.56
2005-08-22,2168.48,2141.41
2005-08-23,2168.48,2137.25
2005-08-24,2168.48,2128.91
2005-08-25,2168.48,2134.37
2005-08-26,2168.48,2120.77
2005-08-29,2168.48,2137.65
2005-08-30,2168.48,2129.76
2005-08-31,2168.48,2152.9
2005-09-01,2168.48,2147.9
2005-09-02,2168.48,2141.7
2005-09-05,2168.48,2141.7
2005-09-06,2168.48,2166.86
2005-09-07,2168.48,2172.3
2005-09-08,2168.48,2166.3
2005-09-09,2168.48,2175.51
2005-09-12,2168.48,2182.83
2005-09-13,2168.48,2171.75
2005-09-14,2168.48,2149.33
2005-09-15,2168.48,2146.15
2005-09-16,2168.48,2160.35
2005-09-19,2168.48,2145.26
2005-09-20,2168.48,2131.33
2005-09-21,2168.48,2106.64
2005-09-22,2168.48,2110.78
2005-09-23,2168.48,2116.84
2005-09-26,2168.48,2121.46
2005-09-27,2168.48,2116.42
2005-09-28,2168.48,2115.4
2005-09-29,2168.48,2141.22
2005-09-30,2168.48,2151.69
2005-10-03,2168.48,2155.43
2005-10-04,2168.48,2139.36
2005-10-05,2168.48,2103.2
2005-10-06,2168.48,2084.8
2005-10-07,2168.48,2090.35
2005-10-10,2168.48,2078.92
2005-10-11,2168.48,2061.9
2005-10-12,2168.48,2037.47
2005-10-13,2168.48,2047.22
2005-10-14,2168.48,2064.83
2005-10-17,2168.48,2070.3
2005-10-18,2168.48,2056.0
2005-10-19,2168.48,2091.24
2005-10-20,2168.48,2068.11
2005-10-21,2168.48,2082.21
2005-10-24,2168.48,2115.83
2005-10-25,2168.48,2109.45
2005-10-26,2168.48,2100.5
2005-10-27,2168.48,2063.81
2005-10-28,2168.48,2089.88
2005-10-31,2168.48,2120.3
2005-11-01,2168.48,2114.5
2005-11-02,2168.48,2144.31
2005-11-03,2168.48,2160.22
2005-11-04,2168.48,2169.43
2005-11-07,2168.48,2178.24
2005-11-08,2168.48,2172.07
2005-11-09,2168.48,2175.81
2005-11-10,2168.48,2196.68
2005-11-11,2168.48,2202.47
2005-11-14,2168.48,2200.95
2005-11-15,2168.48,2186.74
2005-11-16,2168.48,2187.93
2005-11-17,2168.48,2220.46
2005-11-18,2168.48,2227.07
2005-11-21,2168.48,2241.67
2005-11-22,2168.48,2253.56
2005-11-23,2168.48,2259.98
2005-11-24,2168.48,2259.98
2005-11-25,2168.48,2263.01
2005-11-28,2168.48,2239.37
2005-11-29,2168.48,2232.71
2005-11-30,2168.48,2232.82
2005-12-01,2168.48,2267.17
2005-12-02,2168.48,2273.37
2005-12-05,2168.48,2257.64
2005-12-06,2168.48,2260.76
2005-12-07,2168.48,2252.01
2005-12-08,2168.48,2246.46
2005-12-09,2168.48,2256.73
2005-12-12,2168.48,2260.95
2005-12-13,2168.48,2265.0
2005-12-14,2168.48,2262.59
2005-12-15,2168.48,2260.63
2005-12-16,2168.48,2252.48
2005-12-19,2168.48,2222.74
2005-12-20,2168.48,2222.42
2005-12-21,2168.48,2231.66
2005-12-22,2168.48,2246.49
2005-12-23,2168.48,2249.42
2005-12-26,2168.48,2249.42
2005-12-27,2168.48,2226.89
2005-12-28,2168.48,2228.94
2005-12-29,2168.48,2218.16
2005-12-30,2168.48,2205.32
2006-01-02,2168.48,2205.32
2006-01-03,2168.48,2243.74
2006-01-04,2168.48,2263.46
2006-01-05,2168.48,2276.87
2006-01-06,2168.48,2305.62
2006-01-09,2168.48,2318.69
2006-01-10,2168.48,2320.32
2006-01-11,2168.48,2331.36
2006-01-12,2168.48,2316.69
2006-01-13,2168.48,2317.04
2006-01-16,2168.48,2317.04
2006-01-17,2168.48,2302.69
2006-01-18,2168.48,2279.64
2006-01-19,2168.48,2301.81
2006-01-20,2168.48,2247.7
2006-01-23,2168.48,2248.47
2006-01-24,2168.48,2265.25
2006-01-25,2168.48,2260.65
2006-01-26,2168.48,2283.0
2006-01-27,2168.48,2304.23
2006-01-30,2168.48,2306.78
2006-01-31,2168.48,2305.82
2006-02-01,2168.48,2310.56
2006-02-02,2168.48,2281.57
2006-02-03,2168.48,2262.58
2006-02-06,2168.48,2258.8
2006-02-07,2168.48,2244.96
2006-02-08,2168.48,2266.98
2006-02-09,2168.48,2255.87
2006-02-10,2168.48,2261.88
2006-02-13,2168.48,2239.81
2006-02-14,2168.48,2262.17
2006-02-15,2168.48,2276.43
2006-02-16,2168.48,2294.63
2006-02-17,2168.48,2282.36
2006-02-20,2168.48,2282.36
2006-02-21,2168.48,2262.96
2006-02-22,2168.48,2283.17
2006-02-23,2168.48,2279.32
2006-02-24,2168.48,2287.04
2006-02-27,2168.48,2307.18
2006-02-28,2168.48,2281.39
2006-03-01,2168.48,2314.64
2006-03-02,2168.48,2311.11
2006-03-03,2168.48,2302.6
2006-03-06,2168.48,2286.03
2006-03-07,2168.48,2268.38
2006-03-08,2168.48,2267.46
2006-03-09,2168.48,2249.72
2006-03-10,2168.48,2262.04
2006-03-13,2168.48,2267.03
2006-03-14,2168.48,2295.9
2006-03-15,2168.48,2311.84
2006-03-16,2168.48,2299.56
2006-03-17,2168.48,2306.48
2006-03-20,2168.48,2314.11
2006-03-21,2168.48,2294.23
2006-03-22,2168.48,2303.35
2006-03-23,2168.48,2300.15
2006-03-24,2168.48,2312.82
2006-03-27,2168.48,2315.58
2006-03-28,2168.48,2304.46
2006-03-29,2168.48,2337.78
2006-03-30,2168.48,2340.82
2006-03-31,2168.48,2339.79
2006-04-03,2168.48,2336.74
2006-04-04,2168.48,2345.36
2006-04-05,2168.48,2359.75
2006-04-06,2168.48,2361.17
2006-04-07,2168.48,2339.02
2006-04-10,2168.48,2333.27
2006-04-11,2168.48,2310.35
2006-04-12,2168.48,2314.68
2006-04-13,2168.48,2326.11
2006-04-14,2168.48,2326.11
2006-04-17,2168.48,2311.16
2006-04-18,2168.48,2356.14
2006-04-19,2168.48,2370.88
2006-04-20,2168.48,2362.55
2006-04-21,2168.48,2342.86
2006-04-24,2168.48,2333.38
2006-04-25,2168.48,2330.3
2006-04-26,2168.48,2333.63
2006-04-27,2168.48,2344.95
2006-04-28,2168.48,2322.57
2006-05-01,2168.48,2304.79
2006-05-02,2168.48,2309.84
2006-05-03,2168.48,2303.97
2006-05-04,2168.48,2323.9
2006-05-05,2168.48,2342.57
2006-05-08,2168.48,2344.99
2006-05-09,2168.48,2338.25
2006-05-10,2168.48,2320.74
2006-05-11,2168.48,2272.7
2006-05-12,2168.48,2243.78
2006-05-15,2168.48,2238.52
2006-05-16,2168.48,2229.13
2006-05-17,2168.48,2195.8
2006-05-18,2168.48,2180.32
2006-05-19,2168.48,2193.88
2006-05-22,2168.48,2172.86
2006-05-23,2168.48,2158.76
2006-05-24,2168.48,2169.17
2006-05-25,2168.48,2198.24
2006-05-26,2168.48,2210.37
2006-05-29,2168.48,2210.37
2006-05-30,2168.48,2164.74
2006-05-31,2168.48,2178.88
2006-06-01,2168.48,2219.86
2006-06-02,2168.48,2219.41
2006-06-05,2168.48,2169.62
2006-06-06,2168.48,2162.78
2006-06-07,2168.48,2151.8
2006-06-08,2168.48,2145.32
2006-06-09,2168.48,2135.06
2006-06-12,2168.48,2091.32
2006-06-13,2168.48,2072.47
2006-06-14,2168.48,2086.0
2006-06-15,2168.48,2144.15
2006-06-16,2168.48,2129.95
2006-06-19,2168.48,2110.42
2006-06-20,2168.48,2107.06
2006-06-21,2168.48,2141.2
2006-06-22,2168.48,2122.98
2006-06-23,2168.48,2121.47
2006-06-26,2168.48,2133.67
2006-06-27,2168.48,2100.25
2006-06-28,2168.48,2111.84
2006-06-29,2168.48,2174.38
2006-06-30,2168.48,2172.09
2006-07-03,2168.48,2190.43
2006-07-04,2168.48,2190.43
2006-07-05,2168.48,2153.34
2006-07-06,2168.48,2155.09
2006-07-07,2168.48,2130.06
2006-07-10,2168.48,2116.93
2006-07-11,2168.48,2128.86
2006-07-12,2168.48,2090.24
2006-07-13,2168.48,2054.11
2006-07-14,2168.48,2037.35
2006-07-17,2168.48,2037.72
2006-07-18,2168.48,2043.22
2006-07-19,2168.48,2080.71
2006-07-20,2168.48,2039.42
2006-07-21,2168.48,2020.39
2006-07-24,2168.48,2061.84
2006-07-25,2168.48,2073.9
2006-07-26,2168.48,2070.46
2006-07-27,2168.48,2054.47
2006-07-28,2168.48,2094.14
2006-07-31,2168.48,2091.47
2006-08-01,2168.48,2061.99
2006-08-02,2168.48,2078.81
2006-08-03,2168.48,2092.34
2006-08-04,2168.48,2085.05
2006-08-07,2168.48,2072.5
2006-08-08,2168.48,2060.85
2006-08-09,2168.48,2060.28
2006-08-10,2168.48,2071.74
2006-08-11,2168.48,2057.71
2006-08-14,2168.48,2069.04
2006-08-15,2168.48,2115.01
2006-08-16,2168.48,2149.54
2006-08-17,2168.48,2157.61
2006-08-18,2168.48,2163.95
2006-08-21,2168.48,2147.75
2006-08-22,2168.48,2150.02
2006-08-23,2168.48,2134.66
2006-08-24,2168.48,2137.11
2006-08-25,2168.48,2140.29
2006-08-28,2168.48,2160.7
2006-08-29,2168.48,2172.3
2006-08-30,2168.48,2185.73
2006-08-31,2168.48,2183.75
2006-09-01,2168.48,2193.16
2006-09-04,2168.48,2193.16
2006-09-05,2168.48,2205.7
2006-09-06,2168.48,2167.84
2006-09-07,2168.48,2155.29
2006-09-08,2168.48,2165.79
2006-09-11,2168.48,2173.25
2006-09-12,2168.48,2215.82
2006-09-13,2168.48,2227.67
2006-09-14,2168.48,2228.73
2006-09-15,2168.48,2235.59
2006-09-18,2168.48,2235.75
2006-09-19,2168.48,2222.37
2006-09-20,2168.48,2252.89
2006-09-21,2168.48,2237.75
2006-09-22,2168.48,2218.93
2006-09-25,2168.48,2249.07
2006-09-26,2168.48,2261.34
2006-09-27,2168.48,2263.39
2006-09-28,2168.48,2270.02
2006-09-29,2168.48,2258.43
2006-10-02,2168.48,2237.6
2006-10-03,2168.48,2243.65
2006-10-04,2168.48,2290.95
2006-10-05,2168.48,2306.34
2006-10-06,2168.48,2299.99
2006-10-09,2168.48,2311.77
2006-10-10,2168.48,2315.43
2006-10-11,2168.48,2308.27
2006-10-12,2168.48,2346.18
2006-10-13,2168.48,2357.29
2006-10-16,2168.48,2363.84
2006-10-17,2168.48,2344.95
2006-10-18,2168.48,2337.15
2006-10-19,2168.48,2340.94
2006-10-20,2168.48,2342.3
2006-10-23,2168.48,2355.56
2006-10-24,2168.48,2344.84
2006-10-25,2168.48,2356.59
2006-10-26,2168.48,2379.1
2006-10-27,2168.48,2350.62
2006-10-30,2168.48,2363.77
2006-10-31,2168.48,2366.71
2006-11-01,2168.48,2334.35
2006-11-02,2168.48,2334.02
2006-11-03,2168.48,2330.79
2006-11-06,2168.48,2365.95
2006-11-07,2168.48,2375.88
2006-11-08,2168.48,2384.94
2006-11-09,2168.48,2376.01
2006-11-10,2168.48,2389.72
2006-11-13,2168.48,2406.38
2006-11-14,2168.48,2430.66
2006-11-15,2168.48,2442.75
2006-11-16,2168.48,2449.06
2006-11-17,2168.48,2445.86
2006-11-20,2168.48,2452.72
2006-11-21,2168.48,2454.84
2006-11-22,2168.48,2465.98
2006-11-23,2168.48,2465.98
2006-11-24,2168.48,2460.26
2006-11-27,2168.48,2405.92
2006-11-28,2168.48,2412.61
2006-11-29,2168.48,2432.23
2006-11-30,2168.48,2431.77
2006-12-01,2168.48,2413.21
2006-12-04,2168.48,2448.39
2006-12-05,2168.48,2452.38
2006-12-06,2168.48,2445.86
2006-12-07,2168.48,2427.69
2006-12-08,2168.48,2437.36
2006-12-11,2168.48,2442.86
2006-12-12,2168.48,2431.6
2006-12-13,2168.48,2432.41
2006-12-14,2168.48,2453.85
2006-12-15,2168.48,2457.2
2006-12-18,2168.48,2435.57
2006-12-19,2168.48,2429.55
2006-12-20,2168.48,2427.61
2006-12-21,2168.48,2415.85
2006-12-22,2168.48,2401.18
2006-12-25,2168.48,2401.18
2006-12-26,2168.48,2413.51
2006-12-27,2168.48,2431.22
2006-12-28,2168.48,2425.57
2006-12-29,2168.48,2415.29
2007-01-01,2168.48,2415.29
2007-01-02,2168.48,2415.29
2007-01-03,2168.48,2423.16
2007-01-04,2168.48,2453.43
2007-01-05,2168.48,2434.25
2007-01-08,2168.48,2438.2
2007-01-09,2168.48,2443.83
2007-01-10,2168.48,2459.33
2007-01-11,2168.48,2484.85
2007-01-12,2168.48,2502.82
2007-01-15,2168.48,2502.82
2007-01-16,2168.48,2497.78
2007-01-17,2168.48,2479.42
2007-01-18,2168.48,2443.21
2007-01-19,2168.48,2451.31
2007-01-22,2168.48,2431.07
2007-01-23,2168.48,2431.41
2007-01-24,2168.48,2466.28
2007-01-25,2168.48,2434.24
2007-01-26,2168.48,2435.49
2007-01-29,2168.48,2441.09
2007-01-30,2168.48,2448.64
2007-01-31,2168.48,2463.93
2007-02-01,2168.48,2468.38
2007-02-02,2168.48,2475.88
2007-02-05,2168.48,2470.6
2007-02-06,2168.48,2471.49
2007-02-07,2168.48,2490.5
2007-02-08,2168.48,2488.67
2007-02-09,2168.48,2459.82
2007-02-12,2168.48,2450.38
2007-02-13,2168.48,2459.88
2007-02-14,2168.48,2488.38
2007-02-15,2168.48,2497.1
2007-02-16,2168.48,2496.31
2007-02-19,2168.48,2496.31
2007-02-20,2168.48,2513.04
2007-02-21,2168.48,2518.42
2007-02-22,2168.48,2524.94
2007-02-23,2168.48,2515.1
2007-02-26,2168.48,2504.52
2007-02-27,2168.48,2407.86
2007-02-28,2168.48,2416.15
2007-03-01,2168.48,2404.21
2007-03-02,2168.48,2368.0
2007-03-05,2168.48,2340.68
2007-03-06,2168.48,2385.14
2007-03-07,2168.48,2374.64
2007-03-08,2168.48,2387.73
2007-03-09,2168.48,2387.55
2007-03-12,2168.48,2402.29
2007-03-13,2168.48,2350.57
2007-03-14,2168.48,2371.74
2007-03-15,2168.48,2378.7
2007-03-16,2168.48,2372.66
2007-03-19,2168.48,2394.41
2007-03-20,2168.48,2408.21
2007-03-21,2168.48,2455.92
2007-03-22,2168.48,2451.74
2007-03-23,2168.48,2448.93
2007-03-26,2168.48,2455.63
2007-03-27,2168.48,2437.43
2007-03-28,2168.48,2417.1
2007-03-29,2168.48,2417.88
2007-03-30,2168.48,2421.64
2007-04-02,2168.48,2422.26
2007-04-03,2168.48,2450.33
2007-04-04,2168.48,2458.69
2007-04-05,2168.48,2471.34
2007-04-06,2168.48,2471.34
2007-04-09,2168.48,2469.18
2007-04-10,2168.48,2477.61
2007-04-11,2168.48,2459.31
2007-04-12,2168.48,2480.32
2007-04-13,2168.48,2491.94
2007-04-16,2168.48,2518.33
2007-04-17,2168.48,2516.95
2007-04-18,2168.48,2510.5
2007-04-19,2168.48,2505.35
2007-04-20,2168.48,2526.39
2007-04-23,2168.48,2523.67
2007-04-24,2168.48,2524.54
2007-04-25,2168.48,2547.89
2007-04-26,2168.48,2554.46
2007-04-27,2168.48,2557.21
2007-04-30,2168.48,2525.09
2007-05-01,2168.48,2531.53
2007-05-02,2168.48,2557.84
2007-05-03,2168.48,2565.46
2007-05-04,2168.48,2572.15
2007-05-07,2168.48,2570.95
2007-05-08,2168.48,2571.75
2007-05-09,2168.48,2576.34
2007-05-10,2168.48,2533.74
2007-05-11,2168.48,2562.22
2007-05-14,2168.48,2546.44
2007-05-15,2168.48,2525.29
2007-05-16,2168.48,2547.42
2007-05-17,2168.48,2539.38
2007-05-18,2168.48,2558.45
2007-05-21,2168.48,2578.79
2007-05-22,2168.48,2588.02
2007-05-23,2168.48,2577.05
2007-05-24,2168.48,2537.92
2007-05-25,2168.48,2557.19
2007-05-28,2168.48,2557.19
2007-05-29,2168.48,2572.06
2007-05-30,2168.48,2592.59
2007-05-31,2168.48,2604.52
2007-06-01,2168.48,2613.92
2007-06-04,2168.48,2618.29
2007-06-05,2168.48,2611.23
2007-06-06,2168.48,2587.18
2007-06-07,2168.48,2541.38
2007-06-08,2168.48,2573.54
2007-06-11,2168.48,2572.15
2007-06-12,2168.48,2549.77
2007-06-13,2168.48,2582.31
2007-06-14,2168.48,2599.41
2007-06-15,2168.48,2626.71
2007-06-18,2168.48,2626.6
2007-06-19,2168.48,2626.76
2007-06-20,2168.48,2599.96
2007-06-21,2168.48,2616.96
2007-06-22,2168.48,2588.96
2007-06-25,2168.48,2577.08
2007-06-26,2168.48,2574.16
2007-06-27,2168.48,2605.35
2007-06-28,2168.48,2608.37
2007-06-29,2168.48,2603.23
2007-07-02,2168.48,2632.3
2007-07-03,2168.48,2644.95
2007-07-04,2168.48,2644.95
2007-07-05,2168.48,2656.65
2007-07-06,2168.48,2666.51
2007-07-09,2168.48,2670.02
2007-07-10,2168.48,2639.16
2007-07-11,2168.48,2651.79
2007-07-12,2168.48,2701.73
2007-07-13,2168.48,2707.0
2007-07-16,2168.48,2697.33
2007-07-17,2168.48,2712.29
2007-07-18,2168.48,2699.49
2007-07-19,2168.48,2720.04
2007-07-20,2168.48,2687.6
2007-07-23,2168.48,2690.58
2007-07-24,2168.48,2639.86
2007-07-25,2168.48,2648.17
2007-07-26,2168.48,2599.34
2007-07-27,2168.48,2562.24
2007-07-30,2168.48,2583.28
2007-07-31,2168.48,2546.27
2007-08-01,2168.48,2553.87
2007-08-02,2168.48,2575.98
2007-08-03,2168.48,2511.25
2007-08-06,2168.48,2547.33
2007-08-07,2168.48,2561.6
2007-08-08,2168.48,2612.98
2007-08-09,2168.48,2556.49
2007-08-10,2168.48,2544.89
2007-08-13,2168.48,2542.24
2007-08-14,2168.48,2499.12
2007-08-15,2168.48,2458.83
2007-08-16,2168.48,2451.07
2007-08-17,2168.48,2505.03
2007-08-20,2168.48,2508.59
2007-08-21,2168.48,2521.3
2007-08-22,2168.48,2552.8
2007-08-23,2168.48,2541.7
2007-08-24,2168.48,2576.69
2007-08-27,2168.48,2561.25
2007-08-28,2168.48,2500.64
2007-08-29,2168.48,2563.16
2007-08-30,2168.48,2565.3
2007-08-31,2168.48,2596.36
2007-09-03,2168.48,2596.36
2007-09-04,2168.48,2630.24
2007-09-05,2168.48,2605.95
2007-09-06,2168.48,2614.32
2007-09-07,2168.48,2565.7
2007-09-10,2168.48,2559.11
2007-09-11,2168.48,2597.47
2007-09-12,2168.48,2592.07
2007-09-13,2168.48,2601.06
2007-09-14,2168.48,2602.18
2007-09-17,2168.48,2581.66
2007-09-18,2168.48,2651.66
2007-09-19,2168.48,2666.48
2007-09-20,2168.48,2654.29
2007-09-21,2168.48,2671.22
2007-09-24,2168.48,2667.95
2007-09-25,2168.48,2683.45
2007-09-26,2168.48,2699.03
2007-09-27,2168.48,2709.59
2007-09-28,2168.48,2701.5
2007-10-01,2168.48,2740.99
2007-10-02,2168.48,2747.11
2007-10-03,2168.48,2729.43
2007-10-04,2168.48,2733.57
2007-10-05,2168.48,2780.32
2007-10-08,2168.48,2787.37
2007-10-09,2168.48,2803.91
2007-10-10,2168.48,2811.61
2007-10-11,2168.48,2772.2
2007-10-12,2168.48,2805.68
2007-10-15,2168.48,2780.05
2007-10-16,2168.48,2763.91
2007-10-17,2168.48,2792.67
2007-10-18,2168.48,2799.31
2007-10-19,2168.48,2725.16
2007-10-22,2168.48,2753.93
2007-10-23,2168.48,2799.26
2007-10-24,2168.48,2774.76
2007-10-25,2168.48,2750.86
2007-10-26,2168.48,2804.19
2007-10-29,2168.48,2817.44
2007-10-30,2168.48,2816.71
2007-10-31,2168.48,2859.12
2007-11-01,2168.48,2794.83
2007-11-02,2168.48,2810.38
2007-11-05,2168.48,2795.18
2007-11-06,2168.48,2825.18
2007-11-07,2168.48,2748.76
2007-11-08,2168.48,2696.0
2007-11-09,2168.48,2627.94
2007-11-12,2168.48,2584.13
2007-11-13,2168.48,2673.65
2007-11-14,2168.48,2644.32
2007-11-15,2168.48,2618.51
2007-11-16,2168.48,2637.24
2007-11-19,2168.48,2593.38
2007-11-20,2168.48,2596.81
2007-11-21,2168.48,2562.15
2007-11-22,2168.48,2562.15
2007-11-23,2168.48,2596.6
2007-11-26,2168.48,2540.99
2007-11-27,2168.48,2580.8
2007-11-28,2168.48,2662.91
2007-11-29,2168.48,2668.13
2007-11-30,2168.48,2660.96
2007-12-03,2168.48,2637.13
2007-12-04,2168.48,2619.83
2007-12-05,2168.48,2666.36
2007-12-06,2168.48,2709.03
2007-12-07,2168.48,2706.16
2007-12-10,2168.48,2718.95
2007-12-11,2168.48,2652.35
2007-12-12,2168.48,2671.14
2007-12-13,2168.48,2668.49
2007-12-14,2168.48,2635.74
2007-12-17,2168.48,2574.46
2007-12-18,2168.48,2596.03
2007-12-19,2168.48,2601.01
2007-12-20,2168.48,2640.86
2007-12-21,2168.48,2691.99
2007-12-24,2168.48,2713.5
2007-12-25,2168.48,2713.5
2007-12-26,2168.48,2724.41
2007-12-27,2168.48,2676.79
2007-12-28,2168.48,2674.46
2007-12-31,2168.48,2652.28
2008-01-01,2168.48,2652.28
2008-01-02,2168.48,2609.63
2008-01-03,2168.48,2602.68
2008-01-04,2168.48,2504.65
2008-01-07,2168.48,2499.46
2008-01-08,2168.48,2440.51
2008-01-09,2168.48,2474.55
2008-01-10,2168.48,2488.52
2008-01-11,2168.48,2439.94
2008-01-14,2168.48,2478.3
2008-01-15,2168.48,2417.59
2008-01-16,2168.48,2394.59
2008-01-17,2168.48,2346.9
2008-01-18,2168.48,2340.02
2008-01-21,2168.48,2340.02
2008-01-22,2168.48,2292.27
2008-01-23,2168.48,2316.41
2008-01-24,2168.48,2360.92
2008-01-25,2168.48,2326.2
2008-01-28,2168.48,2349.91
2008-01-29,2168.48,2358.06
2008-01-30,2168.48,2349.0
2008-01-31,2168.48,2389.86
2008-02-01,2168.48,2413.36
2008-02-04,2168.48,2382.85
2008-02-05,2168.48,2309.57
2008-02-06,2168.48,2278.75
2008-02-07,2168.48,2293.03
2008-02-08,2168.48,2304.85
2008-02-11,2168.48,2320.06
2008-02-12,2168.48,2320.04
2008-02-13,2168.48,2373.93
2008-02-14,2168.48,2332.54
2008-02-15,2168.48,2321.8
2008-02-18,2168.48,2321.8
2008-02-19,2168.48,2306.2
2008-02-20,2168.48,2327.1
2008-02-21,2168.48,2299.78
2008-02-22,2168.48,2303.35
2008-02-25,2168.48,2327.48
2008-02-26,2168.48,2344.99
2008-02-27,2168.48,2353.78
2008-02-28,2168.48,2331.57
2008-02-29,2168.48,2271.48
2008-03-03,2168.48,2258.6
2008-03-04,2168.48,2260.28
2008-03-05,2168.48,2272.81
2008-03-06,2168.48,2220.5
2008-03-07,2168.48,2212.49
2008-03-10,2168.48,2169.34
2008-03-11,2168.48,2255.76
2008-03-12,2168.48,2243.87
2008-03-13,2168.48,2263.61
2008-03-14,2168.48,2212.49
2008-03-17,2168.48,2177.01
2008-03-18,2168.48,2268.26
2008-03-19,2168.48,2209.96
2008-03-20,2168.48,2258.11
2008-03-21,2168.48,2258.11
2008-03-24,2168.48,2326.75
2008-03-25,2168.48,2341.05
2008-03-26,2168.48,2324.36
2008-03-27,2168.48,2280.83
2008-03-28,2168.48,2261.18
2008-03-31,2168.48,2279.1
2008-04-01,2168.48,2362.75
2008-04-02,2168.48,2361.4
2008-04-03,2168.48,2363.3
2008-04-04,2168.48,2370.98
2008-04-07,2168.48,2364.83
2008-04-08,2168.48,2348.76
2008-04-09,2168.48,2322.12
2008-04-10,2168.48,2351.7
2008-04-11,2168.48,2290.24
2008-04-14,2168.48,2275.82
2008-04-15,2168.48,2286.04
2008-04-16,2168.48,2350.11
2008-04-17,2168.48,2341.83
2008-04-18,2168.48,2402.97
2008-04-21,2168.48,2408.04
2008-04-22,2168.48,2376.94
2008-04-23,2168.48,2405.21
2008-04-24,2168.48,2428.92
2008-04-25,2168.48,2422.93
2008-04-28,2168.48,2424.4
2008-04-29,2168.48,2426.1
2008-04-30,2168.48,2412.8
2008-05-01,2168.48,2480.71
2008-05-02,2168.48,2476.99
2008-05-05,2168.48,2464.12
2008-05-06,2168.48,2483.31
2008-05-07,2168.48,2438.49
2008-05-08,2168.48,2451.24
2008-05-09,2168.48,2445.52
2008-05-12,2168.48,2488.49
2008-05-13,2168.48,2495.12
2008-05-14,2168.48,2496.7
2008-05-15,2168.48,2533.73
2008-05-16,2168.48,2528.85
2008-05-19,2168.48,2516.09
2008-05-20,2168.48,2492.26
2008-05-21,2168.48,2448.27
2008-05-22,2168.48,2464.58
2008-05-23,2168.48,2444.67
2008-05-26,2168.48,2444.67
2008-05-27,2168.48,2481.24
2008-05-28,2168.48,2486.7
2008-05-29,2168.48,2508.32
2008-05-30,2168.48,2522.66
2008-06-02,2168.48,2491.53
2008-06-03,2168.48,2480.48
2008-06-04,2168.48,2503.14
2008-06-05,2168.48,2549.94
2008-06-06,2168.48,2474.56
2008-06-09,2168.48,2459.46
2008-06-10,2168.48,2448.94
2008-06-11,2168.48,2394.01
2008-06-12,2168.48,2404.35
2008-06-13,2168.48,2454.5
2008-06-16,2168.48,2474.78
2008-06-17,2168.48,2457.73
2008-06-18,2168.48,2429.71
2008-06-19,2168.48,2462.06
2008-06-20,2168.48,2406.09
2008-06-23,2168.48,2385.74
2008-06-24,2168.48,2368.28
2008-06-25,2168.48,2401.26
2008-06-26,2168.48,2321.37
2008-06-27,2168.48,2315.63
2008-06-30,2168.48,2292.98
2008-07-01,2168.48,2304.97
2008-07-02,2168.48,2251.46
2008-07-03,2168.48,2245.38
2008-07-04,2168.48,2245.38
2008-07-07,2168.48,2243.32
2008-07-08,2168.48,2294.44
2008-07-09,2168.48,2234.89
2008-07-10,2168.48,2257.85
2008-07-11,2168.48,2239.08
2008-07-14,2168.48,2212.87
2008-07-15,2168.48,2215.71
2008-07-16,2168.48,2284.85
2008-07-17,2168.48,2312.3
2008-07-18,2168.48,2282.78
2008-07-21,2168.48,2279.53
2008-07-22,2168.48,2303.96
2008-07-23,2168.48,2325.88
2008-07-24,2168.48,2280.11
2008-07-25,2168.48,2310.53
2008-07-28,2168.48,2264.22
2008-07-29,2168.48,2319.62
2008-07-30,2168.48,2329.72
2008-07-31,2168.48,2325.55
2008-08-01,2168.48,2310.96
2008-08-04,2168.48,2285.56
2008-08-05,2168.48,2349.83
2008-08-06,2168.48,2378.37
2008-08-07,2168.48,2355.73
2008-08-08,2168.48,2414.1
2008-08-11,2168.48,2439.95
2008-08-12,2168.48,2430.61
2008-08-13,2168.48,2428.62
2008-08-14,2168.48,2453.67
2008-08-15,2168.48,2452.52
2008-08-18,2168.48,2416.98
2008-08-19,2168.48,2384.36
2008-08-20,2168.48,2389.08
2008-08-21,2168.48,2380.38
2008-08-22,2168.48,2414.71
2008-08-25,2168.48,2365.59
2008-08-26,2168.48,2361.97
2008-08-27,2168.48,2382.46
2008-08-28,2168.48,2411.64
2008-08-29,2168.48,2367.52
2008-09-01,2168.48,2367.52
2008-09-02,2168.48,2349.24
2008-09-03,2168.48,2333.73
2008-09-04,2168.48,2259.04
2008-09-05,2168.48,2255.88
2008-09-08,2168.48,2269.76
2008-09-09,2168.48,2209.81
2008-09-10,2168.48,2228.7
2008-09-11,2168.48,2258.22
2008-09-12,2168.48,2261.27
2008-09-15,2168.48,2179.91
2008-09-16,2168.48,2207.9
2008-09-17,2168.48,2098.85
2008-09-18,2168.48,2199.1
2008-09-19,2168.48,2273.9
2008-09-22,2168.48,2178.98
2008-09-23,2168.48,2153.33
2008-09-24,2168.48,2155.68
2008-09-25,2168.48,2186.57
2008-09-26,2168.48,2183.34
2008-09-29,2168.48,1983.73
2008-09-30,2168.48,2091.88
2008-10-01,2168.48,2069.4
2008-10-02,2168.48,1976.72
2008-10-03,2168.48,1947.39
2008-10-06,2168.48,1862.96
2008-10-07,2168.48,1754.88
2008-10-08,2168.48,1740.33
2008-10-09,2168.48,1645.12
2008-10-10,2168.48,1649.51
2008-10-13,2168.48,1844.25
2008-10-14,2168.48,1779.01
2008-10-15,2168.48,1628.33
2008-10-16,2168.48,1717.71
2008-10-17,2168.48,1711.29
2008-10-20,2168.48,1770.03
2008-10-21,2168.48,1696.68
2008-10-22,2168.48,1615.75
2008-10-23,2168.48,1603.91
2008-10-24,2168.48,1552.03
2008-10-27,2168.48,1505.9
2008-10-28,2168.48,1649.47
2008-10-29,2168.48,1657.21
2008-10-30,2168.48,1698.52
2008-10-31,2168.48,1720.95
2008-11-03,2168.48,1726.33
2008-11-04,2168.48,1780.12
2008-11-05,2168.48,1681.64
2008-11-06,2168.48,1608.7
2008-11-07,2168.48,1647.4
2008-11-10,2168.48,1616.74
2008-11-11,2168.48,1580.9
2008-11-12,2168.48,1499.21
2008-11-13,2168.48,1596.7
2008-11-14,2168.48,1516.85
2008-11-17,2168.48,1482.05
2008-11-18,2168.48,1483.27
2008-11-19,2168.48,1386.42
2008-11-20,2168.48,1316.12
2008-11-21,2168.48,1384.35
2008-11-24,2168.48,1472.02
2008-11-25,2168.48,1464.73
2008-11-26,2168.48,1532.1
2008-11-27,2168.48,1532.1
2008-11-28,2168.48,1535.57
2008-12-01,2168.48,1398.07
2008-12-02,2168.48,1449.8
2008-12-03,2168.48,1492.38
2008-12-04,2168.48,1445.56
2008-12-05,2168.48,1509.31
2008-12-08,2168.48,1571.74
2008-12-09,2168.48,1547.34
2008-12-10,2168.48,1565.48
2008-12-11,2168.48,1507.88
2008-12-12,2168.48,1540.72
2008-12-15,2168.48,1508.34
2008-12-16,2168.48,1589.89
2008-12-17,2168.48,1579.31
2008-12-18,2168.48,1552.37
2008-12-19,2168.48,1564.32
2008-12-22,2168.48,1532.35
2008-12-23,2168.48,1521.54
2008-12-24,2168.48,1524.9
2008-12-25,2168.48,1524.9
2008-12-26,2168.48,1530.24
2008-12-29,2168.48,1510.32
2008-12-30,2168.48,1550.7
2008-12-31,2168.48,1577.03
2009-01-01,2168.48,1577.03
2009-01-02,2168.48,1632.21
2009-01-05,2168.48,1628.03
2009-01-06,2168.48,1652.38
2009-01-07,2168.48,1599.06
2009-01-08,2168.48,1617.01
2009-01-09,2168.48,1571.59
2009-01-12,2168.48,1538.79
2009-01-13,2168.48,1546.46
2009-01-14,2168.48,1489.64
2009-01-15,2168.48,1511.84
2009-01-16,2168.48,1529.33
2009-01-19,2168.48,1529.33
2009-01-20,2168.48,1440.86
2009-01-21,2168.48,1507.07
2009-01-22,2168.48,1465.49
2009-01-23,2168.48,1477.29
2009-01-26,2168.48,1489.46
2009-01-27,2168.48,1504.9
2009-01-28,2168.48,1558.34
2009-01-29,2168.48,1507.84
2009-01-30,2168.48,1476.42
2009-02-02,2168.48,1494.43
2009-02-03,2168.48,1516.3
2009-02-04,2168.48,1515.05
2009-02-05,2168.48,1546.24
2009-02-06,2168.48,1591.71
2009-02-09,2168.48,1591.56
2009-02-10,2168.48,1524.73
2009-02-11,2168.48,1530.5
2009-02-12,2168.48,1541.71
2009-02-13,2168.48,1534.36
2009-02-16,2168.48,1534.36
2009-02-17,2168.48,1470.66
2009-02-18,2168.48,1467.97
2009-02-19,2168.48,1442.82
2009-02-20,2168.48,1441.23
2009-02-23,2168.48,1387.72
2009-02-24,2168.48,1441.83
2009-02-25,2168.48,1425.43
2009-02-26,2168.48,1391.47
2009-02-27,2168.48,1377.84
2009-03-02,2168.48,1322.85
2009-03-03,2168.48,1321.01
2009-03-04,2168.48,1353.74
2009-03-05,2168.48,1299.59
2009-03-06,2168.48,1293.85
2009-03-09,2168.48,1268.64
2009-03-10,2168.48,1358.28
2009-03-11,2168.48,1371.64
2009-03-12,2168.48,1426.1
2009-03-13,2168.48,1431.5
2009-03-16,2168.48,1404.02
2009-03-17,2168.48,1462.11
2009-03-18,2168.48,1491.22
2009-03-19,2168.48,1483.48
2009-03-20,2168.48,1457.27
2009-03-23,2168.48,1555.77
2009-03-24,2168.48,1516.52
2009-03-25,2168.48,1528.95
2009-03-26,2168.48,1587.0
2009-03-27,2168.48,1545.2
2009-03-30,2168.48,1501.8
2009-03-31,2168.48,1528.59
2009-04-01,2168.48,1551.6
2009-04-02,2168.48,1602.63
2009-04-03,2168.48,1621.87
2009-04-06,2168.48,1606.71
2009-04-07,2168.48,1561.61
2009-04-08,2168.48,1590.66
2009-04-09,2168.48,1652.54
2009-04-10,2168.48,1652.54
2009-04-13,2168.48,1653.31
2009-04-14,2168.48,1625.72
2009-04-15,2168.48,1626.8
2009-04-16,2168.48,1670.44
2009-04-17,2168.48,1673.07
2009-04-20,2168.48,1608.21
2009-04-21,2168.48,1643.85
2009-04-22,2168.48,1646.12
2009-04-23,2168.48,1652.21
2009-04-24,2168.48,1694.29
2009-04-27,2168.48,1679.41
2009-04-28,2168.48,1673.81
2009-04-29,2168.48,1711.94
2009-04-30,2168.48,1717.3
2009-05-01,2168.48,1719.2
2009-05-04,2168.48,1763.56
2009-05-05,2168.48,1754.12
2009-05-06,2168.48,1759.1
2009-05-07,2168.48,1716.24
2009-05-08,2168.48,1739.0
2009-05-11,2168.48,1731.24
2009-05-12,2168.48,1715.92
2009-05-13,2168.48,1664.19
2009-05-14,2168.48,1689.21
2009-05-15,2168.48,1680.14
2009-05-18,2168.48,1732.36
2009-05-19,2168.48,1734.54
2009-05-20,2168.48,1727.84
2009-05-21,2168.48,1695.25
2009-05-22,2168.48,1692.01
2009-05-25,2168.48,1692.01
2009-05-26,2168.48,1750.43
2009-05-27,2168.48,1731.08
2009-05-28,2168.48,1751.79
2009-05-29,2168.48,1774.33
2009-06-01,2168.48,1828.68
2009-06-02,2168.48,1836.8
2009-06-03,2168.48,1825.92
2009-06-04,2168.48,1850.02
2009-06-05,2168.48,1849.42
2009-06-08,2168.48,1842.4
2009-06-09,2168.48,1860.13
2009-06-10,2168.48,1853.08
2009-06-11,2168.48,1862.37
2009-06-12,2168.48,1858.8
2009-06-15,2168.48,1816.38
2009-06-16,2168.48,1796.18
2009-06-17,2168.48,1808.06
2009-06-18,2168.48,1807.72
2009-06-19,2168.48,1827.47
2009-06-22,2168.48,1766.19
2009-06-23,2168.48,1764.92
2009-06-24,2168.48,1792.34
2009-06-25,2168.48,1829.54
2009-06-26,2168.48,1838.22
2009-06-29,2168.48,1844.06
2009-06-30,2168.48,1835.04
2009-07-01,2168.48,1845.72
2009-07-02,2168.48,1796.52
2009-07-03,2168.48,1796.52
2009-07-06,2168.48,1787.4
2009-07-07,2168.48,1746.17
2009-07-08,2168.48,1747.17
2009-07-09,2168.48,1752.55
2009-07-10,2168.48,1756.03
2009-07-13,2168.48,1793.21
2009-07-14,2168.48,1799.73
2009-07-15,2168.48,1862.9
2009-07-16,2168.48,1885.03
2009-07-17,2168.48,1886.61
2009-07-20,2168.48,1909.29
2009-07-21,2168.48,1916.2
2009-07-22,2168.48,1926.38
2009-07-23,2168.48,1973.6
2009-07-24,2168.48,1965.96
2009-07-27,2168.48,1967.89
2009-07-28,2168.48,1975.51
2009-07-29,2168.48,1967.76
2009-07-30,2168.48,1984.3
2009-07-31,2168.48,1978.5
2009-08-03,2168.48,2008.61
2009-08-04,2168.48,2011.31
2009-08-05,2168.48,1993.05
2009-08-06,2168.48,1973.16
2009-08-07,2168.48,2000.25
2009-08-10,2168.48,1992.24
2009-08-11,2168.48,1969.73
2009-08-12,2168.48,1998.72
2009-08-13,2168.48,2009.35
2009-08-14,2168.48,1985.52
2009-08-17,2168.48,1930.84
2009-08-18,2168.48,1955.92
2009-08-19,2168.48,1969.24
2009-08-20,2168.48,1989.22
2009-08-21,2168.48,2020.9
2009-08-24,2168.48,2017.98
2009-08-25,2168.48,2024.23
2009-08-26,2168.48,2024.43
2009-08-27,2168.48,2027.73
2009-08-28,2168.48,2028.77
2009-08-31,2168.48,2009.06
2009-09-01,2168.48,1968.89
2009-09-02,2168.48,1967.07
2009-09-03,2168.48,1983.2
2009-09-04,2168.48,2018.78
2009-09-07,2168.48,2018.78
2009-09-08,2168.48,2037.77
2009-09-09,2168.48,2060.39
2009-09-10,2168.48,2084.02
2009-09-11,2168.48,2080.9
2009-09-14,2168.48,2091.78
2009-09-15,2168.48,2102.64
2009-09-16,2168.48,2133.15
2009-09-17,2168.48,2126.75
2009-09-18,2168.48,2132.86
2009-09-21,2168.48,2138.04
2009-09-22,2168.48,2146.3
2009-09-23,2168.48,2131.42
2009-09-24,2168.48,2107.61
2009-09-25,2168.48,2090.92
2009-09-28,2168.48,2130.74
2009-09-29,2168.48,2124.04
2009-09-30,2168.48,2122.42
2009-10-01,2168.48,2057.48
2009-10-02,2168.48,2048.11
2009-10-05,2168.48,2068.15
2009-10-06,2168.48,2103.57
2009-10-07,2168.48,2110.33
2009-10-08,2168.48,2123.93
2009-10-09,2168.48,2139.28
2009-10-12,2168.48,2139.14
2009-10-13,2168.48,2139.89
2009-10-14,2168.48,2172.23
2009-10-15,2168.48,2173.29
2009-10-16,2168.48,2156.8
2009-10-19,2168.48,2176.32
2009-10-20,2168.48,2163.47
2009-10-21,2168.48,2150.73
2009-10-22,2168.48,2165.29
2009-10-23,2168.48,2154.47
2009-10-26,2168.48,2141.85
2009-10-27,2168.48,2116.09
2009-10-28,2168.48,2059.61
2009-10-29,2168.48,2097.55
2009-10-30,2168.48,2045.11
2009-11-02,2168.48,2049.2
2009-11-03,2168.48,2057.32
2009-11-04,2168.48,2055.52
2009-11-05,2168.48,2105.32
2009-11-06,2168.48,2112.44
2009-11-09,2168.48,2154.06
2009-11-10,2168.48,2151.08
2009-11-11,2168.48,2166.9
2009-11-12,2168.48,2149.02
2009-11-13,2168.48,2167.88
2009-11-16,2168.48,2197.85
2009-11-17,2168.48,2203.78
2009-11-18,2168.48,2193.14
2009-11-19,2168.48,2156.82
2009-11-20,2168.48,2146.04
2009-11-23,2168.48,2176.01
2009-11-24,2168.48,2169.18
2009-11-25,2168.48,2176.05
2009-11-26,2168.48,2176.05
2009-11-27,2168.48,2138.44
2009-11-30,2168.48,2144.6
2009-12-01,2168.48,2175.81
2009-12-02,2168.48,2185.03
2009-12-03,2168.48,2173.14
2009-12-04,2168.48,2194.35
2009-12-07,2168.48,2189.61
2009-12-08,2168.48,2172.99
2009-12-09,2168.48,2183.73
2009-12-10,2168.48,2190.86
2009-12-11,2168.48,2190.31
2009-12-14,2168.48,2212.1
2009-12-15,2168.48,2201.05
2009-12-16,2168.48,2206.91
2009-12-17,2168.48,2180.05
2009-12-18,2168.48,2211.69
2009-12-21,2168.48,2237.66
2009-12-22,2168.48,2252.67
2009-12-23,2168.48,2269.64
2009-12-24,2168.48,2285.69
2009-12-25,2168.48,2285.69
2009-12-28,2168.48,2291.08
2009-12-29,2168.48,2288.4
2009-12-30,2168.48,2291.28
2009-12-31,2168.48,2269.15
2010-01-01,2168.48,2269.15
2010-01-04,2168.48,2308.42
2010-01-05,2168.48,2308.71
2010-01-06,2168.48,2301.09
2010-01-07,2168.48,2300.05
2010-01-08,2168.48,2317.17
2010-01-11,2168.48,2312.41
2010-01-12,2168.48,2282.31
2010-01-13,2168.48,2307.9
2010-01-14,2168.48,2316.74
2010-01-15,2168.48,2287.99
2010-01-18,2168.48,2287.99
2010-01-19,2168.48,2320.4
2010-01-20,2168.48,2291.25
2010-01-21,2168.48,2265.7
2010-01-22,2168.48,2205.29
2010-01-25,2168.48,2210.8
2010-01-26,2168.48,2203.73
2010-01-27,2168.48,2221.41
2010-01-28,2168.48,2179.0
2010-01-29,2168.48,2147.35
2010-02-01,2168.48,2171.2
2010-02-02,2168.48,2190.06
2010-02-03,2168.48,2190.91
2010-02-04,2168.48,2125.43
2010-02-05,2168.48,2141.12
2010-02-08,2168.48,2126.05
2010-02-09,2168.48,2150.87
2010-02-10,2168.48,2147.87
2010-02-11,2168.48,2177.41
2010-02-12,2168.48,2183.53
2010-02-15,2168.48,2183.53
2010-02-16,2168.48,2214.19
2010-02-17,2168.48,2226.29
2010-02-18,2168.48,2241.71
2010-02-19,2168.48,2243.87
2010-02-22,2168.48,2242.03
2010-02-23,2168.48,2213.44
2010-02-24,2168.48,2235.9
2010-02-25,2168.48,2234.22
2010-02-26,2168.48,2238.26
2010-03-01,2168.48,2273.57
2010-03-02,2168.48,2280.79
2010-03-03,2168.48,2280.68
2010-03-04,2168.48,2292.31
2010-03-05,2168.48,2326.35
2010-03-08,2168.48,2332.21
2010-03-09,2168.48,2340.68
2010-03-10,2168.48,2358.95
2010-03-11,2168.48,2368.46
2010-03-12,2168.48,2367.66
2010-03-15,2168.48,2362.21
2010-03-16,2168.48,2378.01
2010-03-17,2168.48,2389.09
2010-03-18,2168.48,2391.28
2010-03-19,2168.48,2374.41
2010-03-22,2168.48,2395.4
2010-03-23,2168.48,2415.24
2010-03-24,2168.48,2398.76
2010-03-25,2168.48,2397.41
2010-03-26,2168.48,2395.13
2010-03-29,2168.48,2404.36
2010-03-30,2168.48,2410.69
2010-03-31,2168.48,2397.96
2010-04-01,2168.48,2402.58
2010-04-02,2168.48,2402.58
2010-04-05,2168.48,2429.53
2010-04-06,2168.48,2436.81
2010-04-07,2168.48,2431.16
2010-04-08,2168.48,2436.81
2010-04-09,2168.48,2454.05
2010-04-12,2168.48,2457.87
2010-04-13,2168.48,2465.99
2010-04-14,2168.48,2504.86
2010-04-15,2168.48,2515.69
2010-04-16,2168.48,2481.26
2010-04-19,2168.48,2480.11
2010-04-20,2168.48,2500.31
2010-04-21,2168.48,2504.61
2010-04-22,2168.48,2519.07
2010-04-23,2168.48,2530.15
2010-04-26,2168.48,2522.95
2010-04-27,2168.48,2471.47
2010-04-28,2168.48,2471.73
2010-04-29,2168.48,2511.92
2010-04-30,2168.48,2461.19
2010-05-03,2168.48,2498.74
2010-05-04,2168.48,2424.25
2010-05-05,2168.48,2402.29
2010-05-06,2168.48,2319.64
2010-05-07,2168.48,2265.64
2010-05-10,2168.48,2374.67
2010-05-11,2168.48,2375.31
2010-05-12,2168.48,2425.02
2010-05-13,2168.48,2394.36
2010-05-14,2168.48,2346.85
2010-05-17,2168.48,2354.23
2010-05-18,2168.48,2317.26
2010-05-19,2168.48,2298.37
2010-05-20,2168.48,2204.01
2010-05-21,2168.48,2229.04
2010-05-24,2168.48,2213.55
2010-05-25,2168.48,2210.95
2010-05-26,2168.48,2195.88
2010-05-27,2168.48,2277.68
2010-05-28,2168.48,2257.04
2010-05-31,2168.48,2257.04
2010-06-01,2168.48,2222.33
2010-06-02,2168.48,2281.07
2010-06-03,2168.48,2303.03
2010-06-04,2168.48,2219.17
2010-06-07,2168.48,2173.9
2010-06-08,2168.48,2170.57
2010-06-09,2168.48,2158.85
2010-06-10,2168.48,2218.71
2010-06-11,2168.48,2243.6
2010-06-14,2168.48,2243.96
2010-06-15,2168.48,2305.88
2010-06-16,2168.48,2305.93
2010-06-17,2168.48,2307.16
2010-06-18,2168.48,2309.8
2010-06-21,2168.48,2289.09
2010-06-22,2168.48,2261.8
2010-06-23,2168.48,2254.23
2010-06-24,2168.48,2217.42
2010-06-25,2168.48,2223.48
2010-06-28,2168.48,2220.65
2010-06-29,2168.48,2135.18
2010-06-30,2168.48,2109.24
2010-07-01,2168.48,2101.36
2010-07-02,2168.48,2091.79
2010-07-05,2168.48,2091.79
2010-07-06,2168.48,2093.88
2010-07-07,2168.48,2159.47
2010-07-08,2168.48,2175.4
2010-07-09,2168.48,2196.45
2010-07-12,2168.48,2198.36
2010-07-13,2168.48,2242.03
2010-07-14,2168.48,2249.84
2010-07-15,2168.48,2249.08
2010-07-16,2168.48,2179.05
2010-07-19,2168.48,2198.23
2010-07-20,2168.48,2222.49
2010-07-21,2168.48,2187.33
2010-07-22,2168.48,2245.89
2010-07-23,2168.48,2269.47
2010-07-26,2168.48,2296.43
2010-07-27,2168.48,2288.25
2010-07-28,2168.48,2264.56
2010-07-29,2168.48,2251.69
2010-07-30,2168.48,2254.7
2010-08-02,2168.48,2295.36
2010-08-03,2168.48,2283.52
2010-08-04,2168.48,2303.57
2010-08-05,2168.48,2293.06
2010-08-06,2168.48,2288.47
2010-08-09,2168.48,2305.69
2010-08-10,2168.48,2277.17
2010-08-11,2168.48,2208.63
2010-08-12,2168.48,2190.27
2010-08-13,2168.48,2173.48
2010-08-16,2168.48,2181.87
2010-08-17,2168.48,2209.44
2010-08-18,2168.48,2215.7
2010-08-19,2168.48,2178.95
2010-08-20,2168.48,2179.76
2010-08-23,2168.48,2159.63
2010-08-24,2168.48,2123.76
2010-08-25,2168.48,2141.54
2010-08-26,2168.48,2118.69
2010-08-27,2168.48,2153.63
2010-08-30,2168.48,2119.97
2010-08-31,2168.48,2114.03
2010-09-01,2168.48,2176.84
2010-09-02,2168.48,2200.01
2010-09-03,2168.48,2233.75
2010-09-06,2168.48,2233.75
2010-09-07,2168.48,2208.89
2010-09-08,2168.48,2228.87
2010-09-09,2168.48,2236.2
2010-09-10,2168.48,2242.48
2010-09-13,2168.48,2285.71
2010-09-14,2168.48,2289.77
2010-09-15,2168.48,2301.32
2010-09-16,2168.48,2303.25
2010-09-17,2168.48,2315.61
2010-09-20,2168.48,2355.83
2010-09-21,2168.48,2349.35
2010-09-22,2168.48,2334.55
2010-09-23,2168.48,2327.08
2010-09-24,2168.48,2381.22
2010-09-27,2168.48,2369.77
2010-09-28,2168.48,2379.59
2010-09-29,2168.48,2376.56
2010-09-30,2168.48,2368.62
2010-10-01,2168.48,2370.75
2010-10-04,2168.48,2344.52
2010-10-05,2168.48,2399.83
2010-10-06,2168.48,2380.66
2010-10-07,2168.48,2383.67
2010-10-08,2168.48,2401.91
2010-10-11,2168.48,2402.33
2010-10-12,2168.48,2417.92
2010-10-13,2168.48,2441.23
2010-10-14,2168.48,2435.38
2010-10-15,2168.48,2468.77
2010-10-18,2168.48,2480.66
2010-10-19,2168.48,2436.95
2010-10-20,2168.48,2457.39
2010-10-21,2168.48,2459.67
2010-10-22,2168.48,2479.39
2010-10-25,2168.48,2490.85
2010-10-26,2168.48,2497.29
2010-10-27,2168.48,2503.26
2010-10-28,2168.48,2507.37
2010-10-29,2168.48,2507.41
2010-11-01,2168.48,2504.84
2010-11-02,2168.48,2533.52
2010-11-03,2168.48,2540.27
2010-11-04,2168.48,2577.34
2010-11-05,2168.48,2578.98
2010-11-08,2168.48,2580.05
2010-11-09,2168.48,2562.98
2010-11-10,2168.48,2578.78
2010-11-11,2168.48,2555.52
2010-11-12,2168.48,2518.21
2010-11-15,2168.48,2513.82
2010-11-16,2168.48,2469.84
2010-11-17,2168.48,2476.01
2010-11-18,2168.48,2514.4
2010-11-19,2168.48,2518.12
2010-11-22,2168.48,2532.02
2010-11-23,2168.48,2494.95
2010-11-24,2168.48,2543.12
2010-11-25,2168.48,2543.12
2010-11-26,2168.48,2534.56
2010-11-29,2168.48,2525.22
2010-11-30,2168.48,2498.23
2010-12-01,2168.48,2549.43
2010-12-02,2168.48,2579.35
2010-12-03,2168.48,2591.46
2010-12-06,2168.48,2594.92
2010-12-07,2168.48,2598.49
2010-12-08,2168.48,2609.16
2010-12-09,2168.48,2616.67
2010-12-10,2168.48,2637.54
2010-12-13,2168.48,2624.91
2010-12-14,2168.48,2627.72
2010-12-15,2168.48,2617.22
2010-12-16,2168.48,2637.31
2010-12-17,2168.48,2642.97
2010-12-20,2168.48,2649.56
2010-12-21,2168.48,2667.61
2010-12-22,2168.48,2671.48
2010-12-23,2168.48,2665.6
2010-12-24,2168.48,2665.6
2010-12-27,2168.48,2667.27
2010-12-28,2168.48,2662.88
2010-12-29,2168.48,2666.93
2010-12-30,2168.48,2662.98
2010-12-31,2168.48,2652.87
2011-01-03,2168.48,2691.52
2011-01-04,2168.48,2681.25
2011-01-05,2168.48,2702.2
2011-01-06,2168.48,2709.89
2011-01-07,2168.48,2703.17
2011-01-10,2168.48,2707.8
2011-01-11,2168.48,2716.83
2011-01-12,2168.48,2737.33
2011-01-13,2168.48,2735.29
2011-01-14,2168.48,2755.3
2011-01-17,2168.48,2755.3
2011-01-18,2168.48,2765.85
2011-01-19,2168.48,2725.36
2011-01-20,2168.48,2704.29
2011-01-21,2168.48,2689.54
2011-01-24,2168.48,2717.55
2011-01-25,2168.48,2719.25
2011-01-26,2168.48,2739.5
2011-01-27,2168.48,2755.28
2011-01-28,2168.48,2686.89
2011-01-31,2168.48,2700.08
2011-02-01,2168.48,2751.19
2011-02-02,2168.48,2749.56
2011-02-03,2168.48,2753.88
2011-02-04,2168.48,2769.3
2011-02-07,2168.48,2783.99
2011-02-08,2168.48,2797.05
2011-02-09,2168.48,2789.07
2011-02-10,2168.48,2790.45
2011-02-11,2168.48,2809.44
2011-02-14,2168.48,2817.18
2011-02-15,2168.48,2804.35
2011-02-16,2168.48,2825.56
2011-02-17,2168.48,2831.58
2011-02-18,2168.48,2833.95
2011-02-21,2168.48,2833.95
2011-02-22,2168.48,2756.42
2011-02-23,2168.48,2722.99
2011-02-24,2168.48,2737.9
2011-02-25,2168.48,2781.05
2011-02-28,2168.48,2782.27
2011-03-01,2168.48,2737.41
2011-03-02,2168.48,2748.07
2011-03-03,2168.48,2798.74
2011-03-04,2168.48,2784.67
2011-03-07,2168.48,2745.63
2011-03-08,2168.48,2765.77
2011-03-09,2168.48,2751.72
2011-03-10,2168.48,2701.02
2011-03-11,2168.48,2715.61
2011-03-14,2168.48,2700.97
2011-03-15,2168.48,2667.33
2011-03-16,2168.48,2616.82
2011-03-17,2168.48,2636.05
2011-03-18,2168.48,2643.67
2011-03-21,2168.48,2692.09
2011-03-22,2168.48,2683.87
2011-03-23,2168.48,2698.3
2011-03-24,2168.48,2736.42
2011-03-25,2168.48,2743.06
2011-03-28,2168.48,2730.68
2011-03-29,2168.48,2756.89
2011-03-30,2168.48,2776.79
2011-03-31,2168.48,2781.07
2011-04-01,2168.48,2789.6
2011-04-04,2168.48,2789.19
2011-04-05,2168.48,2791.19
2011-04-06,2168.48,2799.82
2011-04-07,2168.48,2796.14
2011-04-08,2168.48,2780.41
2011-04-11,2168.48,2771.51
2011-04-12,2168.48,2744.79
2011-04-13,2168.48,2761.52
2011-04-14,2168.48,2760.22
2011-04-15,2168.48,2764.65
2011-04-18,2168.48,2735.38
2011-04-19,2168.48,2744.97
2011-04-20,2168.48,2802.51
2011-04-21,2168.48,2820.16
2011-04-22,2168.48,2820.16
2011-04-25,2168.48,2825.88
2011-04-26,2168.48,2847.54
2011-04-27,2168.48,2869.88
2011-04-28,2168.48,2872.53
2011-04-29,2168.48,2873.54
2011-05-02,2168.48,2864.08
2011-05-03,2168.48,2841.62
2011-05-04,2168.48,2828.23
2011-05-05,2168.48,2814.72
2011-05-06,2168.48,2827.56
2011-05-09,2168.48,2843.25
2011-05-10,2168.48,2871.89
2011-05-11,2168.48,2845.06
2011-05-12,2168.48,2863.04
2011-05-13,2168.48,2828.47
2011-05-16,2168.48,2782.31
2011-05-17,2168.48,2783.21
2011-05-18,2168.48,2815.0
2011-05-19,2168.48,2823.31
2011-05-20,2168.48,2803.32
2011-05-23,2168.48,2758.9
2011-05-24,2168.48,2746.16
2011-05-25,2168.48,2761.38
2011-05-26,2168.48,2782.92
2011-05-27,2168.48,2796.86
2011-05-30,2168.48,2796.86
2011-05-31,2168.48,2835.3
2011-06-01,2168.48,2769.19
2011-06-02,2168.48,2773.31
2011-06-03,2168.48,2732.78
2011-06-06,2168.48,2702.56
2011-06-07,2168.48,2701.56
2011-06-08,2168.48,2675.38
2011-06-09,2168.48,2684.87
2011-06-10,2168.48,2643.73
2011-06-13,2168.48,2639.69
2011-06-14,2168.48,2678.72
2011-06-15,2168.48,2631.46
2011-06-16,2168.48,2623.7
2011-06-17,2168.48,2616.48
2011-06-20,2168.48,2629.66
2011-06-21,2168.48,2687.26
2011-06-22,2168.48,2669.19
2011-06-23,2168.48,2686.75
2011-06-24,2168.48,2652.89
2011-06-27,2168.48,2688.28
2011-06-28,2168.48,2729.31
2011-06-29,2168.48,2740.49
2011-06-30,2168.48,2773.52
2011-07-01,2168.48,2816.03
2011-07-04,2168.48,2816.03
2011-07-05,2168.48,2825.77
2011-07-06,2168.48,2834.02
2011-07-07,2168.48,2872.66
2011-07-08,2168.48,2859.81
2011-07-11,2168.48,2802.62
2011-07-12,2168.48,2781.91
2011-07-13,2168.48,2796.92
2011-07-14,2168.48,2762.67
2011-07-15,2168.48,2789.8
2011-07-18,2168.48,2765.11
2011-07-19,2168.48,2826.52
2011-07-20,2168.48,2814.23
2011-07-21,2168.48,2834.43
2011-07-22,2168.48,2858.83
2011-07-25,2168.48,2842.8
2011-07-26,2168.48,2839.96
2011-07-27,2168.48,2764.79
2011-07-28,2168.48,2766.25
2011-07-29,2168.48,2756.38
2011-08-01,2168.48,2744.61
2011-08-02,2168.48,2669.24
2011-08-03,2168.48,2693.07
2011-08-04,2168.48,2556.39
2011-08-05,2168.48,2532.41
2011-08-08,2168.48,2357.69
2011-08-09,2168.48,2482.52
2011-08-10,2168.48,2381.05
2011-08-11,2168.48,2492.68
2011-08-12,2168.48,2507.98
2011-08-15,2168.48,2555.2
2011-08-16,2168.48,2523.45
2011-08-17,2168.48,2511.48
2011-08-18,2168.48,2380.43
2011-08-19,2168.48,2341.84
2011-08-22,2168.48,2345.38
2011-08-23,2168.48,2446.06
2011-08-24,2168.48,2467.69
2011-08-25,2168.48,2419.63
2011-08-26,2168.48,2479.85
2011-08-29,2168.48,2562.11
2011-08-30,2168.48,2576.11
2011-08-31,2168.48,2579.46
2011-09-01,2168.48,2546.04
2011-09-02,2168.48,2480.33
2011-09-05,2168.48,2480.33
2011-09-06,2168.48,2473.83
2011-09-07,2168.48,2548.94
2011-09-08,2168.48,2529.14
2011-09-09,2168.48,2467.99
2011-09-12,2168.48,2495.09
2011-09-13,2168.48,2532.15
2011-09-14,2168.48,2572.55
2011-09-15,2168.48,2607.07
2011-09-16,2168.48,2622.31
2011-09-19,2168.48,2612.83
2011-09-20,2168.48,2590.24
2011-09-21,2168.48,2538.19
2011-09-22,2168.48,2455.67
2011-09-23,2168.48,2483.23
2011-09-26,2168.48,2516.69
2011-09-27,2168.48,2546.83
2011-09-28,2168.48,2491.58
2011-09-29,2168.48,2480.76
2011-09-30,2168.48,2415.4
2011-10-03,2168.48,2335.83
2011-10-04,2168.48,2404.82
2011-10-05,2168.48,2460.51
2011-10-06,2168.48,2506.82
2011-10-07,2168.48,2479.35
2011-10-10,2168.48,2566.05
2011-10-11,2168.48,2583.03
2011-10-12,2168.48,2604.73
2011-10-13,2168.48,2620.24
2011-10-14,2168.48,2667.85
2011-10-17,2168.48,2614.92
2011-10-18,2168.48,2657.43
2011-10-19,2168.48,2604.04
2011-10-20,2168.48,2598.62
2011-10-21,2168.48,2637.46
2011-10-24,2168.48,2699.44
2011-10-25,2168.48,2638.42
2011-10-26,2168.48,2650.67
2011-10-27,2168.48,2738.63
2011-10-28,2168.48,2737.15
2011-10-31,2168.48,2684.41
2011-11-01,2168.48,2606.96
2011-11-02,2168.48,2639.98
2011-11-03,2168.48,2697.97
2011-11-04,2168.48,2686.15
2011-11-07,2168.48,2695.25
2011-11-08,2168.48,2727.49
2011-11-09,2168.48,2621.65
2011-11-10,2168.48,2625.15
2011-11-11,2168.48,2678.75
2011-11-14,2168.48,2657.22
2011-11-15,2168.48,2686.2
2011-11-16,2168.48,2639.61
2011-11-17,2168.48,2587.99
2011-11-18,2168.48,2572.5
2011-11-21,2168.48,2523.14
2011-11-22,2168.48,2521.28
2011-11-23,2168.48,2460.08
2011-11-24,2168.48,2460.08
2011-11-25,2168.48,2441.51
2011-11-28,2168.48,2527.34
2011-11-29,2168.48,2515.51
2011-11-30,2168.48,2620.34
2011-12-01,2168.48,2626.2
2011-12-02,2168.48,2626.93
2011-12-05,2168.48,2655.76
2011-12-06,2168.48,2649.56
2011-12-07,2168.48,2649.21
2011-12-08,2168.48,2596.38
2011-12-09,2168.48,2646.85
2011-12-12,2168.48,2612.26
2011-12-13,2168.48,2579.27
2011-12-14,2168.48,2539.31
2011-12-15,2168.48,2541.01
2011-12-16,2168.48,2555.33
2011-12-19,2168.48,2523.14
2011-12-20,2168.48,2603.73
2011-12-21,2168.48,2577.97
2011-12-22,2168.48,2599.45
2011-12-23,2168.48,2618.64
2011-12-26,2168.48,2618.64
2011-12-27,2168.48,2625.2
2011-12-28,2168.48,2589.98
2011-12-29,2168.48,2613.74
2011-12-30,2168.48,2605.15
2012-01-02,2168.48,2605.15
2012-01-03,2168.48,2648.72
2012-01-04,2168.48,2648.36
2012-01-05,2168.48,2669.86
2012-01-06,2168.48,2674.22
2012-01-09,2168.48,2676.56
2012-01-10,2168.48,2702.5
2012-01-11,2168.48,2710.76
2012-01-12,2168.48,2724.7
2012-01-13,2168.48,2710.67
2012-01-16,2168.48,2710.67
2012-01-17,2168.48,2728.08
2012-01-18,2168.48,2769.71
2012-01-19,2168.48,2788.33
2012-01-20,2168.48,2786.7
2012-01-23,2168.48,2784.17
2012-01-24,2168.48,2786.64
2012-01-25,2168.48,2818.31
2012-01-26,2168.48,2805.28
2012-01-27,2168.48,2816.55
2012-01-30,2168.48,2811.94
2012-01-31,2168.48,2813.84
2012-02-01,2168.48,2848.27
2012-02-02,2168.48,2859.68
2012-02-03,2168.48,2905.66
2012-02-06,2168.48,2901.99
2012-02-07,2168.48,2904.08
2012-02-08,2168.48,2915.86
2012-02-09,2168.48,2927.23
2012-02-10,2168.48,2903.88
2012-02-13,2168.48,2931.39
2012-02-14,2168.48,2931.83
2012-02-15,2168.48,2915.83
2012-02-16,2168.48,2959.85
2012-02-17,2168.48,2951.78
2012-02-20,2168.48,2951.78
2012-02-21,2168.48,2948.57
2012-02-22,2168.48,2933.17
2012-02-23,2168.48,2956.98
2012-02-24,2168.48,2963.75
2012-02-27,2168.48,2966.16
2012-02-28,2168.48,2986.76
2012-02-29,2168.48,2966.89
2012-03-01,2168.48,2988.97
2012-03-02,2168.48,2976.19
2012-03-05,2168.48,2950.48
2012-03-06,2168.48,2910.32
2012-03-07,2168.48,2935.69
2012-03-08,2168.48,2970.42
2012-03-09,2168.48,2988.34
2012-03-12,2168.48,2983.66
2012-03-13,2168.48,3039.88
2012-03-14,2168.48,3040.73
2012-03-15,2168.48,3056.37
2012-03-16,2168.48,3055.26
2012-03-19,2168.48,3078.32
2012-03-20,2168.48,3074.15
2012-03-21,2168.48,3075.32
2012-03-22,2168.48,3063.32
2012-03-23,2168.48,3067.92
2012-03-26,2168.48,3122.57
2012-03-27,2168.48,3120.35
2012-03-28,2168.48,3104.96
2012-03-29,2168.48,3095.36
2012-03-30,2168.48,3091.57
2012-04-02,2168.48,3119.7
2012-04-03,2168.48,3113.57
2012-04-04,2168.48,3068.09
2012-04-05,2168.48,3080.5
2012-04-06,2168.48,3080.5
2012-04-09,2168.48,3047.08
2012-04-10,2168.48,2991.22
2012-04-11,2168.48,3016.46
2012-04-12,2168.48,3055.55
2012-04-13,2168.48,3011.33
2012-04-16,2168.48,2988.4
2012-04-17,2168.48,3042.82
2012-04-18,2168.48,3031.45
2012-04-19,2168.48,3007.56
2012-04-20,2168.48,3000.45
2012-04-23,2168.48,2970.45
2012-04-24,2168.48,2961.6
2012-04-25,2168.48,3029.63
2012-04-26,2168.48,3050.61
2012-04-27,2168.48,3069.2
2012-04-30,2168.48,3046.36
2012-05-01,2168.48,3050.44
2012-05-02,2168.48,3059.85
2012-05-03,2168.48,3024.3
2012-05-04,2168.48,2956.34
2012-05-07,2168.48,2957.76
2012-05-08,2168.48,2946.27
2012-05-09,2168.48,2934.71
2012-05-10,2168.48,2933.64
2012-05-11,2168.48,2933.82
2012-05-14,2168.48,2902.58
2012-05-15,2168.48,2893.76
2012-05-16,2168.48,2874.04
2012-05-17,2168.48,2813.69
2012-05-18,2168.48,2778.79
2012-05-21,2168.48,2847.21
2012-05-22,2168.48,2839.08
2012-05-23,2168.48,2850.12
2012-05-24,2168.48,2839.38
2012-05-25,2168.48,2837.53
2012-05-28,2168.48,2837.53
2012-05-29,2168.48,2870.99
2012-05-30,2168.48,2837.36
2012-05-31,2168.48,2827.34
2012-06-01,2168.48,2747.48
2012-06-04,2168.48,2760.01
2012-06-05,2168.48,2778.11
2012-06-06,2168.48,2844.72
2012-06-07,2168.48,2831.02
2012-06-08,2168.48,2858.42
2012-06-11,2168.48,2809.73
2012-06-12,2168.48,2843.07
2012-06-13,2168.48,2818.61
2012-06-14,2168.48,2836.33
2012-06-15,2168.48,2872.8
2012-06-18,2168.48,2895.33
2012-06-19,2168.48,2929.76
2012-06-20,2168.48,2930.45
2012-06-21,2168.48,2859.09
2012-06-22,2168.48,2892.42
2012-06-25,2168.48,2836.17
2012-06-26,2168.48,2854.06
2012-06-27,2168.48,2875.32
2012-06-28,2168.48,2849.49
2012-06-29,2168.48,2935.06
2012-07-02,2168.48,2951.24
2012-07-03,2168.48,2976.09
2012-07-04,2168.48,2976.09
2012-07-05,2168.48,2976.12
2012-07-06,2168.48,2937.33
2012-07-09,2168.48,2931.77
2012-07-10,2168.48,2902.34
2012-07-11,2168.48,2887.99
2012-07-12,2168.48,2866.19
2012-07-13,2168.48,2908.47
2012-07-16,2168.48,2896.95
2012-07-17,2168.48,2910.04
2012-07-18,2168.48,2942.61
2012-07-19,2168.48,2965.9
2012-07-20,2168.48,2925.3
2012-07-23,2168.48,2890.16
2012-07-24,2168.48,2863.0
2012-07-25,2168.48,2854.25
2012-07-26,2168.48,2893.25
2012-07-27,2168.48,2958.09
2012-07-30,2168.48,2945.84
2012-07-31,2168.48,2939.52
2012-08-01,2168.48,2920.21
2012-08-02,2168.48,2909.77
2012-08-03,2168.48,2967.9
2012-08-06,2168.48,2989.91
2012-08-07,2168.48,3015.86
2012-08-08,2168.48,3011.25
2012-08-09,2168.48,3018.64
2012-08-10,2168.48,3020.86
2012-08-13,2168.48,3022.52
2012-08-14,2168.48,3016.98
2012-08-15,2168.48,3030.93
2012-08-16,2168.48,3062.39
2012-08-17,2168.48,3076.59
2012-08-20,2168.48,3076.21
2012-08-21,2168.48,3067.26
2012-08-22,2168.48,3073.67
2012-08-23,2168.48,3053.4
2012-08-24,2168.48,3069.79
2012-08-27,2168.48,3073.19
2012-08-28,2168.48,3077.14
2012-08-29,2168.48,3081.19
2012-08-30,2168.48,3048.71
2012-08-31,2168.48,3066.96
2012-09-03,2168.48,3066.96
2012-09-04,2168.48,3075.06
2012-09-05,2168.48,3069.27
2012-09-06,2168.48,3135.81
2012-09-07,2168.48,3136.42
2012-09-10,2168.48,3104.02
2012-09-11,2168.48,3104.53
2012-09-12,2168.48,3114.31
2012-09-13,2168.48,3155.83
2012-09-14,2168.48,3183.95
2012-09-17,2168.48,3178.67
2012-09-18,2168.48,3177.8
2012-09-19,2168.48,3182.62
2012-09-20,2168.48,3175.96
2012-09-21,2168.48,3179.96
2012-09-24,2168.48,3160.78
2012-09-25,2168.48,3117.73
2012-09-26,2168.48,3093.7
2012-09-27,2168.48,3136.6
2012-09-28,2168.48,3116.23
2012-10-01,2168.48,3113.53
2012-10-02,2168.48,3120.04
2012-10-03,2168.48,3135.23
2012-10-04,2168.48,3149.46
2012-10-05,2168.48,3136.19
2012-10-08,2168.48,3112.35
2012-10-09,2168.48,3065.02
2012-10-10,2168.48,3051.78
2012-10-11,2168.48,3049.41
2012-10-12,2168.48,3044.11
2012-10-15,2168.48,3064.18
2012-10-16,2168.48,3101.17
2012-10-17,2168.48,3104.12
2012-10-18,2168.48,3072.87
2012-10-19,2168.48,3005.62
2012-10-22,2168.48,3016.96
2012-10-23,2168.48,2990.46
2012-10-24,2168.48,2981.7
2012-10-25,2168.48,2986.12
2012-10-26,2168.48,2987.95
2012-10-29,2168.48,2987.95
2012-10-30,2168.48,2987.95
2012-10-31,2168.48,2977.23
2012-11-01,2168.48,3020.06
2012-11-02,2168.48,2982.13
2012-11-05,2168.48,2999.66
2012-11-06,2168.48,3011.93
2012-11-07,2168.48,2937.29
2012-11-08,2168.48,2895.58
2012-11-09,2168.48,2904.87
2012-11-12,2168.48,2904.26
2012-11-13,2168.48,2883.89
2012-11-14,2168.48,2846.81
2012-11-15,2168.48,2836.94
2012-11-16,2168.48,2853.13
2012-11-19,2168.48,2916.07
2012-11-20,2168.48,2916.68
2012-11-21,2168.48,2926.55
2012-11-22,2168.48,2926.55
2012-11-23,2168.48,2966.85
2012-11-26,2168.48,2976.78
2012-11-27,2168.48,2967.79
2012-11-28,2168.48,2991.78
2012-11-29,2168.48,3012.03
2012-11-30,2168.48,3010.24
2012-12-03,2168.48,3002.2
2012-12-04,2168.48,2996.69
2012-12-05,2168.48,2973.7
2012-12-06,2168.48,2989.27
2012-12-07,2168.48,2978.04
2012-12-10,2168.48,2986.96
2012-12-11,2168.48,3022.3
2012-12-12,2168.48,3013.81
2012-12-13,2168.48,2992.16
2012-12-14,2168.48,2971.33
2012-12-17,2168.48,3010.6
2012-12-18,2168.48,3054.53
2012-12-19,2168.48,3044.36
2012-12-20,2168.48,3050.39
2012-12-21,2168.48,3021.01
2012-12-24,2168.48,3012.6
2012-12-25,2168.48,3012.6
2012-12-26,2168.48,2990.16
2012-12-27,2168.48,2985.91
2012-12-28,2168.48,2960.31
2012-12-31,2168.48,3019.51
2013-01-01,2168.48,3019.51
2013-01-02,2168.48,3112.26
2013-01-03,2168.48,3100.57
2013-01-04,2168.48,3101.66
2013-01-07,2168.48,3098.81
2013-01-08,2168.48,3091.81
2013-01-09,2168.48,3105.81
2013-01-10,2168.48,3121.76
2013-01-11,2168.48,3125.63
2013-01-14,2168.48,3117.5
2013-01-15,2168.48,3110.78
2013-01-16,2168.48,3117.54
2013-01-17,2168.48,3136.0
2013-01-18,2168.48,3134.71
2013-01-21,2168.48,3134.71
2013-01-22,2168.48,3143.18
2013-01-23,2168.48,3153.67
2013-01-24,2168.48,3130.38
2013-01-25,2168.48,3149.71
2013-01-28,2168.48,3154.3
2013-01-29,2168.48,3153.66
2013-01-30,2168.48,3142.31
2013-01-31,2168.48,3142.13
2013-02-01,2168.48,3179.1
2013-02-04,2168.48,3131.17
2013-02-05,2168.48,3171.58
2013-02-06,2168.48,3168.48
2013-02-07,2168.48,3165.13
2013-02-08,2168.48,3193.87
2013-02-11,2168.48,3192.0
2013-02-12,2168.48,3186.49
2013-02-13,2168.48,3196.88
2013-02-14,2168.48,3198.66
2013-02-15,2168.48,3192.03
2013-02-18,2168.48,3192.03
2013-02-19,2168.48,3213.59
2013-02-20,2168.48,3164.41
2013-02-21,2168.48,3131.49
2013-02-22,2168.48,3161.82
2013-02-25,2168.48,3116.25
2013-02-26,2168.48,3129.65
2013-02-27,2168.48,3162.26
2013-02-28,2168.48,3160.19
2013-03-01,2168.48,3169.74
2013-03-04,2168.48,3182.03
2013-03-05,2168.48,3224.13
2013-03-06,2168.48,3222.37
2013-03-07,2168.48,3232.09
2013-03-08,2168.48,3244.37
2013-03-11,2168.48,3252.87
2013-03-12,2168.48,3242.32
2013-03-13,2168.48,3245.12
2013-03-14,2168.48,3258.93
2013-03-15,2168.48,3249.07
2013-03-18,2168.48,3237.59
2013-03-19,2168.48,3229.1
2013-03-20,2168.48,3254.19
2013-03-21,2168.48,3222.6
2013-03-22,2168.48,3245.0
2013-03-25,2168.48,3235.3
2013-03-26,2168.48,3252.48
2013-03-27,2168.48,3256.52
2013-03-28,2168.48,3267.52
2013-03-29,2168.48,3267.52
2013-04-01,2168.48,3239.17
2013-04-02,2168.48,3254.86
2013-04-03,2168.48,3218.6
2013-04-04,2168.48,3224.98
2013-04-05,2168.48,3203.86
2013-04-08,2168.48,3222.25
2013-04-09,2168.48,3237.86
2013-04-10,2168.48,3297.25
2013-04-11,2168.48,3300.16
2013-04-12,2168.48,3294.95
2013-04-15,2168.48,3216.49
2013-04-16,2168.48,3264.63
2013-04-17,2168.48,3204.67
2013-04-18,2168.48,3166.36
2013-04-19,2168.48,3206.06
2013-04-22,2168.48,3233.55
2013-04-23,2168.48,3269.33
2013-04-24,2168.48,3269.65
2013-04-25,2168.48,3289.99
2013-04-26,2168.48,3279.26
2013-04-29,2168.48,3307.02
2013-04-30,2168.48,3328.79
2013-05-01,2168.48,3299.13
2013-05-02,2168.48,3340.62
2013-05-03,2168.48,3378.63
2013-05-06,2168.48,3392.97
2013-05-07,2168.48,3396.63
2013-05-08,2168.48,3413.27
2013-05-09,2168.48,3409.17
2013-05-10,2168.48,3436.58
2013-05-13,2168.48,3438.79
2013-05-14,2168.48,3462.61
2013-05-15,2168.48,3471.62
2013-05-16,2168.48,3465.24
2013-05-17,2168.48,3498.97
2013-05-20,2168.48,3496.43
2013-05-21,2168.48,3502.12
2013-05-22,2168.48,3463.3
2013-05-23,2168.48,3459.42
2013-05-24,2168.48,3459.14
2013-05-27,2168.48,3459.14
2013-05-28,2168.48,3488.89
2013-05-29,2168.48,3467.52
2013-05-30,2168.48,3491.3
2013-05-31,2168.48,3455.91
2013-06-03,2168.48,3465.37
2013-06-04,2168.48,3445.26
2013-06-05,2168.48,3401.48
2013-06-06,2168.48,3424.05
2013-06-07,2168.48,3469.22
2013-06-10,2168.48,3473.77
2013-06-11,2168.48,3436.95
2013-06-12,2168.48,3400.43
2013-06-13,2168.48,3445.37
2013-06-14,2168.48,3423.56
2013-06-17,2168.48,3452.13
2013-06-18,2168.48,3482.18
2013-06-19,2168.48,3443.2
2013-06-20,2168.48,3364.63
2013-06-21,2168.48,3357.25
2013-06-24,2168.48,3320.76
2013-06-25,2168.48,3347.89
2013-06-26,2168.48,3376.22
2013-06-27,2168.48,3401.86
2013-06-28,2168.48,3403.25
2013-07-01,2168.48,3434.49
2013-07-02,2168.48,3433.4
2013-07-03,2168.48,3443.67
2013-07-04,2168.48,3443.67
2013-07-05,2168.48,3479.38
2013-07-08,2168.48,3484.83
2013-07-09,2168.48,3504.26
2013-07-10,2168.48,3520.76
2013-07-11,2168.48,3578.3
2013-07-12,2168.48,3600.08
2013-07-15,2168.48,3607.49
2013-07-16,2168.48,3598.5
2013-07-17,2168.48,3610.0
2013-07-18,2168.48,3611.28
2013-07-19,2168.48,3587.61
2013-07-22,2168.48,3600.39
2013-07-23,2168.48,3579.27
2013-07-24,2168.48,3579.6
2013-07-25,2168.48,3605.19
2013-07-26,2168.48,3613.16
2013-07-29,2168.48,3599.14
2013-07-30,2168.48,3616.47
2013-07-31,2168.48,3626.37
2013-08-01,2168.48,3675.74
2013-08-02,2168.48,3689.59
2013-08-05,2168.48,3692.95
2013-08-06,2168.48,3665.77
2013-08-07,2168.48,3654.01
2013-08-08,2168.48,3669.12
2013-08-09,2168.48,3660.11
2013-08-12,2168.48,3669.95
2013-08-13,2168.48,3684.44
2013-08-14,2168.48,3669.27
2013-08-15,2168.48,3606.12
2013-08-16,2168.48,3602.78
2013-08-19,2168.48,3589.09
2013-08-20,2168.48,3613.59
2013-08-21,2168.48,3599.79
2013-08-22,2168.48,3638.71
2013-08-23,2168.48,3657.79
2013-08-26,2168.48,3657.57
2013-08-27,2168.48,3578.52
2013-08-28,2168.48,3593.35
2013-08-29,2168.48,3620.3
2013-08-30,2168.48,3589.87
2013-09-02,2168.48,3589.87
2013-09-03,2168.48,3612.61
2013-09-04,2168.48,3649.04
2013-09-05,2168.48,3658.78
2013-09-06,2168.48,3660.01
2013-09-09,2168.48,3706.18
2013-09-10,2168.48,3729.02
2013-09-11,2168.48,3725.01
2013-09-12,2168.48,3715.97
2013-09-13,2168.48,3722.18
2013-09-16,2168.48,3717.85
2013-09-17,2168.48,3745.7
2013-09-18,2168.48,3783.64
2013-09-19,2168.48,3789.38
2013-09-20,2168.48,3774.73
2013-09-23,2168.48,3765.29
2013-09-24,2168.48,3768.25
2013-09-25,2168.48,3761.1
2013-09-26,2168.48,3787.43
2013-09-27,2168.48,3781.59
2013-09-30,2168.48,3771.48
2013-10-01,2168.48,3817.98
2013-10-02,2168.48,3815.02
2013-10-03,2168.48,3774.34
2013-10-04,2168.48,3807.75
2013-10-07,2168.48,3770.38
2013-10-08,2168.48,3694.83
2013-10-09,2168.48,3677.78
2013-10-10,2168.48,3760.75
2013-10-11,2168.48,3791.87
2013-10-14,2168.48,3815.27
2013-10-15,2168.48,3794.01
2013-10-16,2168.48,3839.43
2013-10-17,2168.48,3863.15
2013-10-18,2168.48,3914.28
2013-10-21,2168.48,3920.05
2013-10-22,2168.48,3929.57
2013-10-23,2168.48,3907.07
2013-10-24,2168.48,3928.96
2013-10-25,2168.48,3943.36
2013-10-28,2168.48,3940.13
2013-10-29,2168.48,3952.34
2013-10-30,2168.48,3930.62
2013-10-31,2168.48,3919.71
2013-11-01,2168.48,3922.04
2013-11-04,2168.48,3936.59
2013-11-05,2168.48,3939.86
2013-11-06,2168.48,3931.95
2013-11-07,2168.48,3857.33
2013-11-08,2168.48,3919.23
2013-11-11,2168.48,3919.79
2013-11-12,2168.48,3919.92
2013-11-13,2168.48,3965.58
2013-11-14,2168.48,3972.74
2013-11-15,2168.48,3985.97
2013-11-18,2168.48,3949.07
2013-11-19,2168.48,3931.55
2013-11-20,2168.48,3921.27
2013-11-21,2168.48,3969.15
2013-11-22,2168.48,3991.65
2013-11-25,2168.48,3994.57
2013-11-26,2168.48,4017.75
2013-11-27,2168.48,4044.75
2013-11-28,2168.48,4044.75
2013-11-29,2168.48,4059.89
2013-12-02,2168.48,4045.26
2013-12-03,2168.48,4037.2
2013-12-04,2168.48,4038.0
2013-12-05,2168.48,4033.16
2013-12-06,2168.48,4062.52
2013-12-09,2168.48,4068.75
2013-12-10,2168.48,4060.49
2013-12-11,2168.48,4003.81
2013-12-12,2168.48,3998.4
2013-12-13,2168.48,4000.98
2013-12-16,2168.48,4029.52
2013-12-17,2168.48,4023.68
2013-12-18,2168.48,4070.06
2013-12-19,2168.48,4058.13
2013-12-20,2168.48,4104.74
2013-12-23,2168.48,4148.9
2013-12-24,2168.48,4155.42
2013-12-25,2168.48,4155.42
2013-12-26,2168.48,4167.18
2013-12-27,2168.48,4156.59
2013-12-30,2168.48,4154.2
2013-12-31,2168.48,4176.59
2014-01-01,2168.48,4176.59
2014-01-02,2168.48,4143.07
2014-01-03,2168.48,4131.91
2014-01-06,2168.48,4113.68
2014-01-07,2168.48,4153.18
2014-01-08,2168.48,4165.61
2014-01-09,2168.48,4156.19
2014-01-10,2168.48,4174.66
2014-01-13,2168.48,4113.3
2014-01-14,2168.48,4183.02
2014-01-15,2168.48,4214.88
2014-01-16,2168.48,4218.69
2014-01-17,2168.48,4197.58
2014-01-20,2168.48,4197.58
2014-01-21,2168.48,4225.76
2014-01-22,2168.48,4243.0
2014-01-23,2168.48,4218.87
2014-01-24,2168.48,4128.17
2014-01-27,2168.48,4083.61
2014-01-28,2168.48,4097.96
2014-01-29,2168.48,4051.43
2014-01-30,2168.48,4123.13
2014-01-31,2168.48,4103.88
2014-02-03,2168.48,3996.96
2014-02-04,2168.48,4031.52
2014-02-05,2168.48,4011.55
2014-02-06,2168.48,4057.12
2014-02-07,2168.48,4125.86
2014-02-10,2168.48,4148.17
2014-02-11,2168.48,4191.04
2014-02-12,2168.48,4201.29
2014-02-13,2168.48,4240.67
2014-02-14,2168.48,4244.03
2014-02-17,2168.48,4244.03
2014-02-18,2168.48,4272.78
2014-02-19,2168.48,4237.95
2014-02-20,2168.48,4267.55
2014-02-21,2168.48,4263.41
2014-02-24,2168.48,4292.97
2014-02-25,2168.48,4287.59
2014-02-26,2168.48,4292.06
2014-02-27,2168.48,4318.93
2014-02-28,2168.48,4308.12
2014-03-03,2168.48,4277.3
2014-03-04,2168.48,4351.97
2014-03-05,2168.48,4357.97
2014-03-06,2168.48,4352.13
2014-03-07,2168.48,4336.22
2014-03-10,2168.48,4334.45
2014-03-11,2168.48,4307.19
2014-03-12,2168.48,4323.33
2014-03-13,2168.48,4260.42
2014-03-14,2168.48,4245.4
2014-03-17,2168.48,4279.95
2014-03-18,2168.48,4333.31
2014-03-19,2168.48,4307.6
2014-03-20,2168.48,4319.29
2014-03-21,2168.48,4276.79
2014-03-24,2168.48,4226.39
2014-03-25,2168.48,4234.27
2014-03-26,2168.48,4173.58
2014-03-27,2168.48,4151.23
2014-03-28,2168.48,4155.76
2014-03-31,2168.48,4198.99
2014-04-01,2168.48,4268.04
2014-04-02,2168.48,4276.46
2014-04-03,2168.48,4237.74
2014-04-04,2168.48,4127.73
2014-04-07,2168.48,4079.75
2014-04-08,2168.48,4112.99
2014-04-09,2168.48,4183.9
2014-04-10,2168.48,4054.11
2014-04-11,2168.48,3999.73
2014-04-14,2168.48,4022.69
2014-04-15,2168.48,4034.16
2014-04-16,2168.48,4086.23
2014-04-17,2168.48,4095.52
2014-04-18,2168.48,4095.52
2014-04-21,2168.48,4121.55
2014-04-22,2168.48,4161.46
2014-04-23,2168.48,4126.97
2014-04-24,2168.48,4148.34
2014-04-25,2168.48,4075.56
2014-04-28,2168.48,4074.4
2014-04-29,2168.48,4103.54
2014-04-30,2168.48,4114.56
2014-05-01,2168.48,4127.45
2014-05-02,2168.48,4123.9
2014-05-05,2168.48,4138.06
2014-05-06,2168.48,4080.76
2014-05-07,2168.48,4067.67
2014-05-08,2168.48,4051.5
2014-05-09,2168.48,4071.87
2014-05-12,2168.48,4143.86
2014-05-13,2168.48,4130.17
2014-05-14,2168.48,4100.63
2014-05-15,2168.48,4069.29
2014-05-16,2168.48,4090.59
2014-05-19,2168.48,4125.82
2014-05-20,2168.48,4096.89
2014-05-21,2168.48,4131.54
2014-05-22,2168.48,4154.34
2014-05-23,2168.48,4185.81
2014-05-26,2168.48,4185.81
2014-05-27,2168.48,4237.07
2014-05-28,2168.48,4225.07
2014-05-29,2168.48,4247.95
2014-05-30,2168.48,4242.62
2014-06-02,2168.48,4237.2
2014-06-03,2168.48,4234.08
2014-06-04,2168.48,4251.64
2014-06-05,2168.48,4296.23
2014-06-06,2168.48,4321.4
2014-06-09,2168.48,4336.24
2014-06-10,2168.48,4338.0
2014-06-11,2168.48,4331.93
2014-06-12,2168.48,4297.63
2014-06-13,2168.48,4310.65
2014-06-16,2168.48,4321.11
2014-06-17,2168.48,4337.23
2014-06-18,2168.48,4362.84
2014-06-19,2168.48,4359.33
2014-06-20,2168.48,4368.04
2014-06-23,2168.48,4368.68
2014-06-24,2168.48,4350.36
2014-06-25,2168.48,4379.76
2014-06-26,2168.48,4379.05
2014-06-27,2168.48,4397.93
2014-06-30,2168.48,4408.18
2014-07-01,2168.48,4458.65
2014-07-02,2168.48,4457.73
2014-07-03,2168.48,4485.93
2014-07-04,2168.48,4485.93
2014-07-07,2168.48,4451.53
2014-07-08,2168.48,4391.46
2014-07-09,2168.48,4419.03
2014-07-10,2168.48,4396.2
2014-07-11,2168.48,4415.49
2014-07-14,2168.48,4440.42
2014-07-15,2168.48,4416.39
2014-07-16,2168.48,4425.97
2014-07-17,2168.48,4363.45
2014-07-18,2168.48,4432.15
2014-07-21,2168.48,4424.7
2014-07-22,2168.48,4456.02
2014-07-23,2168.48,4473.7
2014-07-24,2168.48,4472.11
2014-07-25,2168.48,4449.56
2014-07-28,2168.48,4444.91
2014-07-29,2168.48,4442.7
2014-07-30,2168.48,4462.9
2014-07-31,2168.48,4369.77
2014-08-01,2168.48,4352.64
2014-08-04,2168.48,4383.89
2014-08-05,2168.48,4352.84
2014-08-06,2168.48,4355.05
2014-08-07,2168.48,4334.97
2014-08-08,2168.48,4370.9
2014-08-11,2168.48,4401.33
2014-08-12,2168.48,4389.25
2014-08-13,2168.48,4434.13
2014-08-14,2168.48,4453.0
2014-08-15,2168.48,4464.93
2014-08-18,2168.48,4508.31
2014-08-19,2168.48,4527.51
2014-08-20,2168.48,4526.48
2014-08-21,2168.48,4532.1
2014-08-22,2168.48,4538.55
2014-08-25,2168.48,4557.35
2014-08-26,2168.48,4570.64
2014-08-27,2168.48,4569.62
2014-08-28,2168.48,4557.69
2014-08-29,2168.48,4580.27
2014-09-01,2168.48,4580.27
2014-09-02,2168.48,4598.19
2014-09-03,2168.48,4572.57
2014-09-04,2168.48,4562.29
2014-09-05,2168.48,4582.9
2014-09-08,2168.48,4592.29
2014-09-09,2168.48,4552.29
2014-09-10,2168.48,4586.52
2014-09-11,2168.48,4591.81
2014-09-12,2168.48,4567.6
2014-09-15,2168.48,4518.9
2014-09-16,2168.48,4552.76
2014-09-17,2168.48,4562.19
2014-09-18,2168.48,4593.43
2014-09-19,2168.48,4579.79
2014-09-22,2168.48,4527.69
2014-09-23,2168.48,4508.69
2014-09-24,2168.48,4555.22
2014-09-25,2168.48,4466.75
2014-09-26,2168.48,4512.19
2014-09-29,2168.48,4505.85
2014-09-30,2168.48,4493.39
2014-10-01,2168.48,4422.09
2014-10-02,2168.48,4430.19
2014-10-03,2168.48,4475.62
2014-10-06,2168.48,4454.8
2014-10-07,2168.48,4385.2
2014-10-08,2168.48,4468.59
2014-10-09,2168.48,4378.34
2014-10-10,2168.48,4276.24
2014-10-13,2168.48,4213.66
2014-10-14,2168.48,4227.17
2014-10-15,2168.48,4215.32
2014-10-16,2168.48,4217.39
2014-10-17,2168.48,4258.44
2014-10-20,2168.48,4316.07
2014-10-21,2168.48,4419.48
2014-10-22,2168.48,4382.85
2014-10-23,2168.48,4452.79
2014-10-24,2168.48,4483.72
2014-10-27,2168.48,4485.93
2014-10-28,2168.48,4564.29
2014-10-29,2168.48,4549.23
2014-10-30,2168.48,4566.14
2014-10-31,2168.48,4630.74
2014-11-03,2168.48,4638.91
2014-11-04,2168.48,4623.64
2014-11-05,2168.48,4620.72
2014-11-06,2168.48,4638.47
2014-11-07,2168.48,4632.53
2014-11-10,2168.48,4651.62
2014-11-11,2168.48,4660.56
2014-11-12,2168.48,4675.13
2014-11-13,2168.48,4680.14
2014-11-14,2168.48,4688.54
2014-11-17,2168.48,4671.0
2014-11-18,2168.48,4702.44
2014-11-19,2168.48,4675.71
2014-11-20,2168.48,4701.87
2014-11-21,2168.48,4712.97
2014-11-24,2168.48,4754.89
2014-11-25,2168.48,4758.25
2014-11-26,2168.48,4787.32
2014-11-27,2168.48,4787.32
2014-11-28,2168.48,4791.63
2014-12-01,2168.48,4727.35
2014-12-02,2168.48,4755.81
2014-12-03,2168.48,4774.47
2014-12-04,2168.48,4769.44
2014-12-05,2168.48,4780.76
2014-12-08,2168.48,4740.69
2014-12-09,2168.48,4766.47
2014-12-10,2168.48,4684.03
2014-12-11,2168.48,4708.16
2014-12-12,2168.48,4653.6
2014-12-15,2168.48,4605.16
2014-12-16,2168.48,4547.83
2014-12-17,2168.48,4644.31
2014-12-18,2168.48,4748.4
2014-12-19,2168.48,4765.38
2014-12-22,2168.48,4781.42
2014-12-23,2168.48,4765.42
2014-12-24,2168.48,4773.47
2014-12-25,2168.48,4773.47
2014-12-26,2168.48,4806.86
2014-12-29,2168.48,4806.91
2014-12-30,2168.48,4777.44
2014-12-31,2168.48,4736.05
2015-01-01,2168.48,4736.05
2015-01-02,2168.48,4726.81
2015-01-05,2168.48,4652.57
2015-01-06,2168.48,4592.74
2015-01-07,2168.48,4650.47
2015-01-08,2168.48,4736.19
2015-01-09,2168.48,4704.07
2015-01-12,2168.48,4664.71
2015-01-13,2168.48,4661.5
2015-01-14,2168.48,4639.32
2015-01-15,2168.48,4570.82
2015-01-16,2168.48,4634.38
2015-01-19,2168.48,4634.38
2015-01-20,2168.48,4654.85
2015-01-21,2168.48,4667.42
2015-01-22,2168.48,4750.4
2015-01-23,2168.48,4757.88
2015-01-26,2168.48,4771.76
2015-01-27,2168.48,4681.5
2015-01-28,2168.48,4637.99
2015-01-29,2168.48,4683.41
2015-01-30,2168.48,4635.24
2015-02-02,2168.48,4676.69
2015-02-03,2168.48,4727.74
2015-02-04,2168.48,4716.7
2015-02-05,2168.48,4765.1
2015-02-06,2168.48,4744.4
2015-02-09,2168.48,4726.01
2015-02-10,2168.48,4787.64
2015-02-11,2168.48,4801.18
2015-02-12,2168.48,4857.61
2015-02-13,2168.48,4893.84
2015-02-16,2168.48,4893.84
2015-02-17,2168.48,4899.27
2015-02-18,2168.48,4906.36
2015-02-19,2168.48,4924.7
2015-02-20,2168.48,4955.97
2015-02-23,2168.48,4960.97
2015-02-24,2168.48,4968.12
2015-02-25,2168.48,4967.14
2015-02-26,2168.48,4987.89
2015-02-27,2168.48,4963.53
2015-03-02,2168.48,5008.1
2015-03-03,2168.48,4979.9
2015-03-04,2168.48,4967.14
2015-03-05,2168.48,4982.81
2015-03-06,2168.48,4927.37
2015-03-09,2168.48,4942.44
2015-03-10,2168.48,4859.79
2015-03-11,2168.48,4849.94
2015-03-12,2168.48,4893.29
2015-03-13,2168.48,4871.76
2015-03-16,2168.48,4929.51
2015-03-17,2168.48,4937.43
2015-03-18,2168.48,4982.83
2015-03-19,2168.48,4992.38
2015-03-20,2168.48,5026.42
2015-03-23,2168.48,5010.97
2015-03-24,2168.48,4994.73
2015-03-25,2168.48,4876.52
2015-03-26,2168.48,4863.36
2015-03-27,2168.48,4891.22
2015-03-30,2168.48,4947.44
2015-03-31,2168.48,4900.88
2015-04-01,2168.48,4880.23
2015-04-02,2168.48,4886.94
2015-04-03,2168.48,4886.94
2015-04-06,2168.48,4917.32
2015-04-07,2168.48,4910.23
2015-04-08,2168.48,4950.82
2015-04-09,2168.48,4974.56
2015-04-10,2168.48,4995.98
2015-04-13,2168.48,4988.25
2015-04-14,2168.48,4977.29
2015-04-15,2168.48,5011.02
2015-04-16,2168.48,5007.79
2015-04-17,2168.48,4931.81
2015-04-20,2168.48,4994.6
2015-04-21,2168.48,5014.1
2015-04-22,2168.48,5035.17
2015-04-23,2168.48,5056.06
2015-04-24,2168.48,5092.08
2015-04-27,2168.48,5060.25
2015-04-28,2168.48,5055.42
2015-04-29,2168.48,5023.64
2015-04-30,2168.48,4941.42
2015-05-01,2168.48,5005.39
2015-05-04,2168.48,5016.93
2015-05-05,2168.48,4939.33
2015-05-06,2168.48,4919.64
2015-05-07,2168.48,4945.54
2015-05-08,2168.48,5003.55
2015-05-11,2168.48,4993.57
2015-05-12,2168.48,4976.19
2015-05-13,2168.48,4981.69
2015-05-14,2168.48,5050.8
2015-05-15,2168.48,5048.29
2015-05-18,2168.48,5078.44
2015-05-19,2168.48,5070.03
2015-05-20,2168.48,5071.74
2015-05-21,2168.48,5090.79
2015-05-22,2168.48,5089.36
2015-05-25,2168.48,5089.36
2015-05-26,2168.48,5032.75
2015-05-27,2168.48,5106.59
2015-05-28,2168.48,5097.98
2015-05-29,2168.48,5070.03
2015-06-01,2168.48,5082.93
2015-06-02,2168.48,5076.52
2015-06-03,2168.48,5099.23
2015-06-04,2168.48,5059.12
2015-06-05,2168.48,5068.46
2015-06-08,2168.48,5021.63
2015-06-09,2168.48,5013.87
2015-06-10,2168.48,5076.69
2015-06-11,2168.48,5082.51
2015-06-12,2168.48,5051.1
2015-06-15,2168.48,5029.97
2015-06-16,2168.48,5055.55
2015-06-17,2168.48,5064.88
2015-06-18,2168.48,5132.95
2015-06-19,2168.48,5117.0
2015-06-22,2168.48,5153.97
2015-06-23,2168.48,5160.09
2015-06-24,2168.48,5122.41
2015-06-25,2168.48,5112.19
2015-06-26,2168.48,5080.51
2015-06-29,2168.48,4958.47
2015-06-30,2168.48,4986.87
2015-07-01,2168.48,5013.12
2015-07-02,2168.48,5009.21
2015-07-03,2168.48,5009.21
2015-07-06,2168.48,4991.94
2015-07-07,2168.48,4997.46
2015-07-08,2168.48,4909.76
2015-07-09,2168.48,4922.4
2015-07-10,2168.48,4997.7
2015-07-13,2168.48,5071.51
2015-07-14,2168.48,5104.89
2015-07-15,2168.48,5098.94
2015-07-16,2168.48,5163.18
2015-07-17,2168.48,5210.14
2015-07-20,2168.48,5218.86
2015-07-21,2168.48,5208.12
2015-07-22,2168.48,5171.77
2015-07-23,2168.48,5146.41
2015-07-24,2168.48,5088.63
2015-07-27,2168.48,5039.78
2015-07-28,2168.48,5089.21
2015-07-29,2168.48,5111.73
2015-07-30,2168.48,5128.78
2015-07-31,2168.48,5128.28
2015-08-03,2168.48,5115.38
2015-08-04,2168.48,5105.55
2015-08-05,2168.48,5139.94
2015-08-06,2168.48,5056.44
2015-08-07,2168.48,5043.54
2015-08-10,2168.48,5101.8
2015-08-11,2168.48,5036.79
2015-08-12,2168.48,5044.39
2015-08-13,2168.48,5033.56
2015-08-14,2168.48,5048.24
2015-08-17,2168.48,5091.7
2015-08-18,2168.48,5059.35
2015-08-19,2168.48,5019.05
2015-08-20,2168.48,4877.49
2015-08-21,2168.48,4706.04
2015-08-24,2168.48,4526.25
2015-08-25,2168.48,4506.49
2015-08-26,2168.48,4697.54
2015-08-27,2168.48,4812.71
2015-08-28,2168.48,4828.32
2015-08-31,2168.48,4776.51
2015-09-01,2168.48,4636.1
2015-09-02,2168.48,4749.98
2015-09-03,2168.48,4733.5
2015-09-04,2168.48,4683.92
2015-09-07,2168.48,4683.92
2015-09-08,2168.48,4811.93
2015-09-09,2168.48,4756.53
2015-09-10,2168.48,4796.25
2015-09-11,2168.48,4822.34
2015-09-14,2168.48,4805.76
2015-09-15,2168.48,4860.52
2015-09-16,2168.48,4889.24
2015-09-17,2168.48,4893.95
2015-09-18,2168.48,4827.23
2015-09-21,2168.48,4828.95
2015-09-22,2168.48,4756.72
2015-09-23,2168.48,4752.74
2015-09-24,2168.48,4734.48
2015-09-25,2168.48,4686.5
2015-09-28,2168.48,4543.97
2015-09-29,2168.48,4517.32
2015-09-30,2168.48,4620.16
2015-10-01,2168.48,4627.08
2015-10-02,2168.48,4707.78
2015-10-05,2168.48,4781.26
2015-10-06,2168.48,4748.36
2015-10-07,2168.48,4791.15
2015-10-08,2168.48,4810.79
2015-10-09,2168.48,4830.47
2015-10-12,2168.48,4838.64
2015-10-13,2168.48,4796.61
2015-10-14,2168.48,4782.85
2015-10-15,2168.48,4870.1
2015-10-16,2168.48,4886.69
2015-10-19,2168.48,4905.47
2015-10-20,2168.48,4880.97
2015-10-21,2168.48,4840.12
2015-10-22,2168.48,4920.05
2015-10-23,2168.48,5031.86
2015-10-26,2168.48,5034.7
2015-10-27,2168.48,5030.15
2015-10-28,2168.48,5095.69
2015-10-29,2168.48,5074.27
2015-10-30,2168.48,5053.75
2015-11-02,2168.48,5127.15
2015-11-03,2168.48,5145.13
2015-11-04,2168.48,5142.48
2015-11-05,2168.48,5127.74
2015-11-06,2168.48,5147.12
2015-11-09,2168.48,5095.3
2015-11-10,2168.48,5083.24
2015-11-11,2168.48,5067.02
2015-11-12,2168.48,5005.08
2015-11-13,2168.48,4927.88
2015-11-16,2168.48,4984.62
2015-11-17,2168.48,4986.01
2015-11-18,2168.48,5075.2
2015-11-19,2168.48,5073.64
2015-11-20,2168.48,5104.92
2015-11-23,2168.48,5102.48
2015-11-24,2168.48,5102.81
2015-11-25,2168.48,5116.14
2015-11-26,2168.48,5116.14
2015-11-27,2168.48,5127.52
2015-11-30,2168.48,5108.67
2015-12-01,2168.48,5156.31
2015-12-02,2168.48,5123.22
2015-12-03,2168.48,5037.53
2015-12-04,2168.48,5142.27
2015-12-07,2168.48,5101.81
2015-12-08,2168.48,5098.24
2015-12-09,2168.48,5022.87
2015-12-10,2168.48,5045.17
2015-12-11,2168.48,4933.47
2015-12-14,2168.48,4952.23
2015-12-15,2168.48,4995.36
2015-12-16,2168.48,5071.13
2015-12-17,2168.48,5002.55
2015-12-18,2168.48,4923.08
2015-12-21,2168.48,4968.92
2015-12-22,2168.48,5001.11
2015-12-23,2168.48,5045.93
2015-12-24,2168.48,5048.49
2015-12-25,2168.48,5048.49
2015-12-28,2168.48,5040.99
2015-12-29,2168.48,5107.94
2015-12-30,2168.48,5065.85
2015-12-31,2168.48,5007.41
2016-01-01,2168.48,5007.41
2016-01-04,2168.48,4903.09
2016-01-05,2168.48,4891.43
2016-01-06,2168.48,4835.76
2016-01-07,2168.48,4689.43
2016-01-08,2168.48,4643.63
2016-01-11,2168.48,4637.99
2016-01-12,2168.48,4685.92
2016-01-13,2168.48,4526.06
2016-01-14,2168.48,4615.0
2016-01-15,2168.48,4488.42
2016-01-18,2168.48,4488.42
2016-01-19,2168.48,4476.95
2016-01-20,2168.48,4471.69
2016-01-21,2168.48,4472.06
2016-01-22,2168.48,4591.18
2016-01-25,2168.48,4518.49
2016-01-26,2168.48,4567.67
2016-01-27,2168.48,4468.17
2016-01-28,2168.48,4506.68
2016-01-29,2168.48,4613.95
2016-02-01,2168.48,4620.37
2016-02-02,2168.48,4516.95
2016-02-03,2168.48,4504.24
2016-02-04,2168.48,4509.56
2016-02-05,2168.48,4363.14
2016-02-08,2168.48,4283.75
2016-02-09,2168.48,4268.76
2016-02-10,2168.48,4283.59
2016-02-11,2168.48,4266.84
2016-02-12,2168.48,4337.51
2016-02-15,2168.48,4337.51
2016-02-16,2168.48,4435.96
2016-02-17,2168.48,4534.06
2016-02-18,2168.48,4487.54
2016-02-19,2168.48,4504.43
2016-02-22,2168.48,4570.61
2016-02-23,2168.48,4503.58
2016-02-24,2168.48,4542.61
2016-02-25,2168.48,4582.2
2016-02-26,2168.48,4590.47
2016-02-29,2168.48,4557.95
2016-03-01,2168.48,4689.6
2016-03-02,2168.48,4703.42
2016-03-03,2168.48,4707.42
2016-03-04,2168.48,4717.02
2016-03-07,2168.48,4708.25
2016-03-08,2168.48,4648.82
2016-03-09,2168.48,4674.38
2016-03-10,2168.48,4662.16
2016-03-11,2168.48,4748.47
2016-03-14,2168.48,4750.28
2016-03-15,2168.48,4728.67
2016-03-16,2168.48,4763.97
2016-03-17,2168.48,4774.99
2016-03-18,2168.48,4795.65
2016-03-21,2168.48,4808.87
2016-03-22,2168.48,4821.66
2016-03-23,2168.48,4768.86
2016-03-24,2168.48,4773.5
2016-03-25,2168.48,4773.5
2016-03-28,2168.48,4766.79
2016-03-29,2168.48,4846.62
2016-03-30,2168.48,4869.29
2016-03-31,2168.48,4869.85
2016-04-01,2168.48,4914.54
2016-04-04,2168.48,4891.8
2016-04-05,2168.48,4843.93
2016-04-06,2168.48,4920.72
2016-04-07,2168.48,4848.37
2016-04-08,2168.48,4850.69
2016-04-11,2168.48,4833.4
2016-04-12,2168.48,4872.09
2016-04-13,2168.48,4947.42
2016-04-14,2168.48,4945.89
2016-04-15,2168.48,4938.22
2016-04-18,2168.48,4960.02
2016-04-19,2168.48,4940.33
2016-04-20,2168.48,4948.15
2016-04-21,2168.48,4945.93
2016-04-22,2168.48,4906.2
2016-04-25,2168.48,4895.79
2016-04-26,2168.48,4888.28
2016-04-27,2168.48,4863.14
2016-04-28,2168.48,4805.29
2016-04-29,2168.48,4775.36
2016-05-02,2168.48,4817.59
2016-05-03,2168.48,4763.22
2016-05-04,2168.48,4725.64
2016-05-05,2168.48,4717.09
2016-05-06,2168.48,4736.16
2016-05-09,2168.48,4750.21
2016-05-10,2168.48,4809.88
2016-05-11,2168.48,4760.69
2016-05-12,2168.48,4737.33
2016-05-13,2168.48,4717.68
2016-05-16,2168.48,4775.46
2016-05-17,2168.48,4715.73
2016-05-18,2168.48,4739.12
2016-05-19,2168.48,4712.53
2016-05-20,2168.48,4769.56
2016-05-23,2168.48,4765.78
2016-05-24,2168.48,4861.06
2016-05-25,2168.48,4894.89
2016-05-26,2168.48,4901.77
2016-05-27,2168.48,4933.5
2016-05-30,2168.48,4933.5
2016-05-31,2168.48,4948.05
2016-06-01,2168.48,4952.25
2016-06-02,2168.48,4971.36
2016-06-03,2168.48,4942.52
2016-06-06,2168.48,4968.71
2016-06-07,2168.48,4961.75
2016-06-08,2168.48,4974.64
2016-06-09,2168.48,4958.62
2016-06-10,2168.48,4894.55
2016-06-13,2168.48,4848.44
2016-06-14,2168.48,4843.55
2016-06-15,2168.48,4834.93
2016-06-16,2168.48,4844.91
2016-06-17,2168.48,4800.34
2016-06-20,2168.48,4837.21
2016-06-21,2168.48,4843.76
2016-06-22,2168.48,4833.32
2016-06-23,2168.48,4910.04
2016-06-24,2168.48,4707.98
2016-06-27,2168.48,4594.44
2016-06-28,2168.48,4691.87
2016-06-29,2168.48,4779.25
2016-06-30,2168.48,4842.67
2016-07-01,2168.48,4862.57
2016-07-04,2168.48,4862.57
2016-07-05,2168.48,4822.9
2016-07-06,2168.48,4859.16
2016-07-07,2168.48,4876.81
2016-07-08,2168.48,4956.76
2016-07-11,2168.48,4988.64
2016-07-12,2168.48,5022.82
2016-07-13,2168.48,5005.73
2016-07-14,2168.48,5034.06
2016-07-15,2168.48,5029.59
2016-07-18,2168.48,5055.78
2016-07-19,2168.48,5036.37
2016-07-20,2168.48,5089.93
2016-07-21,2168.48,5073.9
2016-07-22,2168.48,5100.16
2016-07-25,2168.48,5097.63
2016-07-26,2169.18,5110.05
2016-07-27,2166.58,5139.81
2016-07-28,2170.06,5154.98
2016-07-29,2173.6,5162.13
2016-08-01,2170.84,5184.2
2016-08-02,2157.03,5137.73
2016-08-03,2163.79,5159.74
2016-08-04,2164.25,5166.25
2016-08-05,2182.87,5221.12
2016-08-08,2180.89,5213.14
2016-08-09,2181.74,5225.48
2016-08-10,2175.49,5204.58
2016-08-11,2185.79,5228.4
2016-08-12,2184.05,5232.89
2016-08-15,2190.15,5262.02
2016-08-16,2178.15,5227.11
2016-08-17,2182.22,5228.66
2016-08-18,2187.02,5240.15
2016-08-19,2183.87,5238.38
2016-08-22,2182.64,5244.6
2016-08-23,2186.9,5260.08
2016-08-24,2175.44,5217.69
2016-08-25,2172.47,5212.2
2016-08-26,2169.04,5218.92
2016-08-29,2180.38,5232.33
2016-08-30,2176.12,5222.99
2016-08-31,2170.95,5213.22
2016-09-01,2170.86,5227.21
2016-09-02,2179.98,5249.9
2016-09-05,2179.98,5249.9
2016-09-06,2186.48,5275.91
2016-09-07,2186.16,5283.93
2016-09-08,2181.3,5259.48
2016-09-09,2127.81,5125.91
2016-09-12,2159.04,5211.89
2016-09-13,2127.02,5155.25
2016-09-14,2125.77,5173.77
2016-09-15,2147.26,5249.69
2016-09-16,2139.16,5244.57
2016-09-19,2139.12,5235.03
2016-09-20,2139.76,5241.35
2016-09-21,2163.12,5295.18
2016-09-22,2177.18,5339.52
2016-09-23,2164.69,5305.75
2016-09-26,2146.1,5257.49
2016-09-27,2159.93,5305.71
2016-09-28,2171.37,5318.55
2016-09-29,2151.13,5269.15
2016-09-30,2168.27,5312.0
2016-10-03,2161.2,5300.87
2016-10-04,2150.49,5289.66
2016-10-05,2159.73,5316.02
2016-10-06,2160.77,5306.85
2016-10-07,2153.74,5292.4
2016-10-10,2163.66,5328.67
2016-10-11,2136.73,5246.79
2016-10-12,2139.18,5239.02
2016-10-13,2132.55,5213.33
2016-10-14,2132.98,5214.16
2016-10-17,2126.5,5199.82
2016-10-18,2139.6,5243.84
2016-10-19,2144.29,5246.41
2016-10-20,2141.34,5241.83
2016-10-21,2141.16,5257.4
2016-10-24,2151.33,5309.83
2016-10-25,2143.16,5283.4
2016-10-26,2139.43,5250.27
2016-10-27,2133.04,5215.97
2016-10-28,2126.41,5190.1
2016-10-31,2126.15,5189.13
2016-11-01,2111.72,5153.58
2016-11-02,2097.94,5105.57
2016-11-03,2088.66,5058.41
2016-11-04,2085.18,5046.37
2016-11-07,2131.52,5166.17
2016-11-08,2139.56,5193.49
2016-11-09,2163.26,5251.07
2016-11-10,2167.48,5208.8
2016-11-11,2164.45,5237.11
2016-11-14,2164.2,5218.4
2016-11-15,2180.39,5275.62
2016-11-16,2176.94,5294.58
2016-11-17,2187.12,5333.97
2016-11-18,2181.9,5321.51
2016-11-21,2198.18,5368.86
2016-11-22,2202.94,5386.35
2016-11-23,2204.72,5380.68
2016-11-24,2204.72,5380.68
2016-11-25,2213.35,5398.92
2016-11-28,2201.72,5368.81
2016-11-29,2204.66,5379.92
2016-11-30,2198.81,5323.68
2016-12-01,2191.08,5251.11
2016-12-02,2191.95,5255.65
2016-12-05,2204.71,5308.89
2016-12-06,2212.23,5333.0
2016-12-07,2241.35,5393.76
2016-12-08,2246.19,5417.36
2016-12-09,2259.53,5444.5
2016-12-12,2256.96,5412.54
2016-12-13,2271.72,5463.83
2016-12-14,2253.28,5436.67
2016-12-15,2262.03,5456.85
2016-12-16,2258.07,5437.16
2016-12-19,2262.53,5457.44
2016-12-20,2270.76,5483.94
2016-12-21,2265.18,5471.43
2016-12-22,2260.96,5447.42
2016-12-23,2263.79,5462.69
2016-12-26,2263.79,5462.69
2016-12-27,2268.88,5487.44
2016-12-28,2249.92,5438.56
2016-12-29,2249.26,5432.09
2016-12-30,2238.83,5383.12
2017-01-02,2238.83,5383.12
2017-01-03,2257.83,5429.08
2017-01-04,2270.75,5477.0
2017-01-05,2269.0,5487.94
2017-01-06,2276.98,5521.06
2017-01-09,2268.9,5531.82
2017-01-10,2268.9,5551.82
2017-01-11,2275.32,5563.65
2017-01-12,2270.44,5547.49
2017-01-13,2274.64,5574.12
2017-01-16,2274.64,5574.12
2017-01-17,2267.89,5538.73
2017-01-18,2271.89,5555.65
2017-01-19,2263.69,5540.08
2017-01-20,2271.31,5555.33
2017-01-23,2265.2,5552.94
2017-01-24,2280.07,5600.96
2017-01-25,2298.37,5656.34
2017-01-26,2296.68,5655.18
2017-01-27,2294.69,5660.78
2017-01-30,2280.9,5613.71
2017-01-31,2278.87,5614.79
2017-02-01,2279.55,5642.65
2017-02-02,2280.85,5636.2
2017-02-03,2297.42,5666.77
2017-02-06,2292.56,5663.55
2017-02-07,2293.08,5674.22
2017-02-08,2294.67,5682.45
2017-02-09,2307.87,5715.18
2017-02-10,2316.1,5734.13
2017-02-13,2328.25,5763.96
2017-02-14,2337.58,5782.57
2017-02-15,2349.25,5819.44
2017-02-16,2347.22,5814.9
2017-02-17,2351.16,5838.58
2017-02-20,2351.16,5838.58
2017-02-21,2365.38,5865.95
2017-02-22,2362.82,5860.63
2017-02-23,2363.81,5835.51
2017-02-24,2367.34,5845.31
2017-02-27,2369.75,5861.9
2017-02-28,2363.64,5825.44
2017-03-01,2395.96,5904.03
2017-03-02,2381.92,5861.22
2017-03-03,2383.12,5870.75
2017-03-06,2375.31,5849.17
2017-03-07,2368.39,5833.93
2017-03-08,2362.98,5837.55
2017-03-09,2364.87,5838.81
2017-03-10,2372.6,5861.73
2017-03-13,2373.47,5875.78
2017-03-14,2365.45,5856.82
2017-03-15,2385.26,5900.05
2017-03-16,2381.38,5900.76
2017-03-17,2378.25,5901.0
2017-03-20,2373.47,5901.53
2017-03-21,2344.02,5793.83
2017-03-22,2348.45,5821.64
2017-03-23,2345.96,5817.69
2017-03-24,2343.98,5828.74
2017-03-27,2341.59,5840.37
2017-03-28,2358.57,5875.14
2017-03-29,2361.13,5897.55
2017-03-30,2368.06,5914.34
2017-03-31,2362.72,5911.74
2017-04-03,2358.84,5894.68
2017-04-04,2360.16,5898.61
2017-04-05,2352.95,5864.48
2017-04-06,2357.49,5878.95
2017-04-07,2355.54,5877.81
2017-04-10,2357.16,5880.93
2017-04-11,2353.78,5866.77
2017-04-12,2344.93,5836.16
2017-04-13,2328.95,5805.15
2017-04-14,2328.95,5805.15
2017-04-17,2349.01,5856.79
2017-04-18,2342.19,5849.47
2017-04-19,2338.17,5863.03
2017-04-20,2355.84,5916.78
2017-04-21,2348.69,5910.52
2017-04-24,2374.15,5983.82
2017-04-25,2388.61,6025.49
2017-04-26,2387.45,6025.23
2017-04-27,2388.77,6048.94
2017-04-28,2384.2,6047.61
2017-05-01,2388.33,6091.6
2017-05-02,2391.17,6095.37
2017-05-03,2388.13,6072.55
2017-05-04,2389.52,6075.34
2017-05-05,2399.29,6100.76
2017-05-08,2399.38,6102.66
2017-05-09,2396.92,6120.59
2017-05-10,2399.63,6129.14
2017-05-11,2394.44,6115.96
2017-05-12,2390.9,6121.23
2017-05-15,2402.32,6149.67
2017-05-16,2400.67,6169.87
2017-05-17,2357.03,6011.24
2017-05-18,2365.72,6055.13
2017-05-19,2381.73,6083.7
2017-05-22,2394.02,6133.62
2017-05-23,2398.42,6138.71
2017-05-24,2404.39,6163.02
2017-05-25,2415.07,6205.26
2017-05-26,2415.82,6210.19
2017-05-29,2415.82,6210.19
2017-05-30,2412.91,6203.19
2017-05-31,2411.8,6198.52
2017-06-01,2430.06,6246.83
2017-06-02,2439.07,6305.8
2017-06-05,2436.1,6295.68
2017-06-06,2429.33,6275.06
2017-06-07,2433.14,6297.38
2017-06-08,2433.79,6321.76
2017-06-09,2431.77,6207.92
2017-06-12,2429.39,6175.46
2017-06-13,2440.35,6220.37
2017-06-14,2437.92,6194.89
2017-06-15,2432.46,6165.5
2017-06-16,2433.15,6151.76
2017-06-19,2453.46,6239.01
2017-06-20,2437.03,6188.03
2017-06-21,2435.61,6233.95
2017-06-22,2434.5,6236.69
2017-06-23,2438.3,6265.25
2017-06-26,2439.07,6247.15
2017-06-27,2419.38,6146.62
2017-06-28,2440.69,6234.41
2017-06-29,2419.7,6144.35
2017-06-30,2423.41,6140.42
2017-07-03,2429.01,6110.06
2017-07-04,2429.01,6110.06
2017-07-05,2432.54,6150.86
2017-07-06,2409.75,6089.46
2017-07-07,2425.18,6153.08
2017-07-10,2427.43,6176.39
2017-07-11,2425.53,6193.3
2017-07-12,2443.25,6261.17
2017-07-13,2447.83,6274.44
2017-07-14,2459.27,6312.47
2017-07-17,2459.14,6314.43
2017-07-18,2460.61,6344.31
2017-07-19,2473.83,6385.04
2017-07-20,2473.45,6390.0
2017-07-21,2472.54,6387.75
2017-07-24,2469.91,6410.81
2017-07-25,2477.13,6412.17
2017-07-26,2477.83,6422.75
2017-07-27,2475.42,6382.19
2017-07-28,2472.1,6374.68
2017-07-31,2470.3,6348.12
2017-08-01,2476.35,6362.94
2017-08-02,2477.57,6362.65
2017-08-03,2472.16,6340.34
2017-08-04,2476.83,6351.56
2017-08-07,2480.91,6383.77
2017-08-08,2474.92,6370.46
2017-08-09,2474.02,6352.33
2017-08-10,2438.21,6216.87
2017-08-11,2441.32,6256.56
2017-08-14,2465.84,6340.23
2017-08-15,2464.61,6333.01
2017-08-16,2468.11,6345.11
2017-08-17,2430.01,6221.91
2017-08-18,2425.55,6216.53
2017-08-21,2428.37,6213.13
2017-08-22,2452.51,6297.48
2017-08-23,2444.04,6278.41
2017-08-24,2438.97,6271.33
2017-08-25,2443.05,6265.64
2017-08-28,2444.24,6283.02
2017-08-29,2446.3,6301.89
2017-08-30,2457.59,6368.31
2017-08-31,2471.65,6428.66
2017-09-01,2476.55,6435.33
2017-09-04,2476.55,6435.33
2017-09-05,2457.85,6375.57
2017-09-06,2465.54,6393.31
2017-09-07,2465.1,6397.87
2017-09-08,2461.43,6360.19
2017-09-11,2488.11,6432.26
2017-09-12,2496.48,6454.28
2017-09-13,2498.37,6460.19
2017-09-14,2495.62,6429.08
2017-09-15,2500.23,6448.47
2017-09-18,2503.87,6454.64
2017-09-19,2506.65,6461.32
2017-09-20,2508.24,6456.04
2017-09-21,2500.6,6422.69
2017-09-22,2502.22,6426.92
2017-09-25,2496.66,6370.59
2017-09-26,2496.84,6380.16
2017-09-27,2507.04,6453.26
2017-09-28,2510.06,6453.45
2017-09-29,2519.36,6495.96
2017-10-02,2529.12,6516.72
2017-10-03,2534.58,6531.71
2017-10-04,2537.74,6534.63
2017-10-05,2552.07,6585.36
2017-10-06,2549.33,6590.18
2017-10-09,2544.73,6579.73
2017-10-10,2550.64,6587.25
2017-10-11,2555.24,6603.55
2017-10-12,2550.93,6591.51
2017-10-13,2553.17,6605.8
2017-10-16,2557.64,6624.0
2017-10-17,2559.36,6623.66
2017-10-18,2561.26,6624.22
2017-10-19,2562.1,6605.07
2017-10-20,2575.21,6629.05
2017-10-23,2564.98,6586.83
2017-10-24,2569.13,6598.43
2017-10-25,2557.15,6563.89
2017-10-26,2560.4,6556.77
2017-10-27,2581.07,6701.26
2017-10-30,2572.83,6698.96
2017-10-31,2575.26,6727.67
2017-11-01,2579.36,6716.53
2017-11-02,2579.85,6714.94
2017-11-03,2587.84,6764.44
2017-11-06,2591.13,6786.44
2017-11-07,2590.64,6767.78
2017-11-08,2594.38,6789.12
2017-11-09,2584.62,6750.05
2017-11-10,2582.3,6750.94
2017-11-13,2584.84,6757.6
2017-11-14,2578.87,6737.87
2017-11-15,2564.62,6706.21
2017-11-16,2585.64,6793.29
2017-11-17,2578.85,6782.79
2017-11-20,2582.14,6790.71
2017-11-21,2599.03,6862.48
2017-11-22,2597.08,6867.36
2017-11-23,2597.08,6867.36
2017-11-24,2602.42,6889.16
2017-11-27,2601.42,6878.52
2017-11-28,2627.04,6912.36
2017-11-29,2626.07,6824.34
2017-11-30,2647.58,6873.97
2017-12-01,2642.22,6847.59
2017-12-04,2639.44,6775.37
2017-12-05,2629.57,6762.21
2017-12-06,2629.27,6776.38
2017-12-07,2636.98,6812.84
2017-12-08,2651.5,6840.08
2017-12-11,2659.99,6875.08
2017-12-12,2664.11,6862.32
2017-12-13,2662.85,6875.8
2017-12-14,2652.01,6856.53
2017-12-15,2675.81,6936.58
2017-12-18,2690.16,6994.76
2017-12-19,2681.47,6963.85
2017-12-20,2679.25,6960.96
2017-12-21,2684.57,6965.36
2017-12-22,2683.34,6959.96
2017-12-25,2683.34,6959.96
2017-12-26,2680.5,6936.25
2017-12-27,2682.62,6939.34
2017-12-28,2687.54,6950.16
2017-12-29,2673.61,6903.39
2018-01-01,2673.61,6903.39
2018-01-02,2695.81,7006.9
2018-01-03,2713.06,7065.53
2018-01-04,2723.99,7077.91
2018-01-05,2743.15,7136.56
2018-01-08,2747.71,7157.39
2018-01-09,2751.29,7163.58
2018-01-10,2748.23,7153.57
2018-01-11,2767.56,7211.78
2018-01-12,2786.24,7261.06
2018-01-15,2786.24,7261.06
2018-01-16,2776.42,7223.69
2018-01-17,2802.56,7298.28
2018-01-18,2798.03,7296.05
2018-01-19,2810.3,7336.38
2018-01-22,2832.97,7408.03
2018-01-23,2839.13,7460.29
2018-01-24,2837.54,7415.06
2018-01-25,2839.25,7411.16
2018-01-26,2872.87,7505.77
2018-01-29,2853.53,7466.51
2018-01-30,2822.43,7402.48
2018-01-31,2823.81,7411.48
2018-02-01,2821.98,7385.86
2018-02-02,2762.13,7240.95
2018-02-05,2648.94,6967.53
2018-02-06,2695.14,7115.88
2018-02-07,2681.66,7051.98
2018-02-08,2581.0,6777.16
2018-02-09,2619.55,6874.49
2018-02-12,2656.0,6981.96
2018-02-13,2662.94,7013.51
2018-02-14,2698.63,7143.62
2018-02-15,2731.2,7256.43
2018-02-16,2732.22,7239.47
2018-02-19,2732.22,7239.47
2018-02-20,2716.26,7234.31
2018-02-21,2701.33,7218.23
2018-02-22,2703.96,7210.09
2018-02-23,2747.3,7337.39
2018-02-26,2779.6,7421.46
2018-02-27,2744.28,7330.35
2018-02-28,2713.83,7273.01
2018-03-01,2677.67,7180.56
2018-03-02,2691.25,7257.87
2018-03-05,2720.94,7330.7
2018-03-06,2728.12,7372.01
2018-03-07,2726.8,7396.65
2018-03-08,2738.97,7427.95
2018-03-09,2786.57,7560.81
2018-03-12,2783.02,7588.32
2018-03-13,2765.31,7511.01
2018-03-14,2749.48,7496.81
2018-03-15,2747.33,7481.74
2018-03-16,2752.01,7481.99
2018-03-19,2712.92,7344.24
2018-03-20,2716.94,7364.3
2018-03-21,2711.93,7345.29
2018-03-22,2643.69,7166.68
2018-03-23,2588.26,6992.67
2018-03-26,2658.55,7220.54
2018-03-27,2612.62,7008.81
2018-03-28,2605.0,6949.23
2018-03-29,2640.87,7063.44
2018-03-30,2640.87,7063.44
2018-04-02,2581.88,6870.12
2018-04-03,2614.45,6941.28
2018-04-04,2644.69,7042.11
2018-04-05,2662.84,7076.55
2018-04-06,2604.47,6915.11
2018-04-09,2613.16,6950.34
2018-04-10,2656.87,7094.3
2018-04-11,2642.19,7069.03
2018-04-12,2663.99,7140.25
2018-04-13,2656.3,7106.65
2018-04-16,2677.84,7156.28
2018-04-17,2706.39,7281.1
2018-04-18,2708.64,7295.24
2018-04-19,2693.13,7238.06
2018-04-20,2670.14,7146.13
2018-04-23,2670.29,7128.6
2018-04-24,2634.56,7007.35
2018-04-25,2639.4,7003.74
2018-04-26,2666.94,7118.68
2018-04-27,2669.91,7119.8
2018-04-30,2648.05,7066.27
2018-05-01,2654.8,7130.7
2018-05-02,2635.67,7100.9
2018-05-03,2629.73,7088.15
2018-05-04,2663.42,7209.62
2018-05-07,2672.63,7265.21
2018-05-08,2671.92,7266.9
2018-05-09,2697.79,7339.91
2018-05-10,2723.07,7404.97
2018-05-11,2727.72,7402.88
2018-05-14,2730.13,7411.32
2018-05-15,2711.45,7351.63
2018-05-16,2722.46,7398.3
2018-05-17,2720.13,7382.47
2018-05-18,2712.97,7354.34
2018-05-21,2733.01,7394.04
2018-05-22,2724.44,7378.46
2018-05-23,2733.29,7425.96
2018-05-24,2727.76,7424.43
2018-05-25,2721.33,7433.85
2018-05-28,2721.33,7433.85
2018-05-29,2689.86,7396.59
2018-05-30,2724.01,7462.45
2018-05-31,2705.27,7442.12
2018-06-01,2734.62,7554.33
2018-06-04,2746.87,7606.46
2018-06-05,2748.8,7637.86
2018-06-06,2772.35,7689.24
2018-06-07,2770.37,7635.07
2018-06-08,2779.03,7645.51
2018-06-11,2782.0,7659.93
2018-06-12,2786.85,7703.79
2018-06-13,2775.63,7695.7
2018-06-14,2782.49,7761.04
2018-06-15,2779.66,7746.38
2018-06-18,2773.75,7747.03
2018-06-19,2762.59,7725.59
2018-06-20,2767.32,7781.51
2018-06-21,2749.76,7712.95
2018-06-22,2754.88,7692.82
2018-06-25,2717.07,7532.01
2018-06-26,2723.06,7561.63
2018-06-27,2699.63,7445.08
2018-06-28,2716.31,7503.68
2018-06-29,2718.37,7510.3
2018-07-02,2726.71,7567.69
2018-07-03,2713.22,7502.67
2018-07-04,2713.22,7502.67
2018-07-05,2736.61,7586.43
2018-07-06,2759.82,7688.39
2018-07-09,2784.17,7756.2
2018-07-10,2793.84,7759.2
2018-07-11,2774.02,7716.61
2018-07-12,2798.29,7823.92
2018-07-13,2801.31,7825.98
2018-07-16,2798.43,7805.72
2018-07-17,2809.55,7855.12
2018-07-18,2815.62,7854.44
2018-07-19,2804.49,7825.3
2018-07-20,2801.83,7820.2
2018-07-23,2806.98,7841.87
2018-07-24,2820.4,7840.77
2018-07-25,2846.07,7932.24
2018-07-26,2837.44,7852.18
2018-07-27,2818.82,7737.42
2018-07-30,2802.6,7630.0
2018-07-31,2816.29,7671.79
2018-08-01,2813.36,7707.29
2018-08-02,2827.22,7802.69
2018-08-03,2840.35,7812.01
2018-08-06,2850.4,7859.68
2018-08-07,2858.45,7883.66
2018-08-08,2857.7,7888.33
2018-08-09,2853.58,7891.78
2018-08-10,2833.28,7839.11
2018-08-13,2821.93,7819.71
2018-08-14,2839.96,7870.89
2018-08-15,2818.37,7774.12
2018-08-16,2840.69,7806.52
2018-08-17,2850.13,7816.33
2018-08-20,2857.05,7821.01
2018-08-21,2862.96,7859.17
2018-08-22,2861.82,7889.1
2018-08-23,2856.98,7878.46
2018-08-24,2874.69,7945.98
2018-08-27,2896.74,8017.9
2018-08-28,2897.52,8030.04
2018-08-29,2914.04,8109.69
2018-08-30,2901.13,8088.36
2018-08-31,2901.52,8109.54
2018-09-03,2901.52,8109.54
2018-09-04,2896.72,8091.25
2018-09-05,2888.6,7995.17
2018-09-06,2878.05,7922.73
2018-09-07,2871.68,7902.54
2018-09-10,2877.13,7924.16
2018-09-11,2887.89,7972.47
2018-09-12,2888.92,7954.23
2018-09-13,2904.18,8013.71
2018-09-14,2904.98,8010.04
2018-09-17,2888.8,7895.79
2018-09-18,2904.31,7956.11
2018-09-19,2907.95,7950.04
2018-09-20,2930.75,8028.23
2018-09-21,2929.67,7986.96
2018-09-24,2919.37,7993.25
2018-09-25,2915.56,8007.47
2018-09-26,2905.97,7990.37
2018-09-27,2914.0,8041.97
2018-09-28,2913.98,8046.35
2018-10-01,2924.59,8037.3
2018-10-02,2923.43,7999.55
2018-10-03,2925.51,8025.09
2018-10-04,2901.61,7879.51
2018-10-05,2885.57,7788.45
2018-10-08,2884.43,7735.95
2018-10-09,2880.34,7738.02
2018-10-10,2785.68,7422.05
2018-10-11,2728.37,7329.06
2018-10-12,2767.13,7496.89
2018-10-15,2750.79,7430.74
2018-10-16,2809.92,7645.49
2018-10-17,2809.21,7642.7
2018-10-18,2768.78,7485.14
2018-10-19,2767.78,7449.03
2018-10-22,2755.88,7468.63
2018-10-23,2740.69,7437.54
2018-10-24,2656.1,7108.4
2018-10-25,2705.57,7318.34
2018-10-26,2658.69,7167.21
2018-10-29,2641.25,7050.29
2018-10-30,2682.63,7161.65
2018-10-31,2711.74,7305.9
2018-11-01,2740.37,7434.06
2018-11-02,2723.06,7356.99
2018-11-05,2738.31,7328.85
2018-11-06,2755.45,7375.96
2018-11-07,2813.89,7570.75
2018-11-08,2806.83,7530.88
2018-11-09,2781.01,7406.9
2018-11-12,2726.22,7200.87
2018-11-13,2722.18,7200.87
2018-11-14,2701.58,7136.39
2018-11-15,2730.2,7259.03
2018-11-16,2736.27,7247.87
2018-11-19,2690.73,7028.48
2018-11-20,2641.89,6908.82
2018-11-21,2649.93,6972.25
2018-11-22,2649.93,6972.25
2018-11-23,2632.56,6938.98
2018-11-26,2673.45,7081.85
2018-11-27,2682.17,7082.7
2018-11-28,2743.79,7291.59
2018-11-29,2737.76,7273.08
2018-11-30,2760.17,7330.54
2018-12-03,2790.37,7441.51
2018-12-04,2700.06,7158.43
2018-12-05,2700.06,7158.43
2018-12-06,2695.95,7188.26
2018-12-07,2633.08,6969.25
2018-12-10,2637.72,7020.52
2018-12-11,2636.78,7031.83
2018-12-12,2651.07,7098.31
2018-12-13,2650.54,7070.33
2018-12-14,2599.95,6910.66
2018-12-17,2545.94,6753.73
2018-12-18,2546.16,6783.91
2018-12-19,2506.96,6636.83
2018-12-20,2467.42,6528.41
2018-12-21,2416.62,6332.99
2018-12-24,2351.1,6192.92
2018-12-25,2351.1,6192.92
2018-12-26,2467.7,6554.36
2018-12-27,2488.83,6579.49
2018-12-28,2485.74,6584.52
2018-12-31,2506.85,6635.28
2019-01-01,2506.85,6635.28
2019-01-02,2510.03,6665.94
2019-01-03,2447.89,6463.5
2019-01-04,2531.94,6738.86
2019-01-07,2549.69,6823.47
2019-01-08,2574.41,6897.0
2019-01-09,2584.96,6957.08
2019-01-10,2596.64,6986.07
2019-01-11,2596.26,6971.48
2019-01-14,2582.61,6905.92
2019-01-15,2610.3,7023.83
2019-01-16,2616.1,7034.69
2019-01-17,2635.96,7084.46
2019-01-18,2670.71,7157.23
2019-01-21,2670.71,7157.23
2019-01-22,2632.9,7020.36
2019-01-23,2638.7,7025.77
2019-01-24,2642.33,7073.46
2019-01-25,2664.76,7164.86
2019-01-28,2643.85,7085.68
2019-01-29,2640.0,7028.29
2019-01-30,2681.05,7183.08
2019-01-31,2704.1,7281.74
2019-02-01,2706.53,7263.87
2019-02-04,2724.87,7347.54
2019-02-05,2737.7,7402.08
2019-02-06,2731.61,7375.28
2019-02-07,2706.05,7288.35
2019-02-08,2707.88,7298.2
2019-02-11,2709.8,7307.9
2019-02-12,2744.73,7414.62
2019-02-13,2753.03,7420.38
2019-02-14,2745.73,7426.95
2019-02-15,2775.6,7472.41
2019-02-18,2775.6,7472.41
2019-02-19,2779.76,7486.77
2019-02-20,2784.7,7489.07
2019-02-21,2774.88,7459.71
2019-02-22,2792.67,7527.54
2019-02-25,2796.11,7554.46
2019-02-26,2793.9,7549.3
2019-02-27,2792.38,7554.51
2019-02-28,2784.49,7532.53
2019-03-01,2803.69,7595.35
2019-03-04,2792.81,7577.57
2019-03-05,2789.65,7576.36
2019-03-06,2771.45,7505.92
2019-03-07,2748.93,7421.46
2019-03-08,2743.07,7408.14
2019-03-11,2783.3,7558.06
2019-03-12,2791.52,7591.03
2019-03-13,2810.92,7643.41
2019-03-14,2808.48,7630.91
2019-03-15,2822.48,7688.53
2019-03-18,2832.94,7714.48
2019-03-19,2832.57,7723.95
2019-03-20,2824.23,7728.97
2019-03-21,2854.88,7838.96
2019-03-22,2800.71,7642.67
2019-03-25,2798.36,7637.54
2019-03-26,2818.46,7691.52
2019-03-27,2805.37,7643.38
2019-03-28,2815.44,7669.17
2019-03-29,2834.4,7729.32
2019-04-01,2867.19,7828.91
2019-04-02,2867.24,7848.69
2019-04-03,2873.4,7895.55
2019-04-04,2879.39,7891.78
2019-04-05,2892.74,7938.69
2019-04-08,2895.77,7953.88
2019-04-09,2878.2,7909.28
2019-04-10,2888.21,7964.24
2019-04-11,2888.32,7947.36
2019-04-12,2907.41,7984.16
2019-04-15,2905.58,7976.01
2019-04-16,2907.06,8000.23
2019-04-17,2900.45,7996.08
2019-04-18,2905.03,7998.06
2019-04-19,2905.03,7998.063
2019-04-22,2907.97,8015.27
2019-04-23,2933.68,8120.82
2019-04-24,2927.25,8102.01
2019-04-25,2926.17,8106.29
2019-04-26,2939.88,8133.96
2019-04-29,2943.03,8149.39
2019-04-30,2945.83,8095.39
2019-05-01,2923.73,8049.64
2019-05-02,2917.52,8036.77
2019-05-03,2945.64,8164.0
2019-05-06,2932.47,8123.29
2019-05-07,2884.05,7963.76
2019-05-08,2879.42,7943.32
2019-05-09,2870.72,7910.59
2019-05-10,2881.4,7916.94
2019-05-13,2811.87,7647.02
2019-05-14,2834.41,7734.49
2019-05-15,2850.96,7822.15
2019-05-16,2876.32,7898.05
2019-05-17,2859.53,7816.28
2019-05-20,2840.23,7702.38
2019-05-21,2864.36,7785.72
2019-05-22,2856.27,7750.84
2019-05-23,2822.24,7628.28
2019-05-24,2826.06,7637.01
2019-05-27,2826.06,7637.01
2019-05-28,2802.39,7607.35
2019-05-29,2783.02,7547.31
2019-05-30,2788.86,7567.72
2019-05-31,2752.06,7453.15
2019-06-03,2744.45,7333.02
2019-06-04,2803.27,7527.12
2019-06-05,2826.15,7575.48
2019-06-06,2843.49,7615.55
2019-06-07,2873.34,7742.1
2019-06-10,2886.73,7823.17
2019-06-11,2885.72,7822.57
2019-06-12,2879.84,7792.72
2019-06-13,2891.64,7837.13
2019-06-14,2886.98,7796.66
2019-06-17,2889.67,7845.02
2019-06-18,2917.75,7953.88
2019-06-19,2926.46,7987.32
2019-06-20,2954.18,8051.34
2019-06-21,2950.46,8031.71
2019-06-24,2945.35,8005.7
2019-06-25,2917.38,7884.72
2019-06-26,2913.78,7909.97
2019-06-27,2924.92,7967.76
2019-06-28,2941.76,8006.24
2019-07-01,2964.33,8091.16
2019-07-02,2973.01,8109.09
2019-07-03,2995.82,8170.23
2019-07-04,2995.82,8170.23
2019-07-05,2990.41,8161.79
2019-07-08,2975.95,8098.38
2019-07-09,2979.63,8141.73
2019-07-10,2993.07,8202.53
2019-07-11,2999.91,8196.04
2019-07-12,3013.77,8244.14
2019-07-15,3014.3,8258.19
2019-07-16,3004.04,8222.8
2019-07-17,2984.42,8185.21
2019-07-18,2995.11,8207.24
2019-07-19,2976.61,8146.49
2019-07-22,2985.03,8204.14
2019-07-23,3005.47,8251.4
2019-07-24,3019.56,8321.5
2019-07-25,3003.67,8238.54
2019-07-26,3025.86,8330.21
2019-07-29,3020.97,8293.33
2019-07-30,3013.18,8273.61
2019-07-31,2980.38,8175.42
2019-08-01,2953.56,8111.12
2019-08-02,2932.05,8004.07
2019-08-05,2844.74,7726.04
2019-08-06,2881.77,7833.27
2019-08-07,2883.98,7862.83
2019-08-08,2938.09,8039.16
2019-08-09,2918.65,7959.14
2019-08-12,2883.75,7863.41
2019-08-13,2926.32,8016.36
2019-08-14,2840.6,7773.94
2019-08-15,2847.6,7766.62
2019-08-16,2888.68,7895.99
2019-08-19,2923.65,8002.81
2019-08-20,2900.51,7948.56
2019-08-21,2924.43,8020.21
2019-08-22,2922.95,7991.39
2019-08-23,2847.11,7751.77
2019-08-26,2878.38,7853.74
2019-08-27,2869.16,7826.95
2019-08-28,2887.94,7856.88
2019-08-29,2924.58,7973.39
2019-08-30,2926.46,7962.88
2019-09-02,2926.46,7962.88
2019-09-03,2906.27,7874.16
2019-09-04,2937.78,7976.88
2019-09-05,2976.0,8116.83
2019-09-06,2978.71,8103.07
2019-09-09,2978.43,8087.44
2019-09-10,2979.39,8084.16
2019-09-11,3000.93,8169.68
2019-09-12,3009.57,8194.47
2019-09-13,3007.39,8176.71
2019-09-16,2997.96,8153.54
2019-09-17,3005.7,8186.02
2019-09-18,3006.73,8177.39
2019-09-19,3006.79,8182.88
2019-09-20,2992.07,8117.67
2019-09-23,2991.78,8112.46
2019-09-24,2966.6,7993.63
2019-09-25,2984.87,8077.38
2019-09-26,2977.62,8030.66
2019-09-27,2961.79,7939.63
2019-09-30,2976.74,7999.33
2019-10-01,2940.25,7908.67
2019-10-02,2887.61,7785.23
2019-10-03,2910.63,7872.25
2019-10-04,2952.01,7982.46
2019-10-07,2938.79,7956.28
2019-10-08,2893.06,7823.76
2019-10-09,2919.4,7903.73
2019-10-10,2938.13,7950.77
2019-10-11,2970.27,8057.04
2019-10-14,2966.15,8048.65
2019-10-15,2995.68,8148.71
2019-10-16,2989.69,8124.18
2019-10-17,2997.95,8156.85
2019-10-18,2986.2,8089.54
2019-10-21,3006.72,8162.99
2019-10-22,2995.99,8104.3
2019-10-23,3004.52,8119.79
2019-10-24,3010.29,8185.8
2019-10-25,3022.55,8243.12
2019-10-28,3039.42,8325.99
2019-10-29,3036.89,8276.85
2019-10-30,3046.77,8303.98
2019-10-31,3037.56,8292.36
2019-11-01,3066.91,8386.4
2019-11-04,3078.27,8433.2
2019-11-05,3074.62,8434.68
2019-11-06,3076.78,8410.63
2019-11-07,3085.18,8434.52
2019-11-08,3093.08,8475.31
2019-11-11,3087.01,8464.28
2019-11-12,3091.84,8486.09
2019-11-13,3094.04,8482.1
2019-11-14,3096.63,8479.02
2019-11-15,3120.46,8540.83
2019-11-18,3122.03,8549.94
2019-11-19,3120.18,8570.66
2019-11-20,3108.46,8526.73
2019-11-21,3103.54,8506.21
2019-11-22,3110.29,8519.88
2019-11-25,3133.64,8632.49
2019-11-26,3140.52,8647.93
2019-11-27,3153.63,8705.18
2019-11-28,3153.63,8705.18
2019-11-29,3140.98,8665.47
2019-12-02,3113.87,8567.99
2019-12-03,3093.2,8520.64
2019-12-04,3112.76,8566.67
2019-12-05,3117.43,8570.7
2019-12-06,3145.91,8656.53
2019-12-09,3135.96,8621.83
2019-12-10,3132.52,8616.18
2019-12-11,3141.63,8654.05
2019-12-12,3168.57,8717.32
2019-12-13,3168.8,8734.88
2019-12-16,3191.45,8814.23
2019-12-17,3192.52,8823.36
2019-12-18,3191.14,8827.73
2019-12-19,3205.37,8887.22
2019-12-20,3221.22,8924.96
2019-12-23,3224.01,8945.65
2019-12-24,3223.38,8952.88
2019-12-25,3223.38,8952.88
2019-12-26,3239.91,9022.39
2019-12-27,3240.02,9006.62
2019-12-30,3221.29,8945.99
2019-12-31,3230.78,8972.6
2020-01-01,3230.78,8972.6
2020-01-02,3257.85,9092.19
2020-01-03,3234.85,9020.77
2020-01-06,3246.28,9071.46
2020-01-07,3237.18,9068.58
2020-01-08,3253.05,9129.24
2020-01-09,3274.7,9203.43
2020-01-10,3265.35,9178.86
2020-01-13,3288.13,9273.93
2020-01-14,3283.15,9251.33
2020-01-15,3289.29,9258.7
2020-01-16,3316.81,9357.13
2020-01-17,3329.62,9388.94
2020-01-20,3329.62,9388.94
2020-01-21,3320.79,9370.81
2020-01-22,3321.75,9383.77
2020-01-23,3325.54,9402.48
2020-01-24,3295.47,9314.91
2020-01-27,3243.63,9139.31
2020-01-28,3276.24,9269.68
2020-01-29,3273.4,9275.16
2020-01-30,3283.66,9298.93
2020-01-31,3225.52,9150.94
2020-02-03,3248.92,9273.4
2020-02-04,3297.59,9467.97
2020-02-05,3334.69,9508.68
2020-02-06,3345.78,9572.15
2020-02-07,3327.71,9520.51
2020-02-10,3352.09,9628.39
2020-02-11,3357.75,9638.94
2020-02-12,3379.45,9725.96
2020-02-13,3373.94,9711.97
2020-02-14,3380.16,9731.18
2020-02-17,3380.16,9731.18
2020-02-18,3370.29,9732.74
2020-02-19,3386.15,9817.18
2020-02-20,3373.23,9750.96
2020-02-21,3337.75,9576.59
2020-02-24,3225.89,9221.28
2020-02-25,3128.21,8965.61
2020-02-26,3116.39,8980.77
2020-02-27,2978.76,8566.48
2020-02-28,2954.22,8567.37
2020-03-02,3090.23,8952.16
2020-03-03,3003.37,8684.09
2020-03-04,3130.12,9018.09
2020-03-05,3023.94,8738.6
2020-03-06,2972.37,8575.62
2020-03-09,2746.56,7950.68
2020-03-10,2882.23,8344.25
2020-03-11,2741.38,7952.05
2020-03-12,2480.64,7201.8
2020-03-13,2711.02,7874.88
2020-03-16,2386.13,6904.59
2020-03-17,2529.19,7334.78
2020-03-18,2398.1,6989.84
2020-03-19,2409.39,7150.58
2020-03-20,2304.92,6879.52
2020-03-23,2237.4,6860.67
2020-03-24,2447.33,7417.86
2020-03-25,2475.56,7384.3
2020-03-26,2630.07,7797.54
2020-03-27,2541.47,7502.38
2020-03-30,2626.65,7774.15
2020-03-31,2584.59,7700.1
2020-04-01,2470.5,7360.58
2020-04-02,2526.9,7487.31
2020-04-03,2488.65,7373.08
2020-04-06,2663.68,7913.24
2020-04-07,2659.41,7887.26
2020-04-08,2749.98,8090.9
2020-04-09,2789.82,8153.58
2020-04-10,2789.82,8153.58
2020-04-13,2761.63,8192.42
2020-04-14,2846.06,8515.74
2020-04-15,2783.36,8393.18
2020-04-16,2799.55,8532.36
2020-04-17,2874.56,8650.14
2020-04-20,2823.16,8560.73
2020-04-21,2736.56,8263.23
2020-04-22,2799.31,8495.38
2020-04-23,2797.8,8494.75
2020-04-24,2836.74,8634.52
2020-04-27,2878.48,8730.16
2020-04-28,2863.39,8607.73
2020-04-29,2939.51,8914.71
2020-04-30,2912.43,8889.55
2020-05-01,2830.71,8604.95
2020-05-04,2842.74,8710.71
2020-05-05,2868.44,8809.12
2020-05-06,2848.42,8854.39
2020-05-07,2881.19,8979.66
2020-05-08,2929.8,9121.32
2020-05-11,2930.32,9192.34
2020-05-12,2870.12,9002.55
2020-05-13,2820.0,8863.17
2020-05-14,2852.5,8943.72
2020-05-15,2863.7,9014.56
2020-05-18,2953.91,9234.83
2020-05-19,2922.94,9185.1
2020-05-20,2971.61,9375.78
2020-05-21,2948.51,9284.88
2020-05-22,2955.45,9324.59
2020-05-25,2955.45,9324.59
2020-05-26,2991.77,9340.22
2020-05-27,3036.13,9412.36
2020-05-28,3029.73,9368.99
2020-05-29,3044.31,9489.87
2020-06-01,3055.73,9552.05
2020-06-02,3080.82,9608.37
2020-06-03,3122.87,9682.91
2020-06-04,3112.35,9615.81
2020-06-05,3193.93,9814.08
2020-06-08,3232.39,9924.74
2020-06-09,3207.18,9953.75
2020-06-10,3190.14,10020.35
2020-06-11,3002.1,9492.73
2020-06-12,3041.31,9588.81
2020-06-15,3066.59,9726.02
2020-06-16,3124.74,9895.87
2020-06-17,3113.49,9910.53
2020-06-18,3115.34,9943.05
2020-06-19,3097.74,9946.12
2020-06-22,3117.86,10056.47
2020-06-23,3131.29,10131.37
2020-06-24,3050.33,9909.17
2020-06-25,3083.76,10017.0
2020-06-26,3009.05,9757.22
2020-06-29,3053.24,9874.15
2020-06-30,3100.29,10058.77
2020-07-01,3115.86,10154.63
2020-07-02,3130.01,10207.63
2020-07-03,3130.01,10207.63
2020-07-06,3179.72,10433.65
2020-07-07,3145.32,10343.89
2020-07-08,3169.94,10492.5
2020-07-09,3152.05,10547.75
2020-07-10,3185.04,10617.44
2020-07-13,3155.22,10390.84
2020-07-14,3197.52,10488.58
2020-07-15,3226.56,10550.49
2020-07-16,3215.57,10473.83
2020-07-17,3224.73,10503.19
2020-07-20,3251.84,10767.09
2020-07-21,3257.3,10680.36
2020-07-22,3276.02,10706.13
2020-07-23,3235.66,10461.42
2020-07-24,3215.63,10363.18
2020-07-27,3239.41,10536.27
2020-07-28,3218.44,10402.09
2020-07-29,3258.44,10542.94
2020-07-30,3246.22,10587.81
2020-07-31,3271.12,10745.27
2020-08-03,3294.61,10902.8
2020-08-04,3306.51,10941.17
2020-08-05,3327.77,10998.4
2020-08-06,3349.16,11108.07
2020-08-07,3351.28,11010.98
2020-08-10,3360.47,10968.36
2020-08-11,3333.69,10782.82
2020-08-12,3380.35,11012.24
2020-08-13,3373.43,11042.5
2020-08-14,3372.85,11019.3
2020-08-17,3381.99,11129.73
2020-08-18,3389.78,11210.84
2020-08-19,3374.85,11146.46
2020-08-20,3385.51,11264.95
2020-08-21,3397.16,11311.8
2020-08-24,3431.28,11379.72
2020-08-25,3443.62,11466.47
2020-08-26,3478.73,11665.06
2020-08-27,3484.55,11625.34
2020-08-28,3508.01,11695.63
2020-08-31,3500.31,11775.46
2020-09-01,3526.65,11939.67
2020-09-02,3580.84,12056.44
2020-09-03,3455.06,11458.1
2020-09-04,3426.96,11313.13
2020-09-07,3426.96,11313.13
2020-09-08,3331.84,10847.69
2020-09-09,3398.96,11141.56
2020-09-10,3339.19,10919.59
2020-09-11,3340.97,10853.55
2020-09-14,3383.54,11056.65
2020-09-15,3401.2,11190.32
2020-09-16,3385.49,11050.47
2020-09-17,3357.01,10910.28
2020-09-18,3319.47,10793.28
2020-09-21,3281.06,10778.94
2020-09-22,3315.57,10963.77
2020-09-23,3236.92,10633.15
2020-09-24,3246.59,10672.43
2020-09-25,3298.46,10913.73
2020-09-28,3351.6,11117.7
2020-09-29,3335.47,11085.42
2020-09-30,3363.0,11167.68
2020-10-01,3380.8,11326.61
2020-10-02,3348.44,11075.11
2020-10-05,3408.63,11332.58
2020-10-06,3360.95,11154.7
2020-10-07,3419.45,11364.7
2020-10-08,3446.83,11421.08
2020-10-09,3477.13,11580.05
2020-10-12,3534.22,11876.36
2020-10-13,3511.93,11864.0
2020-10-14,3488.67,11768.83
2020-10-15,3483.34,11713.97
2020-10-16,3483.81,11671.66
2020-10-19,3426.92,11478.98
2020-10-20,3443.12,11516.49
2020-10-21,3435.56,11484.69
2020-10-22,3453.49,11506.01
2020-10-23,3465.39,11548.28
2020-10-26,3400.97,11358.94
2020-10-27,3390.68,11431.35
2020-10-28,3271.03,11004.87
2020-10-29,3310.11,11185.59
2020-10-30,3269.96,10911.59
2020-11-02,3310.24,10957.61
2020-11-03,3369.16,11160.57
2020-11-04,3443.44,11590.78
2020-11-05,3510.45,11890.93
2020-11-06,3509.44,11895.23
2020-11-09,3550.5,11713.78
2020-11-10,3545.53,11553.86
2020-11-11,3572.66,11786.43
2020-11-12,3537.01,11709.59
2020-11-13,3585.15,11829.29
2020-11-16,3626.91,11924.13
2020-11-17,3609.53,11899.34
2020-11-18,3567.79,11801.6
2020-11-19,3581.87,11904.71
2020-11-20,3557.54,11854.97
2020-11-23,3577.59,11881.17
2020-11-24,3635.41,12037.33
2020-11-25,3629.65,12094.4
2020-11-26,3629.65,12094.4
2020-11-27,3638.35,12205.85
2020-11-30,3621.63,12198.74
2020-12-01,3662.45,12355.11
2020-12-02,3669.01,12349.37
2020-12-03,3666.72,12377.18
2020-12-04,3699.12,12464.23
2020-12-07,3691.96,12519.95
2020-12-08,3702.25,12582.77
2020-12-09,3672.82,12338.95
2020-12-10,3668.1,12405.81
2020-12-11,3663.46,12377.87
2020-12-14,3647.49,12440.04
2020-12-15,3694.62,12595.06
2020-12-16,3701.17,12658.19
2020-12-17,3722.48,12764.75
2020-12-18,3709.41,12755.64
2020-12-21,3694.92,12742.52
2020-12-22,3687.26,12807.92
2020-12-23,3690.01,12771.11
2020-12-24,3703.06,12804.73
2020-12-25,3703.06,12804.73
2020-12-28,3735.36,12899.42
2020-12-29,3727.04,12850.22
2020-12-30,3732.04,12870.0
2020-12-31,3756.07,12888.28
2021-01-01,3756.07,12888.28
2021-01-04,3700.65,12698.45
2021-01-05,3726.86,12818.96
2021-01-06,3748.14,12740.79
2021-01-07,3803.79,13067.48
2021-01-08,3824.68,13201.98
2021-01-11,3799.61,13036.43
2021-01-12,3801.19,13072.43
2021-01-13,3809.84,13128.95
2021-01-14,3795.54,13112.64
2021-01-15,3768.25,12998.5
2021-01-18,3768.25,12998.5
2021-01-19,3798.91,13197.18
2021-01-20,3851.85,13457.25
2021-01-21,3853.07,13530.91
2021-01-22,3841.47,13543.06
2021-01-25,3855.36,13635.99
2021-01-26,3849.62,13626.06
2021-01-27,3750.77,13270.6
2021-01-28,3787.38,13337.16
2021-01-29,3714.24,13070.69
2021-02-01,3773.86,13403.39
2021-02-02,3826.31,13612.78
2021-02-03,3830.17,13610.54
2021-02-04,3871.74,13777.74
2021-02-05,3886.83,13856.3
2021-02-08,3915.59,13987.64
2021-02-09,3911.23,14007.7
2021-02-10,3909.88,13972.53
2021-02-11,3916.38,14025.77
2021-02-12,3934.83,14095.47
2021-02-15,3934.83,14095.47
2021-02-16,3932.59,14047.5
2021-02-17,3931.33,13965.5
2021-02-18,3913.97,13865.36
2021-02-19,3906.71,13874.47
2021-02-22,3876.5,13533.05
2021-02-23,3881.37,13465.2
2021-02-24,3925.43,13597.97
2021-02-25,3829.34,13119.43
2021-02-26,3811.15,13192.35
2021-03-01,3901.82,13588.83
2021-03-02,3870.29,13358.79
2021-03-03,3819.72,12997.75
2021-03-04,3768.47,12723.47
2021-03-05,3841.94,12920.15
2021-03-08,3821.35,12609.16
2021-03-09,3875.44,13073.82
2021-03-10,3898.81,13068.83
2021-03-11,3939.34,13398.67
2021-03-12,3943.34,13319.86
2021-03-15,3968.94,13459.71
2021-03-16,3962.71,13471.57
2021-03-17,3974.12,13525.2
2021-03-18,3915.46,13116.17
2021-03-19,3913.1,13215.24
2021-03-22,3940.59,13377.54
2021-03-23,3910.52,13227.7
2021-03-24,3889.14,12961.89
2021-03-25,3909.52,12977.68
2021-03-26,3974.54,13138.72
2021-03-29,3971.09,13059.65
2021-03-30,3958.55,13045.39
2021-03-31,3972.89,13246.87
2021-04-01,4019.87,13480.11
2021-04-02,4019.87,13480.11
2021-04-05,4077.91,13705.59
2021-04-06,4073.94,13698.38
2021-04-07,4079.95,13688.84
2021-04-08,4097.17,13829.31
2021-04-09,4128.8,13900.19
2021-04-12,4127.99,13850.0
2021-04-13,4141.59,13996.1
2021-04-14,4124.66,13857.84
2021-04-15,4170.42,14038.76
2021-04-16,4185.47,14052.34
2021-04-19,4163.26,13914.77
2021-04-20,4134.94,13786.27
2021-04-21,4173.42,13950.22
2021-04-22,4134.98,13818.41
2021-04-23,4180.17,14016.81
2021-04-26,4187.62,14138.78
2021-04-27,4186.72,14090.22
2021-04-28,4183.18,14051.03
2021-04-29,4211.47,14082.55
2021-04-30,4181.17,13962.68
2021-05-03,4192.66,13895.12
2021-05-04,4164.66,13633.5
2021-05-05,4167.59,13582.42
2021-05-06,4201.62,13632.84
2021-05-07,4232.6,13752.24
2021-05-10,4188.43,13401.86
2021-05-11,4152.1,13389.43
2021-05-12,4063.04,13031.68
2021-05-13,4112.5,13124.99
2021-05-14,4173.85,13429.98
2021-05-17,4163.29,13379.05
2021-05-18,4127.83,13303.64
2021-05-19,4115.68,13299.74
2021-05-20,4159.12,13535.74
2021-05-21,4155.86,13470.99
2021-05-24,4197.05,13661.17
2021-05-25,4188.13,13657.17
2021-05-26,4195.99,13738.0
2021-05-27,4200.88,13736.28
2021-05-28,4204.11,13748.74
2021-05-31,4204.11,13748.74
2021-06-01,4202.04,13736.48
2021-06-02,4208.12,13756.33
2021-06-03,4192.85,13614.51
2021-06-04,4229.89,13814.49
2021-06-07,4226.52,13881.72
2021-06-08,4227.26,13924.91
2021-06-09,4219.55,13911.75
2021-06-10,4239.18,14020.33
2021-06-11,4247.44,14069.42
2021-06-14,4255.15,14174.14
2021-06-15,4246.59,14072.86
2021-06-16,4223.7,14039.68
2021-06-17,4221.86,14161.35
2021-06-18,4166.45,14030.38
2021-06-21,4224.79,14141.48
2021-06-22,4246.44,14253.27
2021-06-23,4241.84,14271.73
2021-06-24,4266.49,14369.71
2021-06-25,4280.7,14360.39
2021-06-28,4290.61,14500.51
2021-06-29,4291.8,14528.33
2021-06-30,4297.5,14503.95
2021-07-01,4319.94,14522.38
2021-07-02,4352.34,14639.33
2021-07-05,4352.34,14639.33
2021-07-06,4343.54,14663.64
2021-07-07,4358.13,14665.06
2021-07-08,4320.82,14559.78
2021-07-09,4369.55,14701.92
2021-07-12,4384.63,14733.24
2021-07-13,4369.21,14677.65
2021-07-14,4374.3,14644.95
2021-07-15,4360.03,14543.13
2021-07-16,4327.16,14427.24
2021-07-19,4258.49,14274.98
2021-07-20,4323.06,14498.88
2021-07-21,4358.69,14631.95
2021-07-22,4367.48,14684.6
2021-07-23,4411.79,14836.99
2021-07-26,4422.3,14840.71
2021-07-27,4401.46,14660.58
2021-07-28,4400.64,14762.58
2021-07-29,4419.15,14778.26
2021-07-30,4395.26,14672.68
2021-08-02,4387.16,14681.07
2021-08-03,4423.15,14761.29
2021-08-04,4402.66,14780.53
2021-08-05,4429.1,14895.12
2021-08-06,4436.52,14835.76
2021-08-09,4432.35,14860.18
2021-08-10,4436.75,14788.09
2021-08-11,4447.7,14765.14
2021-08-12,4460.83,14816.26
2021-08-13,4468.0,14822.9
2021-08-16,4479.71,14793.76
2021-08-17,4448.08,14656.18
2021-08-18,4400.27,14525.91
2021-08-19,4405.8,14541.79
2021-08-20,4441.67,14714.66
2021-08-23,4479.53,14942.65
2021-08-24,4486.23,15019.8
2021-08-25,4496.19,15041.86
2021-08-26,4470.0,14945.81
2021-08-27,4509.37,15129.5
2021-08-30,4528.79,15265.89
2021-08-31,4522.68,15259.24
2021-09-01,4524.09,15309.38
2021-09-02,4536.95,15331.18
2021-09-03,4535.43,15363.52
2021-09-06,4535.43,15363.52
2021-09-07,4520.03,15374.33
2021-09-08,4514.07,15286.64
2021-09-09,4493.28,15248.25
2021-09-10,4458.58,15115.49
2021-09-13,4468.73,15105.58
2021-09-14,4443.05,15037.76
2021-09-15,4480.7,15161.53
2021-09-16,4473.75,15181.92
2021-09-17,4432.99,15043.97
2021-09-20,4357.73,14713.9
2021-09-21,4354.19,14746.4
2021-09-22,4395.64,14896.85
2021-09-23,4448.98,15052.24
2021-09-24,4455.48,15047.7
2021-09-27,4443.11,14969.97
2021-09-28,4352.63,14546.68
2021-09-29,4359.46,14512.44
2021-09-30,4307.54,14448.58
2021-10-01,4357.04,14566.7
2021-10-04,4300.46,14255.48
2021-10-05,4345.72,14433.83
2021-10-06,4363.55,14501.91
2021-10-07,4399.76,14654.02
2021-10-08,4391.34,14579.54
2021-10-11,4361.19,14486.2
2021-10-12,4350.65,14465.92
2021-10-13,4363.8,14571.64
2021-10-14,4438.26,14823.43
2021-10-15,4471.37,14897.34
2021-10-18,4486.46,15021.81
2021-10-19,4519.63,15129.09
2021-10-20,4536.19,15121.68
2021-10-21,4549.78,15215.7
2021-10-22,4544.9,15090.2
2021-10-25,4566.48,15226.71
2021-10-26,4574.79,15235.71
2021-10-27,4551.68,15235.84
2021-10-28,4596.42,15448.12
2021-10-29,4605.38,15498.39
2021-11-01,4613.67,15595.92
2021-11-02,4630.65,15649.6
2021-11-03,4660.57,15811.58
2021-11-04,4680.06,15940.31
2021-11-05,4697.53,15971.59
2021-11-08,4701.7,15982.36
2021-11-09,4685.25,15886.54
2021-11-10,4646.71,15622.71
2021-11-11,4649.27,15704.28
2021-11-12,4682.85,15860.96
2021-11-15,4682.8,15853.85
2021-11-16,4700.9,15973.86
2021-11-17,4688.67,15921.57
2021-11-18,4704.54,15993.71
2021-11-19,4697.96,16057.44
2021-11-22,4682.94,15854.76
2021-11-23,4690.7,15775.14
2021-11-24,4701.46,15845.23
2021-11-25,4701.46,15845.23
2021-11-26,4594.62,15491.66
2021-11-29,4655.27,15782.83
2021-11-30,4567.0,15537.69
2021-12-01,4513.04,15254.05
2021-12-02,4577.1,15381.32
2021-12-03,4538.43,15085.47
2021-12-06,4591.67,15225.15
2021-12-07,4686.75,15686.92
2021-12-08,4701.21,15786.99
2021-12-09,4667.45,15517.37
2021-12-10,4712.02,15630.6
2021-12-13,4668.97,15413.28
2021-12-14,4634.09,15237.64
2021-12-15,4709.85,15565.58
2021-12-16,4668.67,15180.43
2021-12-17,4620.64,15169.68
2021-12-20,4568.02,14980.94
2021-12-21,4649.23,15341.09
2021-12-22,4696.56,15521.89
2021-12-23,4725.79,15653.37
2021-12-24,4725.79,15653.37
2021-12-27,4791.19,15871.26
2021-12-28,4786.35,15781.72
2021-12-29,4793.06,15766.22
2021-12-30,4778.73,15741.56
2021-12-31,4766.18,15644.97
2022-01-03,4796.56,15832.8
2022-01-04,4793.54,15622.72
2022-01-05,4700.58,15100.17
2022-01-06,4696.05,15080.86
2022-01-07,4677.03,14935.9
2022-01-10,4670.29,14942.83
2022-01-11,4713.07,15153.45
2022-01-12,4726.35,15188.39
2022-01-13,4659.03,14806.81
2022-01-14,4662.85,14893.75
2022-01-17,4662.85,14893.75
2022-01-18,4577.11,14506.9
2022-01-19,4532.76,14340.26
2022-01-20,4482.73,14154.02
2022-01-21,4397.94,13768.92
2022-01-24,4410.13,13855.13
2022-01-25,4356.45,13539.29
2022-01-26,4349.93,13542.12
2022-01-27,4326.51,13352.78
2022-01-28,4431.85,13770.57
2022-01-31,4515.55,14239.88
2022-02-01,4546.54,14346.0
2022-02-02,4589.38,14417.55
2022-02-03,4477.44,13878.82
2022-02-04,4500.53,14098.01
2022-02-07,4483.87,14015.67
2022-02-08,4521.54,14194.45
2022-02-09,4587.18,14490.37
2022-02-10,4504.08,14185.64
2022-02-11,4418.64,13791.15
2022-02-14,4401.67,13790.92
2022-02-15,4471.07,14139.76
2022-02-16,4475.01,14124.09
2022-02-17,4380.26,13716.72
2022-02-18,4348.87,13548.07
2022-02-21,4348.87,13548.07
2022-02-22,4304.76,13381.52
2022-02-23,4225.5,13037.49
2022-02-24,4288.7,13473.59
2022-02-25,4384.65,13694.62
2022-02-28,4373.94,13751.4
2022-03-01,4306.26,13532.46
2022-03-02,4386.54,13752.02
2022-03-03,4363.49,13537.94
2022-03-04,4328.87,13313.44
2022-03-07,4201.09,12830.96
2022-03-08,4170.7,12795.55
2022-03-09,4277.88,13255.55
2022-03-10,4259.52,13129.96
2022-03-11,4204.31,12843.81
2022-03-14,4173.11,12581.22
2022-03-15,4262.45,12948.62
2022-03-16,4357.86,13436.55
2022-03-17,4411.67,13614.78
2022-03-18,4463.12,13893.84
2022-03-21,4461.18,13838.46
2022-03-22,4511.61,14108.82
2022-03-23,4456.24,13922.6
2022-03-24,4520.16,14191.84
2022-03-25,4543.06,14169.3
2022-03-28,4575.52,14354.9
2022-03-29,4631.6,14619.64
2022-03-30,4602.45,14442.27
2022-03-31,4530.41,14220.52
2022-04-01,4545.86,14261.5
2022-04-04,4582.64,14532.55
2022-04-05,4525.12,14204.17
2022-04-06,4481.15,13888.82
2022-04-07,4500.21,13897.3
2022-04-08,4488.28,13711.0
2022-04-11,4412.53,13411.96
2022-04-12,4397.45,13371.57
2022-04-13,4446.59,13643.59
2022-04-14,4392.59,13351.08
2022-04-15,4392.59,13351.08
2022-04-18,4391.69,13332.36
2022-04-19,4462.21,13619.66
2022-04-20,4459.45,13453.07
2022-04-21,4393.66,13174.65
2022-04-22,4271.78,12839.29
2022-04-25,4296.12,13004.85
2022-04-26,4175.2,12490.74
2022-04-27,4183.96,12488.93
2022-04-28,4287.5,12871.53
2022-04-29,4131.93,12334.64
2022-05-02,4155.38,12536.02
2022-05-03,4175.48,12563.76
2022-05-04,4300.17,12964.86
2022-05-05,4146.87,12317.69
2022-05-06,4123.34,12144.66
2022-05-09,3991.24,11623.25
2022-05-10,4001.05,11737.67
2022-05-11,3935.18,11364.24
2022-05-12,3930.08,11370.96
2022-05-13,4023.89,11805.0
2022-05-16,4008.01,11662.79
2022-05-17,4088.85,11984.52
2022-05-18,3923.68,11418.15
2022-05-19,3900.79,11388.5
2022-05-20,3901.36,11354.62
2022-05-23,3973.75,11535.27
2022-05-24,3941.48,11264.45
2022-05-25,3978.73,11434.74
2022-05-26,4057.84,11740.65
2022-05-27,4158.24,12131.13
2022-05-30,4158.24,12131.13
2022-05-31,4132.15,12081.39
2022-06-01,4101.23,11994.46
2022-06-02,4176.82,12316.9
2022-06-03,4108.54,12012.73
2022-06-06,4121.43,12061.37
2022-06-07,4160.68,12175.23
2022-06-08,4115.77,12086.27
2022-06-09,4017.82,11754.23
2022-06-10,3900.86,11340.02
2022-06-13,3749.63,10809.23
2022-06-14,3735.48,10828.35
2022-06-15,3789.99,11099.15
2022-06-16,3666.77,10646.1
2022-06-17,3674.84,10798.35
2022-06-20,3674.84,10798.35
2022-06-21,3764.79,11069.3
2022-06-22,3759.89,11053.08
2022-06-23,3795.73,11232.19
2022-06-24,3911.74,11607.62
2022-06-27,3900.11,11524.55
2022-06-28,3821.55,11181.54
2022-06-29,3818.83,11177.89
2022-06-30,3785.38,11028.74
2022-07-01,3825.33,11127.85
2022-07-04,3825.33,11127.85
2022-07-05,3831.39,11322.24
2022-07-06,3845.08,11361.85
2022-07-07,3902.62,11621.35
2022-07-08,3899.38,11635.31
2022-07-11,3854.43,11372.6
2022-07-12,3818.8,11264.73
2022-07-13,3801.78,11247.58
2022-07-14,3790.38,11251.19
2022-07-15,3863.16,11452.42
2022-07-18,3830.85,11360.05
2022-07-19,3936.69,11713.15
2022-07-20,3959.9,11897.65
2022-07-21,3998.95,12059.61
2022-07-22,3961.63,11834.11
2022-07-25,3966.84,11782.67
2022-07-26,3921.05,11562.57
2022-07-27,4023.61,12032.42
2022-07-28,4072.43,12162.59
2022-07-29,4130.29,12390.69
2022-08-01,4118.63,12368.98
2022-08-02,4091.19,12348.76
2022-08-03,4155.17,12668.16
2022-08-04,4151.94,12720.58
2022-08-05,4145.19,12657.55
2022-08-08,4140.06,12644.46
2022-08-09,4122.47,12493.93
2022-08-10,4210.24,12854.8
2022-08-11,4207.27,12779.91
2022-08-12,4280.15,13047.19
2022-08-15,4297.14,13128.05
2022-08-16,4305.2,13102.55
2022-08-17,4274.04,12938.12
2022-08-18,4283.74,12965.34
2022-08-19,4228.48,12705.22
2022-08-22,4137.99,12381.57
2022-08-23,4128.73,12381.3
2022-08-24,4140.77,12431.53
2022-08-25,4199.12,12639.27
2022-08-26,4057.66,12141.71
2022-08-29,4030.61,12017.67
2022-08-30,3986.16,11883.14
2022-08-31,3955.0,11816.2
2022-09-01,3966.85,11785.13
2022-09-02,3924.26,11630.86
2022-09-05,3924.26,11630.86
2022-09-06,3908.19,11544.91
2022-09-07,3979.87,11791.9
2022-09-08,4006.18,11862.13
2022-09-09,4067.36,12112.31
2022-09-12,4110.41,12266.41
2022-09-13,3932.69,11633.57
2022-09-14,3946.01,11719.68
2022-09-15,3901.35,11552.36
2022-09-16,3873.33,11448.4
2022-09-19,3899.89,11535.02
2022-09-20,3855.93,11425.05
2022-09-21,3789.93,11220.19
2022-09-22,3757.99,11066.81
2022-09-23,3693.23,10867.93
2022-09-26,3655.04,10802.92
2022-09-27,3647.29,10829.5
2022-09-28,3719.04,11051.64
2022-09-29,3640.47,10737.51
2022-09-30,3585.62,10575.62
2022-10-03,3678.43,10815.43
2022-10-04,3790.93,11176.41
2022-10-05,3783.28,11148.64
2022-10-06,3744.52,11073.31
2022-10-07,3639.66,10652.4
2022-10-10,3612.39,10542.1
2022-10-11,3588.84,10426.19
2022-10-12,3577.03,10417.1
2022-10-13,3669.91,10649.15
2022-10-14,3583.07,10321.39
2022-10-17,3677.95,10675.8
2022-10-18,3719.98,10772.4
2022-10-19,3695.16,10680.51
2022-10-20,3665.78,10614.84
2022-10-21,3752.75,10859.72
2022-10-24,3797.34,10952.61
2022-10-25,3859.11,11199.12
2022-10-26,3830.6,10970.99
2022-10-27,3807.3,10792.67
2022-10-28,3901.06,11102.45
2022-10-31,3871.98,10988.15
2022-11-01,3856.1,10890.85
2022-11-02,3759.69,10524.8
2022-11-03,3719.89,10342.94
2022-11-04,3770.55,10475.25
2022-11-07,3806.8,10564.52
2022-11-08,3828.11,10616.2
2022-11-09,3748.57,10353.17
2022-11-10,3956.37,11114.15
2022-11-11,3992.93,11323.33
2022-11-14,3957.25,11196.22
2022-11-15,3991.73,11358.41
2022-11-16,3958.79,11183.66
2022-11-17,3946.56,11144.96
2022-11-18,3965.34,11146.06
2022-11-21,3949.94,11024.51
2022-11-22,4003.58,11174.41
2022-11-23,4027.26,11285.32
2022-11-24,4027.26,11285.32
2022-11-25,4026.12,11226.36
2022-11-28,3963.94,11049.5
2022-11-29,3957.63,10983.78
2022-11-30,4080.11,11468.0
2022-12-01,4076.57,11482.45
2022-12-02,4071.7,11461.5
2022-12-05,3998.84,11239.94
2022-12-06,3941.26,11014.89
2022-12-07,3933.92,10958.55
2022-12-08,3963.51,11082.0
2022-12-09,3934.38,11004.62
2022-12-12,3990.56,11143.74
2022-12-13,4019.65,11256.81
2022-12-14,3995.32,11170.89
2022-12-15,3895.75,10810.53
2022-12-16,3852.36,10705.41
2022-12-19,3817.66,10546.03
2022-12-20,3821.62,10547.11
2022-12-21,3878.44,10709.37
2022-12-22,3822.39,10476.12
2022-12-23,3844.82,10497.86
2022-12-26,3844.82,10497.86
2022-12-27,3829.25,10353.23
2022-12-28,3783.22,10213.29
2022-12-29,3849.28,10478.09
2022-12-30,3839.5,10466.48
2023-01-02,3839.5,10466.48
2023-01-03,3824.14,10386.98
2023-01-04,3852.97,10458.76
2023-01-05,3808.1,10305.24
2023-01-06,3895.08,10569.29
2023-01-09,3892.09,10635.65
2023-01-10,3919.25,10742.63
2023-01-11,3969.61,10931.67
2023-01-12,3983.17,11001.1
2023-01-13,3999.09,11079.16
2023-01-16,3999.09,11079.16
2023-01-17,3990.97,11095.11
2023-01-18,3928.86,10957.01
2023-01-19,3898.85,10852.27
2023-01-20,3972.61,11140.43
2023-01-23,4019.81,11364.41
2023-01-24,4016.95,11334.27
2023-01-25,4016.22,11313.36
2023-01-26,4060.43,11512.41
2023-01-27,4070.56,11621.71
2023-01-30,4017.77,11393.81
2023-01-31,4076.6,11584.55
2023-02-01,4119.21,11816.32
2023-02-02,4179.76,12200.82
2023-02-03,4136.48,12006.95
2023-02-06,4111.08,11887.45
2023-02-07,4164.0,12113.79
2023-02-08,4117.86,11910.52
2023-02-09,4081.5,11789.58
2023-02-10,4090.46,11718.12
2023-02-13,4137.29,11891.79
2023-02-14,4136.13,11960.15
2023-02-15,4147.6,12070.59
2023-02-16,4090.41,11855.83
2023-02-17,4079.09,11787.27
2023-02-20,4079.09,11787.27
2023-02-21,3997.34,11492.3
2023-02-22,3991.05,11507.07
2023-02-23,4012.32,11590.4
2023-02-24,3970.04,11394.94
2023-02-27,3982.24,11466.98
2023-02-28,3970.15,11455.54
2023-03-01,3951.39,11379.48
2023-03-02,3981.35,11462.98
2023-03-03,4045.64,11689.01
2023-03-06,4048.42,11675.74
2023-03-07,3986.37,11530.33
2023-03-08,3992.01,11576.0
2023-03-09,3918.32,11338.35
2023-03-10,3861.59,11138.89
2023-03-13,3855.76,11188.84
2023-03-14,3919.29,11428.15
2023-03-15,3891.93,11434.05
2023-03-16,3960.28,11717.28
2023-03-17,3916.64,11630.51
2023-03-20,3951.57,11675.54
2023-03-21,4002.87,11860.11
2023-03-22,3936.97,11669.96
2023-03-23,3948.72,11787.4
2023-03-24,3970.99,11823.96
2023-03-27,3977.53,11768.84
2023-03-28,3971.27,11716.08
2023-03-29,4027.81,11926.24
2023-03-30,4050.83,12013.47
2023-03-31,4109.31,12221.91
2023-04-03,4124.51,12189.45
2023-04-04,4100.6,12126.33
2023-04-05,4090.38,11996.86
2023-04-06,4105.02,12087.96
2023-04-07,4105.02,12087.96
2023-04-10,4109.11,12084.36
2023-04-11,4108.94,12031.88
2023-04-12,4091.95,11929.34
2023-04-13,4146.22,12166.27
2023-04-14,4137.64,12123.47
2023-04-17,4151.32,12157.72
2023-04-18,4154.87,12153.41
2023-04-19,4154.52,12157.23
2023-04-20,4129.79,12059.56
2023-04-21,4133.52,12072.46
2023-04-24,4137.04,12037.2
2023-04-25,4071.63,11799.16
2023-04-26,4055.99,11854.35
2023-04-27,4135.35,12142.24
2023-04-28,4169.48,12226.58
2023-05-01,4167.87,12212.6
2023-05-02,4119.58,12080.51
2023-05-03,4090.75,12025.33
2023-05-04,4061.22,11966.4
2023-05-05,4136.25,12235.41
2023-05-08,4138.12,12256.92
2023-05-09,4119.17,12179.55
2023-05-10,4137.64,12306.44
2023-05-11,4130.62,12328.51
2023-05-12,4124.08,12284.74
2023-05-15,4136.28,12365.21
2023-05-16,4109.9,12343.05
2023-05-17,4158.77,12500.57
2023-05-18,4198.05,12688.84
2023-05-19,4191.98,12657.9
2023-05-22,4192.63,12720.78
2023-05-23,4145.58,12560.25
2023-05-24,4115.24,12484.16
2023-05-25,4151.28,12698.09
2023-05-26,4205.45,12975.69
2023-05-29,4205.45,12975.69
2023-05-30,4205.52,13017.43
2023-05-31,4179.83,12935.29
2023-06-01,4221.02,13100.98
2023-06-02,4282.37,13240.77
2023-06-05,4273.79,13229.43
2023-06-06,4283.85,13276.42
2023-06-07,4267.52,13104.89
2023-06-08,4293.93,13238.52
2023-06-09,4298.86,13259.14
2023-06-12,4338.93,13461.92
2023-06-13,4369.01,13573.32
2023-06-14,4372.59,13626.48
2023-06-15,4425.84,13782.82
2023-06-16,4409.59,13689.57
2023-06-19,4409.59,13689.57
2023-06-20,4388.71,13667.29
2023-06-21,4365.69,13502.2
2023-06-22,4381.89,13630.61
2023-06-23,4348.33,13492.52
2023-06-26,4328.82,13335.78
2023-06-27,4378.41,13555.67
2023-06-28,4376.86,13591.75
2023-06-29,4396.44,13591.33
2023-06-30,4450.38,13787.92
2023-07-03,4455.59,13816.77
2023-07-04,4455.59,13816.77
2023-07-05,4446.82,13791.65
2023-07-06,4411.59,13679.04
2023-07-07,4398.95,13660.72
2023-07-10,4409.53,13685.48
2023-07-11,4439.26,13760.7
2023-07-12,4472.16,13918.96
2023-07-13,4510.04,14138.57
2023-07-14,4505.42,14113.7
2023-07-17,4522.79,14244.95
2023-07-18,4554.98,14353.64
2023-07-19,4565.72,14358.02
2023-07-20,4534.87,14063.31
2023-07-21,4536.34,14032.81
2023-07-24,4554.64,14058.87
2023-07-25,4567.46,14144.56
2023-07-26,4566.75,14127.28
2023-07-27,4537.41,14050.11
2023-07-28,4582.23,14316.66
2023-07-31,4588.96,14346.02
2023-08-01,4576.73,14283.91
2023-08-02,4513.39,13973.45
2023-08-03,4501.89,13959.72
2023-08-04,4478.03,13892.07
2023-08-07,4518.44,13977.12
2023-08-08,4499.38,13867.19
2023-08-09,4467.71,13705.08
2023-08-10,4468.83,13721.03
2023-08-11,4464.05,13644.85
2023-08-14,4489.72,13788.33
2023-08-15,4437.86,13631.05
2023-08-16,4404.33,13474.63
2023-08-17,4370.36,13316.93
2023-08-18,4369.71,13290.78
2023-08-21,4399.77,13497.59
2023-08-22,4387.55,13505.87
2023-08-23,4436.01,13721.03
2023-08-24,4376.31,13463.97
2023-08-25,4405.71,13590.65
2023-08-28,4433.31,13705.13
2023-08-29,4497.63,13943.76
2023-08-30,4514.87,14019.31
2023-08-31,4507.66,14034.97
2023-09-01,4515.77,14031.81
2023-09-04,4515.77,14031.81
2023-09-05,4496.83,14020.95
2023-09-06,4465.48,13872.47
2023-09-07,4451.14,13748.83
2023-09-08,4457.49,13761.53
2023-09-11,4487.46,13917.91
2023-09-12,4461.9,13773.63
2023-09-13,4467.44,13813.59
2023-09-14,4505.1,13926.05
2023-09-15,4450.32,13708.33
2023-09-18,4453.53,13710.24
2023-09-19,4443.95,13678.19
2023-09-20,4402.2,13469.13
2023-09-21,4330.0,13223.98
2023-09-22,4320.06,13211.81
2023-09-25,4337.44,13271.32
2023-09-26,4273.53,13063.61
2023-09-27,4274.51,13092.85
2023-09-28,4299.7,13201.28
2023-09-29,4288.05,13219.32
2023-10-02,4288.39,13307.77
2023-10-03,4229.45,13059.47
2023-10-04,4263.75,13236.01
2023-10-05,4258.19,13219.83
2023-10-06,4308.5,13431.34
2023-10-09,4335.66,13484.24
2023-10-10,4358.24,13562.84
2023-10-11,4376.95,13659.68
2023-10-12,4349.61,13574.22
2023-10-13,4327.78,13407.23
2023-10-16,4373.63,13567.98
2023-10-17,4373.2,13533.75
2023-10-18,4314.6,13314.3
2023-10-19,4278.0,13186.18
2023-10-20,4224.16,12983.81
2023-10-23,4217.04,13018.33
2023-10-24,4247.68,13139.87
2023-10-25,4186.77,12821.22
2023-10-26,4137.23,12595.61
2023-10-27,4117.37,12643.01
2023-10-30,4166.82,12789.48
2023-10-31,4193.8,12851.24
2023-11-01,4237.86,13061.47
2023-11-02,4317.78,13294.19
2023-11-03,4358.34,13478.28
2023-11-06,4365.98,13518.78
2023-11-07,4378.38,13639.86
2023-11-08,4382.78,13650.41
2023-11-09,4347.35,13521.45
2023-11-10,4415.24,13798.11
2023-11-13,4411.55,13767.74
2023-11-14,4495.7,14094.38
2023-11-15,4502.88,14103.84
2023-11-16,4508.24,14113.67
2023-11-17,4514.02,14125.48
2023-11-20,4547.38,14284.53
2023-11-21,4538.19,14199.98
2023-11-22,4556.62,14265.86
2023-11-23,4556.62,14265.86
2023-11-24,4559.34,14250.85
2023-11-27,4550.43,14241.02
2023-11-28,4554.89,14281.76
2023-11-29,4550.58,14258.49
2023-11-30,4567.8,14226.22
2023-12-01,4594.63,14305.03
2023-12-04,4569.78,14185.49
2023-12-05,4567.18,14229.91
2023-12-06,4549.34,14146.71
2023-12-07,4585.59,14339.99
2023-12-08,4604.37,14403.97
2023-12-11,4622.44,14432.49
2023-12-12,4643.7,14533.4
2023-12-13,4707.09,14733.96
2023-12-14,4719.55,14761.56
2023-12-15,4719.19,14813.92
2023-12-18,4740.56,14905.19
2023-12-19,4768.37,15003.22
2023-12-20,4698.35,14777.94
2023-12-21,4746.75,14963.87
2023-12-22,4754.63,14992.97
2023-12-25,4754.63,14992.97
2023-12-26,4774.75,15074.57
2023-12-27,4781.58,15099.18
2023-12-28,4783.35,15095.14
2023-12-29,4769.83,15011.35
2024-01-01,4769.83,15011.35
2024-01-02,4742.83,14765.94
2024-01-03,4704.81,14592.21
2024-01-04,4688.68,14510.3
2024-01-05,4697.24,14524.07
2024-01-08,4763.54,14843.77
2024-01-09,4756.5,14857.71
2024-01-10,4783.45,14969.65
2024-01-11,4780.24,14970.19
2024-01-12,4783.83,14972.76
2024-01-15,4783.83,14972.76
2024-01-16,4765.98,14944.35
2024-01-17,4739.21,14855.62
2024-01-18,4780.94,15055.65
2024-01-19,4839.81,15310.97
2024-01-22,4850.43,15360.29
2024-01-23,4864.6,15425.94
2024-01-24,4868.55,15481.92
2024-01-25,4894.16,15510.5
2024-01-26,4890.97,15455.36
2024-01-29,4927.93,15628.04
2024-01-30,4924.97,15509.9
2024-01-31,4845.65,15164.01
2024-02-01,4906.19,15361.64
2024-02-02,4958.61,15628.95
2024-02-05,4942.81,15597.68
2024-02-06,4954.23,15609.0
2024-02-07,4995.06,15756.64
2024-02-08,4997.91,15793.71
2024-02-09,5026.61,15990.66
2024-02-12,5021.84,15942.55
2024-02-13,4953.17,15655.6
2024-02-14,5000.62,15859.15
2024-02-15,5029.73,15906.17
2024-02-16,5005.57,15775.65
2024-02-19,5005.57,15775.65
2024-02-20,4975.51,15630.78
2024-02-21,4981.8,15580.87
2024-02-22,5087.03,16041.62
2024-02-23,5088.8,15996.82
2024-02-26,5069.53,15976.25
2024-02-27,5078.18,16035.3
2024-02-28,5069.76,15947.74
2024-02-29,5096.27,16091.92
2024-03-01,5137.08,16274.94
2024-03-04,5130.95,16207.51
2024-03-05,5078.65,15939.59
2024-03-06,5104.76,16031.54
2024-03-07,5157.36,16273.38
2024-03-08,5123.69,16085.11
2024-03-11,5117.94,16019.27
2024-03-12,5175.27,16265.64
2024-03-13,5165.31,16177.77
2024-03-14,5150.48,16128.53
2024-03-15,5117.09,15973.17
2024-03-18,5149.42,16103.45
2024-03-19,5178.51,16166.79
2024-03-20,5224.62,16369.41
2024-03-21,5241.53,16401.84
2024-03-22,5234.18,16428.82
2024-03-25,5218.19,16384.47
2024-03-26,5203.58,16315.7
2024-03-27,5248.49,16399.52
2024-03-28,5254.35,16379.46
2024-03-29,5254.35,16379.46
2024-04-01,5243.77,16396.83
2024-04-02,5205.81,16240.45
2024-04-03,5211.49,16277.46
2024-04-04,5147.21,16049.08
2024-04-05,5204.34,16248.52
2024-04-08,5202.39,16253.96
2024-04-09,5209.91,16306.64
2024-04-10,5160.64,16170.36
2024-04-11,5199.06,16442.2
2024-04-12,5123.41,16175.09
2024-04-15,5061.82,15885.02
2024-04-16,5051.41,15865.25
2024-04-17,5022.21,15683.37
2024-04-18,5011.12,15601.5
2024-04-19,4967.23,15282.01
2024-04-22,5010.6,15451.31
2024-04-23,5070.55,15696.64
2024-04-24,5071.63,15712.75
2024-04-25,5048.42,15611.76
2024-04-26,5099.96,15927.9
2024-04-29,5116.17,15983.08
2024-04-30,5035.69,15657.82
2024-05-01,5018.39,15605.48
2024-05-02,5064.2,15840.96
2024-05-03,5127.79,16156.33
2024-05-06,5180.74,16349.25
2024-05-07,5187.7,16332.56
2024-05-08,5187.67,16302.76
2024-05-09,5214.08,16346.26
2024-05-10,5222.68,16340.87
2024-05-13,5221.42,16388.24
2024-05-14,5246.68,16511.18
2024-05-15,5308.15,16742.39
2024-05-16,5297.1,16698.32
2024-05-17,5303.27,16685.97
2024-05-20,5308.13,16794.87
2024-05-21,5321.41,16832.62
2024-05-22,5307.01,16801.54
2024-05-23,5267.84,16736.03
2024-05-24,5304.72,16920.79
2024-05-27,5304.72,16920.79
2024-05-28,5306.04,17019.88
2024-05-29,5266.95,16920.58
2024-05-30,5235.48,16737.08
2024-05-31,5277.51,16735.02
2024-06-03,5283.4,16828.67
2024-06-04,5291.34,16857.05
2024-06-05,5354.03,17187.9
2024-06-06,5352.96,17173.12
2024-06-07,5346.99,17133.13
2024-06-10,5360.79,17192.53
2024-06-11,5375.32,17343.55
2024-06-12,5421.03,17608.44
2024-06-13,5433.74,17667.56
2024-06-14,5431.6,17688.88
2024-06-17,5473.23,17857.02
2024-06-18,5487.03,17862.23
2024-06-19,5487.03,17862.23
2024-06-20,5473.17,17721.59
2024-06-21,5464.62,17689.36
2024-06-24,5447.87,17496.82
2024-06-25,5469.3,17717.65
2024-06-26,5477.9,17805.16
2024-06-27,5482.87,17858.68
2024-06-28,5460.48,17732.6
2024-07-01,5475.09,17879.3
2024-07-02,5509.01,18028.76
2024-07-03,5537.02,18188.3
2024-07-04,5537.02,18188.3
2024-07-05,5567.19,18352.76
2024-07-08,5572.85,18403.74
2024-07-09,5576.98,18429.29
2024-07-10,5633.91,18647.45
2024-07-11,5584.54,18283.41
2024-07-12,5615.35,18398.45
2024-07-15,5631.22,18472.57
2024-07-16,5667.2,18509.34
2024-07-17,5588.27,17996.92
2024-07-18,5544.59,17871.22
2024-07-19,5505.0,17726.94
2024-07-22,5564.41,18007.57
2024-07-23,5555.74,17997.35
2024-07-24,5427.13,17342.41
2024-07-25,5399.22,17181.72
2024-07-26,5459.1,17357.88
2024-07-29,5463.54,17370.2
2024-07-30,5436.44,17147.42
2024-07-31,5522.3,17599.4
2024-08-01,5446.68,17194.15
2024-08-02,5346.56,16776.16
2024-08-05,5186.33,16200.08
2024-08-06,5240.03,16366.85
2024-08-07,5199.5,16195.81
2024-08-08,5319.31,16660.02
2024-08-09,5344.16,16745.3
2024-08-12,5344.39,16780.61
2024-08-13,5434.43,17187.61
2024-08-14,5455.21,17192.6
2024-08-15,5543.22,17594.5
2024-08-16,5554.25,17631.72
2024-08-19,5608.25,17876.77
2024-08-20,5597.12,17816.94
2024-08-21,5620.85,17918.99
2024-08-22,5570.64,17619.35
2024-08-23,5634.61,17877.79
2024-08-26,5616.84,17725.76
2024-08-27,5625.8,17754.82
2024-08-28,5592.18,17556.03
2024-08-29,5591.96,17516.43
2024-08-30,5648.4,17713.62
2024-09-02,5648.4,17713.62
2024-09-03,5528.93,17136.3
2024-09-04,5520.07,17084.3
2024-09-05,5503.41,17127.66
2024-09-06,5408.42,16690.83
2024-09-09,5471.05,16884.6
2024-09-10,5495.52,17025.88
2024-09-11,5554.13,17395.53
2024-09-12,5595.76,17569.68
2024-09-13,5626.02,17683.98
2024-09-16,5633.09,17592.13
2024-09-17,5634.58,17628.06
2024-09-18,5618.26,17573.3
2024-09-19,5713.64,18013.98
2024-09-20,5702.55,17948.32
2024-09-23,5718.57,17974.27
2024-09-24,5732.93,18074.52
2024-09-25,5722.26,18082.21
2024-09-26,5745.37,18190.29
2024-09-27,5738.17,18119.59
2024-09-30,5762.48,18189.17
2024-10-01,5708.75,17910.36
2024-10-02,5709.54,17925.12
2024-10-03,5699.94,17918.48
2024-10-04,5751.07,18137.85
2024-10-07,5695.94,17923.9
2024-10-08,5751.13,18182.92
2024-10-09,5792.04,18291.62
2024-10-10,5780.05,18282.05
2024-10-11,5815.03,18342.94
2024-10-14,5859.85,18502.69
2024-10-15,5815.26,18315.59
2024-10-16,5842.47,18367.08
2024-10-17,5841.47,18373.61
2024-10-18,5864.67,18489.55
2024-10-21,5853.98,18540.0
2024-10-22,5851.2,18573.13
2024-10-23,5797.42,18276.65
2024-10-24,5809.86,18415.49
2024-10-25,5808.12,18518.61
2024-10-28,5823.52,18567.19
2024-10-29,5832.92,18712.75
2024-10-30,5813.67,18607.93
2024-10-31,5705.45,18095.15
2024-11-01,5728.8,18239.92
2024-11-04,5712.69,18179.98
2024-11-05,5782.76,18439.17
2024-11-06,5929.04,18983.47
2024-11-07,5973.1,19269.46
2024-11-08,5995.54,19286.78
2024-11-11,6001.35,19298.76
2024-11-12,5983.99,19281.4
2024-11-13,5985.38,19230.73
2024-11-14,5949.17,19107.65
2024-11-15,5870.62,18680.12
2024-11-18,5893.62,18791.81
2024-11-19,5916.98,18987.47
2024-11-20,5917.11,18966.14
2024-11-21,5948.71,18972.42
2024-11-22,5969.34,19003.65
2024-11-25,5987.37,19054.84
2024-11-26,6021.63,19175.58
2024-11-27,5998.74,19060.48
2024-11-28,5998.74,19060.48
2024-11-29,6032.38,19218.17
2024-12-02,6047.15,19403.95
2024-12-03,6049.88,19480.91
2024-12-04,6086.49,19735.12
2024-12-05,6075.11,19700.72
2024-12-06,6090.27,19859.77
2024-12-09,6052.85,19736.69
2024-12-10,6034.91,19687.24
2024-12-11,6084.19,20034.89
2024-12-12,6051.25,19902.84
2024-12-13,6051.09,19926.72
2024-12-16,6074.08,20173.89
2024-12-17,6050.61,20109.06
2024-12-18,5872.16,19392.69
2024-12-19,5867.08,19372.77
2024-12-20,5930.85,19572.6
2024-12-23,5974.07,19764.89
2024-12-24,6040.04,20031.13
2024-12-25,6040.04,20031.13
2024-12-26,6037.59,20020.36
2024-12-27,5970.84,19722.03
2024-12-30,5906.94,19486.78
2024-12-31,5881.63,19310.79
2025-01-01,5881.63,19310.79
2025-01-02,5868.55,19280.79
2025-01-03,5942.47,19621.68
2025-01-06,5975.38,19864.98
2025-01-07,5909.03,19489.68
2025-01-08,5918.25,19478.88
2025-01-09,5918.25,19478.88
2025-01-10,5827.04,19161.63
2025-01-13,5836.22,19088.1
2025-01-14,5842.91,19044.39
2025-01-15,5949.91,19511.23
2025-01-16,5937.34,19338.29
2025-01-17,5996.66,19630.2
2025-01-20,5996.66,19630.2
2025-01-21,6049.24,19756.78
2025-01-22,6086.37,20009.34
2025-01-23,6118.71,20053.68
2025-01-24,6101.24,19954.3
2025-01-27,6012.28,19341.83
2025-01-28,6067.7,19733.59
2025-01-29,6039.31,19632.32
2025-01-30,6071.17,19681.75
2025-01-31,6040.53,19627.44
2025-02-03,5994.57,19391.96
2025-02-04,6037.88,19654.02
2025-02-05,6061.48,19692.33
2025-02-06,6083.57,19791.99
2025-02-07,6025.99,19523.4
2025-02-10,6066.44,19714.27
2025-02-11,6068.5,19643.86
2025-02-12,6051.97,19649.95
2025-02-13,6115.07,19945.64
2025-02-14,6114.63,20026.77
2025-02-17,6114.63,20026.77
2025-02-18,6129.58,20041.26
2025-02-19,6144.15,20056.25
2025-02-20,6117.52,19962.36
2025-02-21,6013.13,19524.01
2025-02-24,5983.25,19286.92
2025-02-25,5955.25,19026.39
2025-02-26,5956.06,19075.26
2025-02-27,5861.57,18544.42
2025-02-28,5954.5,18847.28
2025-03-03,5849.72,18350.19
2025-03-04,5778.15,18285.16
2025-03-05,5842.63,18552.73
2025-03-06,5738.52,18069.26
2025-03-07,5770.2,18196.22
2025-03-10,5614.56,17468.32
2025-03-11,5572.07,17436.1
2025-03-12,5599.3,17648.45
2025-03-13,5521.52,17303.01
2025-03-14,5638.94,17754.09
2025-03-17,5675.12,17808.66
2025-03-18,5614.66,17504.12
2025-03-19,5675.29,17750.79
2025-03-20,5662.89,17691.63
2025-03-21,5667.56,17784.05
2025-03-24,5767.57,18188.59
2025-03-25,5776.65,18271.86
2025-03-26,5712.2,17899.01
2025-03-27,5693.31,17804.03
2025-03-28,5580.94,17322.99
2025-03-31,5611.85,17299.29
2025-04-01,5633.07,17449.89
2025-04-02,5670.97,17601.05
2025-04-03,5396.52,16550.61
2025-04-04,5074.08,15587.79
2025-04-07,5062.25,15603.26
2025-04-08,4982.77,15267.91
2025-04-09,5456.9,17124.97
2025-04-10,5268.05,16387.31
2025-04-11,5363.36,16724.46
2025-04-14,5405.97,16831.48
2025-04-15,5396.63,16823.17
2025-04-16,5275.7,16307.16
2025-04-17,5282.7,16286.45
2025-04-18,5282.7,16286.45
2025-04-21,5158.2,15870.9
2025-04-22,5287.76,16300.42
2025-04-23,5375.86,16708.05
2025-04-24,5484.77,17166.04
2025-04-25,5525.21,17382.94
2025-04-28,5528.75,17366.13
2025-04-29,5560.83,17461.32
2025-04-30,5569.06,17446.34
2025-05-01,5604.14,17710.74
2025-05-02,5686.67,17977.73
2025-05-05,5650.38,17844.24
2025-05-06,5606.91,17689.66
2025-05-07,5631.28,17738.16
2025-05-08,5663.94,17928.14
2025-05-09,5659.91,17928.92
2025-05-12,5844.19,18708.34
2025-05-13,5886.55,19010.08
2025-05-14,5892.58,19146.81
2025-05-15,5916.93,19112.32
2025-05-16,5958.38,19211.1
2025-05-19,5963.6,19215.46
2025-05-20,5940.46,19142.71
2025-05-21,5844.61,18872.64
2025-05-22,5842.01,18925.73
2025-05-23,5802.82,18737.21
2025-05-26,5802.82,18737.21
2025-05-27,5921.54,19199.16
2025-05-28,5888.55,19100.94
2025-05-29,5912.17,19175.87
2025-05-30,5911.69,19113.77
2025-06-02,5935.94,19242.61
2025-06-03,5970.37,19398.96
2025-06-04,5970.81,19460.49
2025-06-05,5939.3,19298.45
2025-06-06,6000.36,19529.95
2025-06-09,6005.88,19591.24
2025-06-10,6038.81,19714.99
2025-06-11,6022.24,19615.88
2025-06-12,6045.26,19662.48
2025-06-13,5976.97,19406.83
2025-06-16,6033.11,19701.21
2025-06-17,5982.72,19521.09
2025-06-18,5980.87,19546.27
2025-06-19,5980.87,19546.27
2025-06-20,5967.84,19447.41
2025-06-23,6025.17,19630.97
2025-06-24,6092.18,19912.53
2025-06-25,6092.16,19973.55
2025-06-26,6141.02,20167.91
2025-06-27,6173.07,20273.46
2025-06-30,6204.95,20369.73
2025-07-01,6198.01,20202.89
2025-07-02,6227.42,20393.13
2025-07-03,6279.35,20601.1
2025-07-04,6279.35,20601.1
2025-07-07,6229.98,20412.52
2025-07-08,6225.52,20418.46
2025-07-09,6263.26,20611.34
2025-07-10,6280.46,20630.66
2025-07-11,6259.75,20585.53
2025-07-14,6268.56,20640.33
2025-07-15,6243.76,20677.8
2025-07-16,6263.7,20730.49
2025-07-17,6297.36,20885.65
2025-07-18,6296.79,20895.66
2025-07-21,6305.6,20974.17
2025-07-22,6309.62,20892.68
2025-07-23,6358.91,21020.02
2025-07-24,6363.35,21057.96
2025-07-25,6388.64,21108.32
2025-07-28,6389.77,21178.58
2025-07-29,6370.86,21098.29
2025-07-30,6362.9,21129.67
2025-07-31,6339.39,21122.45
2025-08-01,6238.01,20650.13
2025-08-04,6329.94,21053.58
2025-08-05,6299.19,20916.55
2025-08-06,6345.06,21169.42
2025-08-07,6340.0,21242.7
2025-08-08,6389.45,21450.02
2025-08-11,6373.45,21385.4
2025-08-12,6445.76,21681.9
2025-08-13,6466.58,21713.14
2025-08-14,6468.54,21710.67
2025-08-15,6449.8,21622.98
2025-08-18,6449.15,21629.77
2025-08-19,6411.37,21314.95
2025-08-20,6395.78,21172.86
2025-08-21,6370.17,21100.31
2025-08-22,6466.91,21496.53
2025-08-25,6439.32,21449.29
2025-08-26,6465.94,21544.27
2025-08-27,6481.4,21590.14
2025-08-28,6501.86,21705.16
2025-08-29,6460.26,21455.55
2025-09-01,6460.26,21455.55
2025-09-02,6415.54,21279.63
2025-09-03,6448.26,21497.73
2025-09-04,6502.08,21707.69
2025-09-05,6481.5,21700.39
2025-09-08,6495.15,21798.7
2025-09-09,6512.61,21879.49
2025-09-10,6532.04,21886.06
2025-09-11,6587.47,22043.07
2025-09-12,6584.29,22141.1
2025-09-15,6615.28,22348.75
2025-09-16,6606.76,22333.96
2025-09-17,6600.35,22261.33
2025-09-18,6631.96,22470.73
2025-09-19,6664.36,22631.48
2025-09-22,6693.75,22788.98
2025-09-23,6656.92,22573.47
2025-09-24,6637.97,22497.86
2025-09-25,6604.72,22384.7
2025-09-26,6643.7,22484.07
2025-09-29,6661.21,22591.15
2025-09-30,6688.46,22660.01
2025-10-01,6711.2,22755.16
2025-10-02,6715.35,22844.05
2025-10-03,6715.79,22780.51
2025-10-06,6740.28,22941.67
2025-10-07,6714.59,22788.36
2025-10-08,6753.72,23043.38
2025-10-09,6735.11,23024.63
2025-10-10,6552.51,22204.43
2025-10-13,6654.72,22694.61
2025-10-14,6644.31,22521.7
2025-10-15,6671.06,22670.08
2025-10-16,6629.07,22562.54
2025-10-17,6664.01,22679.97
2025-10-20,6735.13,22990.54
2025-10-21,6735.35,22953.67
2025-10-22,6699.4,22740.4
2025-10-23,6738.44,22941.8
2025-10-24,6791.69,23204.87
2025-10-27,6875.16,23637.46
2025-10-28,6890.89,23827.49
2025-10-29,6890.59,23958.47
2025-10-30,6822.34,23581.14
2025-10-31,6840.2,23724.96
2025-11-03,6851.97,23834.72
2025-11-04,6771.55,23348.64
2025-11-05,6796.29,23499.8
2025-11-06,6720.32,23053.99
2025-11-07,6728.8,23004.54
2025-11-10,6832.43,23527.17
2025-11-11,6846.61,23468.3
2025-11-12,6850.92,23406.46
2025-11-13,6737.49,22870.36
2025-11-14,6734.11,22900.59
2025-11-17,6672.41,22708.07
2025-11-18,6617.32,22432.85
2025-11-19,6642.16,22564.23
2025-11-20,6538.76,22078.05
2025-11-21,6602.99,22273.08
2025-11-24,6705.12,22872.01
2025-11-25,6765.88,23025.59
2025-11-26,6812.61,23214.69
2025-11-27,6812.61,23214.69
2025-11-28,6849.09,23365.69
2025-12-01,6812.63,23275.92
2025-12-02,6829.37,23413.67
2025-12-03,6849.72,23454.09
2025-12-04,6857.12,23505.14
2025-12-05,6870.4,23578.13
2025-12-08,6846.51,23545.9
2025-12-09,6840.51,23576.49
2025-12-10,6886.68,23654.16
2025-12-11,6901.0,23593.86
2025-12-12,6827.41,23195.17
2025-12-15,6816.51,23057.41
2025-12-16,6800.26,23111.46
2025-12-17,6721.43,22693.32
2025-12-18,6774.76,23006.36
2025-12-19,6834.5,23307.62
2025-12-22,6878.49,23428.83
2025-12-23,6909.79,23561.84
2025-12-24,6932.05,23613.31
2025-12-25,6932.05,23613.31
2025-12-26,6929.94,23593.1
2025-12-29,6905.74,23474.35
2025-12-30,6896.24,23419.08
2025-12-31,6845.5,23241.99
2026-01-01,6845.5,23241.99
2026-01-02,6858.47,23235.63
2026-01-05,6902.05,23395.82
2026-01-06,6944.82,23547.17
2026-01-07,6920.93,23584.27
2026-01-08,6921.46,23480.02
2026-01-09,6966.28,23671.35
2026-01-12,6977.27,23733.9
2026-01-13,6963.74,23709.87
2026-01-14,6926.6,23471.75
2026-01-15,6944.47,23530.02
2026-01-16,6940.01,23515.39
2026-01-19,6940.01,23515.39
2026-01-20,6796.86,22954.32
2026-01-21,6875.62,23224.82
2026-01-22,6913.35,23436.02
2026-01-23,6915.61,23501.24
2026-01-26,6950.23,23601.36
2026-01-27,6978.6,23817.1
2026-01-28,6978.03,23857.45
2026-01-29,6969.01,23685.12
2026-01-30,6939.03,23461.82
2026-02-02,6976.44,23592.11
2026-02-03,6917.81,23255.19
2026-02-04,6882.72,22904.58
2026-02-05,6798.4,22540.59
2026-02-06,6932.3,23031.21
2026-02-09,6964.82,23238.67
2026-02-10,6941.81,23102.47
2026-02-11,6941.47,23066.47
2026-02-12,6832.76,22597.15
2026-02-13,6836.17,22546.67
2026-02-16,6836.17,22546.67
2026-02-17,6843.22,22578.38
2026-02-18,6881.31,22753.63
2026-02-19,6861.89,22682.73
2026-02-20,6909.51,22886.07
2026-02-23,6837.75,22627.27
2026-02-24,6890.07,22863.68
2026-02-25,6946.13,23152.08
2026-02-26,6908.86,22878.38
2026-02-27,6878.88,22668.21
2026-03-02,6881.62,22748.86
2026-03-03,6816.63,22516.69
2026-03-04,6869.5,22807.48
2026-03-05,6830.71,22748.99
2026-03-06,6740.02,22387.68
2026-03-09,6795.99,22695.95
2026-03-10,6781.48,22697.1
2026-03-11,6775.8,22716.13
2026-03-12,6672.62,22311.98
2026-03-13,6632.19,22105.36
2026-03-16,6699.38,22374.18
2026-03-17,6716.09,22479.53
2026-03-18,6624.7,22152.42
2026-03-19,6606.49,22090.69
2026-03-20,6506.48,21647.61
2026-03-23,6581.0,21946.76
2026-03-24,6556.37,21761.89
2026-03-25,6591.9,21929.83
2026-03-26,6477.16,21408.08
2026-03-27,6368.85,20948.36
2026-03-30,6343.72,20794.64
2026-03-31,6528.52,21590.63
2026-04-01,6575.32,21840.95
2026-04-02,6582.69,21879.18
2026-04-03,6582.69,21879.18
2026-04-06,6611.83,21996.34
2026-04-07,6616.85,22017.85
2026-04-08,6782.81,22635.0
2026-04-09,6824.66,22822.42
2026-04-10,6816.89,22902.89
2026-04-13,6886.24,23183.74
2026-04-14,6967.38,23639.08
2026-04-15,7022.95,24016.02
2026-04-16,7041.28,24102.7
2026-04-17,7126.06,24468.48
2026-04-20,7109.14,24404.39
2026-04-21,7064.01,24259.96
2026-04-22,7137.9,24657.57
2026-04-23,7108.4,24438.5
2026-04-24,7165.08,24836.6
2026-04-27,7173.91,24887.1
2026-04-28,7138.8,24663.8
2026-04-29,7135.95,24673.24
2026-04-30,7209.01,24892.31
2026-05-01,7230.12,25114.44
2026-05-04,7200.75,25067.8
2026-05-05,7259.22,25326.13
2026-05-06,7365.12,25838.94
2026-05-07,7337.11,25806.2
2026-05-08,7398.93,26247.08
2026-05-11,7412.84,26274.13
2026-05-12,7400.96,26088.2
2026-05-13,7444.25,26402.34
2026-05-14,7501.24,26635.22
2026-05-15,7408.5,26225.14
2026-05-18,7403.05,26090.73
2026-05-19,7353.61,25870.71
2026-05-20,7432.97,26270.36
2026-05-21,7445.72,26293.1
2026-05-22,7473.47,26343.97
2026-05-25,7473.47,26343.97
2026-05-26,7519.12,26656.18
2026-05-27,7520.36,26674.73
2026-05-28,7563.63,26917.47
2026-05-29,7580.06,26972.62
2026-06-01,7599.96,27086.81
2026-06-02,7609.78,27093.9
2026-06-03,7553.68,26853.98
2026-06-04,7584.31,26830.96
2026-06-05,7383.74,25709.43
2026-06-08,7405.73,25929.66
2026-06-09,7386.65,25678.82
2026-06-10,7266.99,25169.5
2026-06-11,7394.3,25809.66
2026-06-12,7431.46,25888.84
2026-06-15,7554.29,26683.94
2026-06-16,7511.35,26376.34
2026-06-17,7420.1,26021.66
2026-06-18,7500.58,26517.93
2026-06-19,7500.58,26517.93
2026-06-22,7472.79,26166.6
2026-06-23,7365.46,25587.04
2026-06-24,7358.22,25476.64
2026-06-25,7357.49,25358.6
2026-06-26,7354.02,25297.62
2026-06-29,7440.43,25820.14
2026-06-30,7499.36,26213.72
2026-07-01,7483.23,26040.03
2026-07-02,7483.24,25832.67
2026-07-03,7483.24,25832.67
2026-07-06,7537.43,26121.16
2026-07-07,7503.85,25818.69
2026-07-08,7482.71,25870.65
2026-07-09,7543.64,26206.89
2026-07-10,7575.39,26281.61
2026-07-13,7515.34,25873.18
2026-07-14,7543.59,26107.01
2026-07-15,7572.4,26269.23
2026-07-16,7533.77,25881.95
2026-07-17,7457.69,25520.24
2026-07-20,7443.28,25508.07
2026-07-21,7509.2,25837.21
2026-07-22,7498.96,25690.9
2026-07-23,7408.3,25137.69
2026-07-24,7411.98,24975.82
