observation_date,SP500,NASDAQCOM
1971-02-08,0.0,0.008399999999999963
1971-02-09,0.0,-0.0007933359777865245
1971-02-10,0.0,-0.0006947201270346426
1971-02-11,0.0,0.007547919356440502
1971-02-12,0.0,0.005914243469689495
1971-02-15,0.0,0.0
1971-02-16,0.0,0.0013718765311121484
1971-02-17,0.0,-0.004403561992367133
1971-02-18,0.0,-0.003145272262630172
1971-02-19,0.0,-0.007099191480970157
1971-02-22,0.0,-0.0101290963257199
1971-02-23,0.0,0.00040128410914919144
1971-02-24,0.0,0.00922583233052543
1971-02-25,0.0,0.005862480127186043
1971-02-26,0.0,0.0010866343969178072
1971-03-01,0.0,0.004341819617130538
1971-03-02,0.0,0.0005895067793280084
1971-03-03,0.0,0.002258444619010147
1971-03-04,0.0,0.006956010580973837
1971-03-05,0.0,0.007102549134072822
1971-03-08,0.0,0.00695584967635976
1971-03-09,0.0,0.0017269500143912708
1971-03-10,0.0,-0.0025859591993103725
1971-03-11,0.0,0.0011522949875168997
1971-03-12,0.0,0.0023019374640322887
1971-03-15,0.0,0.006028708133971161
1971-03-16,0.0,0.004090174070198849
1971-03-17,0.0,-0.0005683971201212445
1971-03-18,0.0,0.003601895734597127
1971-03-19,0.0,-0.0010389119758217324
1971-03-22,0.0,-0.0037817906778858656
1971-03-23,0.0,-0.0024674954920755887
1971-03-24,0.0,-0.003900675482827465
1971-03-25,0.0,-0.0009551098376313627
1971-03-26,0.0,0.004493307839388061
1971-03-29,0.0,0.0012372703911678329
1971-03-30,0.0,0.0022813688212928174
1971-03-31,0.0,0.00502655538694996
1971-04-01,0.0,0.0034915542134565936
1971-04-02,0.0,0.004889975550122161
1971-04-05,0.0,0.0029009919520868177
1971-04-06,0.0,0.0036390781002146877
1971-04-07,0.0,0.00464856824098181
1971-04-08,0.0,0.002961317786414952
1971-04-09,0.0,0.0
1971-04-12,0.0,0.004521129359660536
1971-04-13,0.0,-0.00018370533664013866
1971-04-14,0.0,0.0021129995406523605
1971-04-15,0.0,0.005592225889255564
1971-04-16,0.0,0.002461482359376488
1971-04-19,0.0,0.0018188432157149048
1971-04-20,0.0,-0.005718954248365993
1971-04-21,0.0,-9.129918743733256e-05
1971-04-22,0.0,0.004291453615777874
1971-04-23,0.0,0.006364214928629819
1971-04-26,0.0,0.003975065498238228
1971-04-27,0.0,0.0050391433456311585
1971-04-28,0.0,0.0060882800608828
1971-04-29,0.0,0.0008009255139271865
1971-04-30,0.0,-0.001422728081095448
1971-05-03,0.0,-0.008459483526268907
1971-05-04,0.0,0.003771890435563474
1971-05-05,0.0,-0.0008052250156570517
1971-05-06,0.0,-0.005551575931232122
1971-05-07,0.0,-0.003601656762110661
1971-05-10,0.0,-0.004608711368154661
1971-05-11,0.0,0.0016341352700861567
1971-05-12,0.0,0.0003625487174838682
1971-05-13,0.0,0.0016308779559661701
1971-05-14,0.0,0.0017186793306196435
1971-05-17,0.0,-0.014357955571609127
1971-05-18,0.0,-0.006871278057718699
1971-05-19,0.0,-0.0006457564575645947
1971-05-20,0.0,0.003600110772639109
1971-05-21,0.0,0.001195732155996998
1971-05-24,0.0,-0.00395039044556722
1971-05-25,0.0,-0.008485519276886233
1971-05-26,0.0,0.000279069767441964
1971-05-27,0.0,0.0006509811215473782
1971-05-28,0.0,0.006040892193308611
1971-05-31,0.0,0.0
1971-06-01,0.0,0.005727482678983931
1971-06-02,0.0,0.0063378341140809535
1971-06-03,0.0,0.006024096385542244
1971-06-04,0.0,0.003992015968063756
1971-06-07,0.0,0.0009036688957166916
1971-06-08,0.0,-0.006681112314915194
1971-06-09,0.0,-0.002090528994728169
1971-06-10,0.0,0.0024592403679752906
1971-06-11,0.0,0.0012720334363074404
1971-06-14,0.0,-0.005716878402903913
1971-06-15,0.0,-0.0019165830062972677
1971-06-16,0.0,0.000731528895391298
1971-06-17,0.0,0.0
1971-06-18,0.0,-0.011695906432748537
1971-06-21,0.0,-0.015347633136094663
1971-06-22,0.0,-0.00948356807511741
1971-06-23,0.0,0.004739785761683546
1971-06-24,0.0,0.0035852438909331763
1971-06-25,0.0,0.0017862179185861304
1971-06-28,0.0,-0.0010322822822822486
1971-06-29,0.0,0.007233442930953515
1971-06-30,0.0,0.005409438537586242
1971-07-01,0.0,0.006215213358070626
1971-07-02,0.0,0.002765741679727096
1971-07-05,0.0,0.0
1971-07-06,0.0,0.004229107290613321
1971-07-07,0.0,0.007140895358417998
1971-07-08,0.0,0.003726933915098707
1971-07-09,0.0,0.004437601883716669
1971-07-12,0.0,0.0029753854476601838
1971-07-13,0.0,-0.004314994606256617
1971-07-14,0.0,-0.003791982665222071
1971-07-15,0.0,0.003443900670654365
1971-07-16,0.0,-0.0066835260115606365
1971-07-19,0.0,-0.00554646299327155
1971-07-20,0.0,0.003840175550882341
1971-07-21,0.0,-0.00045541488295852695
1971-07-22,0.0,-0.0018224895206851999
1971-07-23,0.0,0.0008216176739088699
1971-07-26,0.0,-0.002554045425522178
1971-07-27,0.0,-0.0071330589849109005
1971-07-28,0.0,-0.010315925209542165
1971-07-29,0.0,-0.015262912982782706
1971-07-30,0.0,-0.005103487383045113
1971-08-02,0.0,0.0030398024128432954
1971-08-03,0.0,-0.011175300691353418
1971-08-04,0.0,-0.011014270663729397
1971-08-05,0.0,-0.0014526438117373752
1971-08-06,0.0,0.006497914848220265
1971-08-09,0.0,-0.0057814607824242525
1971-08-10,0.0,-0.0013568521031207537
1971-08-11,0.0,0.010093167701863193
1971-08-12,0.0,0.010857033051498766
1971-08-13,0.0,0.0021861039825112893
1971-08-16,0.0,0.022951441578148657
1971-08-17,0.0,0.00992026701279447
1971-08-18,0.0,-0.0049573120352520705
1971-08-19,0.0,-0.0035058584740289556
1971-08-20,0.0,-0.0011110082399777843
1971-08-23,0.0,0.0034294188525350044
1971-08-24,0.0,0.003140587474598
1971-08-25,0.0,0.002302025782688677
1971-08-26,0.0,0.0011024345429491156
1971-08-27,0.0,0.0030283564283748454
1971-08-30,0.0,-0.005397987191216869
1971-08-31,0.0,-0.002667647870481016
1971-09-01,0.0,0.0021213798192216693
1971-09-02,0.0,0.0028531983433039976
1971-09-03,0.0,0.009361233480176256
1971-09-06,0.0,0.0
1971-09-07,0.0,0.005000909256228425
1971-09-08,0.0,0.0004523658735184899
1971-09-09,0.0,-0.00027129679869775103
1971-09-10,0.0,-0.0011759384893712532
1971-09-13,0.0,-0.001811266074986495
1971-09-14,0.0,-0.004082743603701755
1971-09-15,0.0,0.00018219914366413015
1971-09-16,0.0,-9.1082976591772e-05
1971-09-17,0.0,0.002914920750592076
1971-09-20,0.0,-0.000999091734786517
1971-09-21,0.0,-0.0015455950540957941
1971-09-22,0.0,-0.007557821890366023
1971-09-23,0.0,-0.0017432791999265618
1971-09-24,0.0,0.0007352941176470562
1971-09-27,0.0,-0.006429096252755229
1971-09-28,0.0,0.0018487705675724886
1971-09-29,0.0,0.002029894814541411
1971-09-30,0.0,0.003959484346224729
1971-10-01,0.0,0.005044483169769798
1971-10-04,0.0,0.0034677860923526538
1971-10-05,0.0,0.00027282648235726903
1971-10-06,0.0,0.006273297572506609
1971-10-07,0.0,0.0027105168052041773
1971-10-08,0.0,-0.0021625518111372255
1971-10-11,0.0,-0.0002709048221057886
1971-10-12,0.0,0.0018065215427693904
1971-10-13,0.0,-0.0019835902984401965
1971-10-14,0.0,-0.007408076610353143
1971-10-15,0.0,-0.0024574497132976436
1971-10-18,0.0,-0.004927007299269981
1971-10-19,0.0,-0.009811113148725514
1971-10-20,0.0,-0.013056764515232855
1971-10-21,0.0,0.00028147870144490383
1971-10-22,0.0,0.0017821967920457205
1971-10-25,0.0,-0.004775280898876355
1971-10-26,0.0,-0.005644933672029451
1971-10-27,0.0,-0.013340902639795593
1971-10-28,0.0,0.0021097046413502962
1971-10-29,0.0,0.00574162679425827
1971-11-01,0.0,-0.013415794481446253
1971-11-02,0.0,-0.001446619731893084
1971-11-03,0.0,0.014197411628356083
1971-11-04,0.0,0.0052375964193887015
1971-11-05,0.0,-0.0009473285335355186
1971-11-08,0.0,-0.00028446804475623644
1971-11-09,0.0,0.0027506402352270864
1971-11-10,0.0,-0.008134695421869065
1971-11-11,0.0,-0.010680907877169576
1971-11-12,0.0,0.0016387121650278669
1971-11-15,0.0,-0.00452314502935236
1971-11-16,0.0,0.0026102088167052617
1971-11-17,0.0,-0.0006749590203450895
1971-11-18,0.0,-0.001929756850636899
1971-11-19,0.0,-0.004737045630317072
1971-11-22,0.0,-0.011267605633802802
1971-11-23,0.0,-0.014539738677669778
1971-11-24,0.0,0.0008972186222711009
1971-11-25,0.0,0.0
1971-11-26,0.0,0.012350597609561698
1971-11-29,0.0,0.01416765053128688
1971-11-30,0.0,0.008634070624757406
1971-12-01,0.0,0.010483793401942831
1971-12-02,0.0,0.010375023795926142
1971-12-03,0.0,0.010456900612340947
1971-12-06,0.0,-0.003169867611411581
1971-12-07,0.0,0.00317994762439211
1971-12-08,0.0,0.0041954130151034
1971-12-09,0.0,0.002413889146783088
1971-12-10,0.0,0.007779938871908865
1971-12-13,0.0,0.0032166161198419196
1971-12-14,0.0,-0.0008244778307072709
1971-12-15,0.0,0.003484001100210854
1971-12-16,0.0,0.0051164915486523466
1971-12-17,0.0,0.00463594218707386
1971-12-20,0.0,0.008867173362287373
1971-12-21,0.0,0.002062780269058262
1971-12-22,0.0,0.0021480354425846837
1971-12-23,0.0,-0.0002679289095293136
1971-12-24,0.0,0.0
1971-12-27,0.0,-0.0021440057173485183
1971-12-28,0.0,0.0020590868397494244
1971-12-29,0.0,0.005717859376395795
1971-12-30,0.0,0.0035533445855913115
1971-12-31,0.0,0.010179693723997518
1972-01-03,0.0,-0.004118471784086863
1972-01-04,0.0,0.0024637043554773808
1972-01-05,0.0,0.007899587465987734
1972-01-06,0.0,0.007750587825481103
1972-01-07,0.0,0.002851711026615966
1972-01-10,0.0,0.0004308487720809939
1972-01-11,0.0,0.0046511627906977715
1972-01-12,0.0,0.0022290809327847327
1972-01-13,0.0,-0.004106073567151425
1972-01-14,0.0,0.002748668613640204
1972-01-17,0.0,0.001627548398149825
1972-01-18,0.0,0.0062430513982723035
1972-01-19,0.0,-0.001784803671596058
1972-01-20,0.0,-0.0011068539804173216
1972-01-21,0.0,-0.0009376065461984551
1972-01-24,0.0,-0.006142820578448949
1972-01-25,0.0,-0.0016310412910979233
1972-01-26,0.0,0.0007738607050731261
1972-01-27,0.0,0.00841996735114714
1972-01-28,0.0,0.009116469285166406
1972-01-31,0.0,0.0036305302262749084
1972-02-01,0.0,0.005972911584083418
1972-02-02,0.0,0.0074427161732730784
1972-02-03,0.0,0.0015771561384576582
1972-02-04,0.0,0.004806895408586032
1972-02-07,0.0,-0.0008248102936324608
1972-02-08,0.0,0.0017335314512134659
1972-02-09,0.0,0.006674907292954391
1972-02-10,0.0,0.0045022920759658636
1972-02-11,0.0,0.0012223942628963869
1972-02-14,0.0,-0.004883607357968334
1972-02-15,0.0,0.0028627515131685044
1972-02-16,0.0,0.006035396786558955
1972-02-17,0.0,0.0007296311309283876
1972-02-18,0.0,-0.0003240440699934233
1972-02-21,0.0,0.0
1972-02-22,0.0,-0.0008103727714749986
1972-02-23,0.0,0.0025141930251419975
1972-02-24,0.0,0.0031550845400858396
1972-02-25,0.0,0.006693548387096682
1972-02-28,0.0,0.0008811984298646713
1972-02-29,0.0,0.0035216904113974934
1972-03-01,0.0,0.00725793587494028
1972-03-02,0.0,0.0022963021616912993
1972-03-03,0.0,0.004819086743561352
1972-03-06,0.0,0.005424954792043302
1972-03-07,0.0,-0.0003909915545824427
1972-03-08,0.0,0.004459047172025388
1972-03-09,0.0,0.003504672897196137
1972-03-10,0.0,-0.002328288707799664
1972-03-13,0.0,-0.009412679891093068
1972-03-14,0.0,0.0030626668760798115
1972-03-15,0.0,0.0032098958741093586
1972-03-16,0.0,-0.00288746683315122
1972-03-17,0.0,0.0018783752054472025
1972-03-20,0.0,-0.003749707054136353
1972-03-21,0.0,-0.014114326040931546
1972-03-22,0.0,0.005010737294201872
1972-03-23,0.0,0.008072174738841476
1972-03-24,0.0,0.0013345894174909834
1972-03-27,0.0,7.840062720498864e-05
1972-03-28,0.0,0.0012543116964565115
1972-03-29,0.0,-0.0014876291888505921
1972-03-30,0.0,0.004783188269426697
1972-03-31,0.0,0.0
1972-04-03,0.0,-0.0006243171531136182
1972-04-04,0.0,0.005622364516632894
1972-04-05,0.0,0.00947352073303298
1972-04-06,0.0,0.007076923076922981
1972-04-07,0.0,0.006721662083715385
1972-04-10,0.0,-0.00030349013657071655
1972-04-11,0.0,0.005388585306618232
1972-04-12,0.0,0.005284215294028671
1972-04-13,0.0,-0.0008260118645339043
1972-04-14,0.0,0.006162633398466788
1972-04-17,0.0,-0.0010457125784283372
1972-04-18,0.0,0.0026917900403766737
1972-04-19,0.0,-0.010589112602535367
1972-04-20,0.0,0.0013566475731083827
1972-04-21,0.0,0.0011290079783228268
1972-04-24,0.0,-0.00834523720021041
1972-04-25,0.0,-0.008036391205458737
1972-04-26,0.0,0.0006114338122897855
1972-04-27,0.0,0.000687442713107167
1972-04-28,0.0,0.0024425616365164604
1972-05-01,0.0,-0.00890885555470966
1972-05-02,0.0,-0.006299938537184913
1972-05-03,0.0,-0.004406989330446809
1972-05-04,0.0,0.0011648675933833008
1972-05-05,0.0,0.003955941669252505
1972-05-08,0.0,-0.006258209070540088
1972-05-09,0.0,-0.0220805473487794
1972-05-10,0.0,0.007870885673397998
1972-05-11,0.0,0.0093081959454131
1972-05-12,0.0,0.011645173896053018
1972-05-15,0.0,0.006953028430160657
1972-05-16,0.0,0.00015344483658141783
1972-05-17,0.0,-0.004602638846271989
1972-05-18,0.0,0.008168927250308267
1972-05-19,0.0,0.010243082097538547
1972-05-22,0.0,0.0016646489104115147
1972-05-23,0.0,0.0025683638011784193
1972-05-24,0.0,0.005650994575045143
1972-05-25,0.0,0.002472465722634487
1972-05-26,0.0,0.0011210762331836932
1972-05-29,0.0,0.0
1972-05-30,0.0,-0.0037327360955580202
1972-05-31,0.0,-0.0068939677781939546
1972-06-01,0.0,0.004527276842978933
1972-06-02,0.0,0.0029294674378428365
1972-06-05,0.0,-0.0058418214499700305
1972-06-06,0.0,-0.005574807895133427
1972-06-07,0.0,-0.007575757575757569
1972-06-08,0.0,0.0005343511450381921
1972-06-09,0.0,-0.003814755474174092
1972-06-12,0.0,-0.0014551581527150192
1972-06-13,0.0,0.0030679552078540784
1972-06-14,0.0,0.00512310750879319
1972-06-15,0.0,-0.0012171928489920214
1972-06-16,0.0,-7.616726331016732e-05
1972-06-19,0.0,-0.0039609993906155605
1972-06-20,0.0,0.0023707555827470195
1972-06-21,0.0,0.002365148393987937
1972-06-22,0.0,-0.004490790074592854
1972-06-23,0.0,-0.004358131355608141
1972-06-26,0.0,-0.006988173859622138
1972-06-27,0.0,0.003712009898692914
1972-06-28,0.0,-0.0016179983049540159
1972-06-29,0.0,-0.001774965272418716
1972-06-30,0.0,0.005643602628527367
1972-07-03,0.0,0.003920664206642055
1972-07-04,0.0,0.0
1972-07-05,0.0,0.005283712382265104
1972-07-06,0.0,0.004418037781840356
1972-07-07,0.0,-0.0027301683603823124
1972-07-10,0.0,-0.004942965779467734
1972-07-11,0.0,-0.0029040886511272346
1972-07-12,0.0,-0.0027592550011495964
1972-07-13,0.0,-0.008300668664975919
1972-07-14,0.0,0.0027125474695806062
1972-07-17,0.0,-0.007574586489411006
1972-07-18,0.0,-0.006697819314641751
1972-07-19,0.0,0.0018033558099419533
1972-07-20,0.0,-0.005322063082100592
1972-07-21,0.0,0.0042489574317412515
1972-07-24,0.0,0.008932069262712616
1972-07-25,0.0,-0.0023297351867671567
1972-07-26,0.0,0.0014011053164162401
1972-07-27,0.0,-0.0022541780023318525
1972-07-28,0.0,-0.0016360236833905528
1972-07-31,0.0,-0.0031213421771362215
1972-08-01,0.0,0.005479452054794498
1972-08-02,0.0,0.0073180225768780804
1972-08-03,0.0,0.007110286730040993
1972-08-04,0.0,0.004834625124702674
1972-08-07,0.0,0.00022911257064306412
1972-08-08,0.0,-0.00274872108116353
1972-08-09,0.0,0.0010718934231681576
1972-08-10,0.0,0.0006883365200764935
1972-08-11,0.0,0.006420055029043192
1972-08-14,0.0,0.00015188335358429228
1972-08-15,0.0,-0.001670463173879977
1972-08-16,0.0,-0.000152114390021163
1972-08-17,0.0,-0.004335919671383137
1972-08-18,0.0,0.004125601650240895
1972-08-21,0.0,-0.0010652058129804187
1972-08-22,0.0,0.0
1972-08-23,0.0,-0.0014471780028942893
1972-08-24,0.0,-0.005339435545385074
1972-08-25,0.0,-0.0006901840490798339
1972-08-28,0.0,-0.0041439643926022285
1972-08-29,0.0,-0.0025429606226401447
1972-08-30,0.0,0.002626699629171947
1972-08-31,0.0,0.0013099090768993182
1972-09-01,0.0,0.005771450557906954
1972-09-04,0.0,0.0
1972-09-05,0.0,-0.0028309104820196662
1972-09-06,0.0,-0.005370981355022009
1972-09-07,0.0,-0.003239990742883503
1972-09-08,0.0,-0.0006191471248356839
1972-09-11,0.0,-0.006737396422210162
1972-09-12,0.0,-0.008420396070481728
1972-09-13,0.0,0.00259474760182421
1972-09-14,0.0,0.0005489765508586153
1972-09-15,0.0,0.0007054397240946475
1972-09-18,0.0,-0.00046996161980106255
1972-09-19,0.0,-0.0014889115273097886
1972-09-20,0.0,0.0007063255375923116
1972-09-21,0.0,-0.00164692965257629
1972-09-22,0.0,0.0012568735271012432
1972-09-25,0.0,-0.005021183116271755
1972-09-26,0.0,0.0019712979025390265
1972-09-27,0.0,0.011647123632643641
1972-09-28,0.0,0.004511863088292323
1972-09-29,0.0,0.00371718423294376
1972-10-02,0.0,-0.002391790756886114
1972-10-03,0.0,0.0013921113689092657
1972-10-04,0.0,-0.001467408093914102
1972-10-05,0.0,-0.009900224301956806
1972-10-06,0.0,0.0009374267635340328
1972-10-09,0.0,0.0029657379224226066
1972-10-10,0.0,0.00396856275776214
1972-10-11,0.0,-0.0034878313439777875
1972-10-12,0.0,-0.005444504938943662
1972-10-13,0.0,-0.0053179009931962895
1972-10-16,0.0,-0.010378174384778616
1972-10-17,0.0,0.004449034718360334
1972-10-18,0.0,0.004903899390967359
1972-10-19,0.0,-0.001101928374655614
1972-10-20,0.0,0.008588763690804635
1972-10-23,0.0,0.005156249999999973
1972-10-24,0.0,0.001943105860407357
1972-10-25,0.0,-0.00015514700178431706
1972-10-26,0.0,0.003724105826674151
1972-10-27,0.0,0.0012367627734404252
1972-10-30,0.0,-0.0005404153477958085
1972-10-31,0.0,0.006025027035377661
1972-11-01,0.0,0.010365479115479026
1972-11-02,0.0,0.004027661676419214
1972-11-03,0.0,0.009234029669996868
1972-11-06,0.0,0.0017999100044998606
1972-11-07,0.0,0.0
1972-11-08,0.0,-0.003892798323102298
1972-11-09,0.0,-0.0018036975800391764
1972-11-10,0.0,0.002258695979521219
1972-11-13,0.0,-0.0026292067307691624
1972-11-14,0.0,0.0009791368532048317
1972-11-15,0.0,-0.003386004514672858
1972-11-16,0.0,0.001283503208758141
1972-11-17,0.0,-0.0021866988387874153
1972-11-20,0.0,-0.001586941736567704
1972-11-21,0.0,0.0005298213745079661
1972-11-22,0.0,0.0022694606248583327
1972-11-23,0.0,0.0
1972-11-24,0.0,0.004000301909578008
1972-11-27,0.0,-0.003382949932341117
1972-11-28,0.0,0.0010560458625632485
1972-11-29,0.0,0.00015070454374188635
1972-11-30,0.0,0.001732841106004912
1972-12-01,0.0,0.007370637785800271
1972-12-04,0.0,0.00149320591309543
1972-12-05,0.0,0.0010436857015059253
1972-12-06,0.0,0.0029788501638368103
1972-12-07,0.0,0.0028215028215028415
1972-12-08,0.0,0.0006663705019991362
1972-12-11,0.0,-0.00236773954864955
1972-12-12,0.0,-0.004153378328265234
1972-12-13,0.0,-0.0045430848290758385
1972-12-14,0.0,-0.0024689510698786554
1972-12-15,0.0,0.0015000375009375233
1972-12-18,0.0,-0.007414064255223618
1972-12-19,0.0,-0.0011317338162064594
1972-12-20,0.0,-0.0034745826724070783
1972-12-21,0.0,-0.006442810581368863
1972-12-22,0.0,0.0015257857796764362
1972-12-25,0.0,0.0
1972-12-26,0.0,-0.0007617306520414369
1972-12-27,0.0,0.005717334959597586
1972-12-28,0.0,0.0
1972-12-29,0.0,0.013643598878192886
1973-01-01,0.0,0.0
1973-01-02,0.0,0.006729978314514273
1973-01-03,0.0,0.005570823739136976
1973-01-04,0.0,0.0004431969271680991
1973-01-05,0.0,0.0034701712935616413
1973-01-08,0.0,0.0008093591347215767
1973-01-09,0.0,-0.00022055580061752789
1973-01-10,0.0,0.0005147437311565639
1973-01-11,0.0,0.005732764956636771
1973-01-12,0.0,-0.006065477930429775
1973-01-15,0.0,-0.010366884787883168
1973-01-16,0.0,-0.004234769687964324
1973-01-17,0.0,0.0002984406476160828
1973-01-18,0.0,0.0020138733497427896
1973-01-19,0.0,-0.003498585678130106
1973-01-22,0.0,-0.00537835213266602
1973-01-23,0.0,-0.005332331956440117
1973-01-24,0.0,-0.01472364844457863
1973-01-25,0.0,0.0
1973-01-26,0.0,-0.00559429841367165
1973-01-29,0.0,-0.010018495684340212
1973-01-30,0.0,-0.0018682858477347963
1973-01-31,0.0,0.0014038371548901196
1973-02-01,0.0,-0.011370716510903489
1973-02-02,0.0,-0.0036237592563415078
1973-02-05,0.0,-0.003795066413662229
1973-02-06,0.0,0.002142857142857002
1973-02-07,0.0,-0.01013700799873285
1973-02-08,0.0,-0.008160652852228112
1973-02-09,0.0,0.015245623941276154
1973-02-12,0.0,0.008104242809470863
1973-02-13,0.0,0.0024432534678435758
1973-02-14,0.0,-0.013916188379589522
1973-02-15,0.0,-0.007893477914208247
1973-02-16,0.0,0.0009643976532989207
1973-02-19,0.0,0.0
1973-02-20,0.0,0.0036932958651145764
1973-02-21,0.0,-0.00847932165426768
1973-02-22,0.0,-0.002178297700685783
1973-02-23,0.0,-0.010834411384217368
1973-02-26,0.0,-0.008746117377799623
1973-02-27,0.0,-0.012121711882576047
1973-02-28,0.0,0.005091819699499123
1973-03-01,0.0,-0.00730836309276639
1973-03-02,0.0,0.004852338325106675
1973-03-05,0.0,0.0036633086337523046
1973-03-06,0.0,0.011281625881377044
1973-03-07,0.0,0.003035025838733496
1973-03-08,0.0,-0.0013902518809290054
1973-03-09,0.0,-0.0009827204979117043
1973-03-12,0.0,-0.0010656611197639165
1973-03-13,0.0,0.0018874117840144145
1973-03-14,0.0,8.190679007280544e-05
1973-03-15,0.0,-0.004095004095004073
1973-03-16,0.0,-0.0031249999999999334
1973-03-19,0.0,-0.010559313644613155
1973-03-20,0.0,-0.005669501417375322
1973-03-21,0.0,-0.011487506288780813
1973-03-22,0.0,-0.018661464076681678
1973-03-23,0.0,-0.0019016336762036623
1973-03-26,0.0,0.0006062180652983695
1973-03-27,0.0,0.011684265189544796
1973-03-28,0.0,0.0021387629395157592
1973-03-29,0.0,0.00896363325934768
1973-03-30,0.0,-0.0061764954733903865
1973-04-02,0.0,-0.014217605993529614
1973-04-03,0.0,-0.01139994818205381
1973-04-04,0.0,-0.013802743076788637
1973-04-05,0.0,-0.007706617060855736
1973-04-06,0.0,0.011158721656846948
1973-04-09,0.0,0.0065330625938024856
1973-04-10,0.0,0.0070169283396193105
1973-04-11,0.0,0.004180820486020309
1973-04-12,0.0,0.002602133749674662
1973-04-13,0.0,-0.0032009689419499887
1973-04-16,0.0,-0.0058149626800902965
1973-04-17,0.0,-0.007944129201222117
1973-04-18,0.0,0.0006159802886307464
1973-04-19,0.0,0.0038694925688154136
1973-04-20,0.0,0.0
1973-04-23,0.0,-0.009899255365746873
1973-04-24,0.0,-0.015837904795611313
1973-04-25,0.0,-0.01672210734514068
1973-04-26,0.0,0.00320014629240184
1973-04-27,0.0,-0.012030623405030916
1973-04-30,0.0,-0.00507380073800745
1973-05-01,0.0,0.0010199350950395036
1973-05-02,0.0,0.010096331974805528
1973-05-03,0.0,0.0069692801467218235
1973-05-04,0.0,0.009835169838812385
1973-05-07,0.0,-0.003697357741906382
1973-05-08,0.0,0.001719768283852341
1973-05-09,0.0,-0.001174663413752608
1973-05-10,0.0,-0.0019902297810748815
1973-05-11,0.0,-0.011058738216098596
1973-05-14,0.0,-0.02419798350137492
1973-05-15,0.0,-0.003005823783580608
1973-05-16,0.0,-0.00037686074995291197
1973-05-17,0.0,-0.008576814326107463
1973-05-18,0.0,-0.021865196311436463
1973-05-21,0.0,-0.02070172028379824
1973-05-22,0.0,0.008237395791981017
1973-05-23,0.0,0.004921744266167982
1973-05-24,0.0,0.021353707512978604
1973-05-25,0.0,0.008631437613887183
1973-05-28,0.0,0.0
1973-05-29,0.0,-0.003042692783113088
1973-05-30,0.0,-0.015832141154029533
1973-05-31,0.0,-0.005329973834673929
1973-06-01,0.0,-0.003312548713951702
1973-06-04,0.0,-0.014956011730205332
1973-06-05,0.0,0.009328173067381096
1973-06-06,0.0,-9.831874938537322e-05
1973-06-07,0.0,0.00855457227138623
1973-06-08,0.0,0.011211855318319364
1973-06-11,0.0,-0.006556112610875409
1973-06-12,0.0,0.016983695652173836
1973-06-13,0.0,-0.004389731844641753
1973-06-14,0.0,-0.00738042748969614
1973-06-15,0.0,-0.012553109308613308
1973-06-18,0.0,-0.01457070213182099
1973-06-19,0.0,0.0018854817902154153
1973-06-20,0.0,0.0022781299524563536
1973-06-21,0.0,-0.0078070955628025684
1973-06-22,0.0,0.005876494023904222
1973-06-25,0.0,-0.015447073967719493
1973-06-26,0.0,0.005330383184149579
1973-06-27,0.0,0.002601040416166489
1973-06-28,0.0,0.009379365396128492
1973-06-29,0.0,-0.001779359430604921
1973-07-02,0.0,-0.008219449395920009
1973-07-03,0.0,-0.006989515726410378
1973-07-04,0.0,0.0
1973-07-05,0.0,-0.0006033182503770718
1973-07-06,0.0,0.0009055236945367806
1973-07-09,0.0,0.005327704061117933
1973-07-10,0.0,0.011698830116988246
1973-07-11,0.0,0.014923898003557978
1973-07-12,0.0,0.004674262342974078
1973-07-13,0.0,-0.0013569836192691698
1973-07-16,0.0,0.009123556245753672
1973-07-17,0.0,0.006444166586515365
1973-07-18,0.0,0.010798929663608625
1973-07-19,0.0,0.00709085752103622
1973-07-20,0.0,0.010889973713856582
1973-07-23,0.0,0.0006500742942050497
1973-07-24,0.0,0.005011600928074289
1973-07-25,0.0,0.008311016714378061
1973-07-26,0.0,-0.00018316695668096905
1973-07-27,0.0,0.0017404048731335386
1973-07-30,0.0,-0.004389173372348232
1973-07-31,0.0,-0.0022042615723731895
1973-08-01,0.0,-0.013899116347570017
1973-08-02,0.0,-0.0014001680201622957
1973-08-03,0.0,-0.0014956066554496772
1973-08-06,0.0,0.003651001685077704
1973-08-07,0.0,0.0008394739296708753
1973-08-08,0.0,-0.010904007455731612
1973-08-09,0.0,0.00018844812965235214
1973-08-10,0.0,-0.007819123881300127
1973-08-13,0.0,-0.009210026585643738
1973-08-14,0.0,-0.007283181600383215
1973-08-15,0.0,-0.002316825948450729
1973-08-16,0.0,-0.00038703434929843183
1973-08-17,0.0,0.0038718420288450517
1973-08-20,0.0,-0.010027962587985662
1973-08-21,0.0,-0.005356968929580153
1973-08-22,0.0,-0.00763807285546414
1973-08-23,0.0,0.011742648509966536
1973-08-24,0.0,-0.0012679215839266345
1973-08-27,0.0,0.004980468749999911
1973-08-28,0.0,0.000777378291711095
1973-08-29,0.0,0.007767744441208091
1973-08-30,0.0,0.0019269679159841235
1973-08-31,0.0,0.008462352149245289
1973-09-03,0.0,0.0
1973-09-04,0.0,0.006007437780108704
1973-09-05,0.0,0.005023696682464385
1973-09-06,0.0,0.0031123266999906196
1973-09-07,0.0,0.0062053403535162754
1973-09-10,0.0,-0.00719491683797413
1973-09-11,0.0,-0.004517647058823515
1973-09-12,0.0,-0.004159969745674563
1973-09-13,0.0,0.0025633722586158036
1973-09-14,0.0,0.004450757575757525
1973-09-17,0.0,0.0018855472800980433
1973-09-18,0.0,0.0002822998023901402
1973-09-19,0.0,0.015145813734713132
1973-09-20,0.0,0.007876934482439202
1973-09-21,0.0,0.006436189775652634
1973-09-24,0.0,0.0021012241914855068
1973-09-25,0.0,0.001002826146412561
1973-09-26,0.0,0.007468123861566589
1973-09-27,0.0,0.0058759717953353885
1973-09-28,0.0,-0.0006291003864473677
1973-10-01,0.0,-0.0020683453237410054
1973-10-02,0.0,0.007119041182301666
1973-10-03,0.0,0.003310665712240368
1973-10-04,0.0,-0.005529296352447921
1973-10-05,0.0,0.0094161958568737
1973-10-08,0.0,0.005419331911869163
1973-10-09,0.0,-0.0008836264027569651
1973-10-10,0.0,-0.00795967100026529
1973-10-11,0.0,0.01239190514397781
1973-10-12,0.0,0.004755195491370046
1973-10-15,0.0,-0.008501314636283896
1973-10-16,0.0,8.839388314330066e-05
1973-10-17,0.0,-0.004242531377054992
1973-10-18,0.0,0.0014202023788389972
1973-10-19,0.0,0.0038113809608226745
1973-10-22,0.0,-0.008476821192052952
1973-10-23,0.0,-0.00427464600587768
1973-10-24,0.0,0.0028619980323763006
1973-10-25,0.0,0.0016052795861947189
1973-10-26,0.0,0.004273884783189352
1973-10-29,0.0,-0.006206223956024548
1973-10-30,0.0,-0.013025247568917875
1973-10-31,0.0,-0.004158004158004047
1973-11-01,0.0,-0.004992284650993883
1973-11-02,0.0,-0.006294471811713165
1973-11-05,0.0,-0.015789956853024978
1973-11-06,0.0,-0.008581289058856356
1973-11-07,0.0,0.004045535798287592
1973-11-08,0.0,0.005528485757121393
1973-11-09,0.0,-0.014350945857795283
1973-11-12,0.0,-0.00652358891935334
1973-11-13,0.0,-0.003235629996193423
1973-11-14,0.0,-0.026350964292533807
1973-11-15,0.0,-0.0034320454991175753
1973-11-16,0.0,-0.0024599035717799422
1973-11-19,0.0,-0.023476030775300805
1973-11-20,0.0,-0.02444444444444449
1973-11-21,0.0,0.007662041830606592
1973-11-22,0.0,0.0
1973-11-23,0.0,-0.0002055076037813519
1973-11-26,0.0,-0.03257965056526213
1973-11-27,0.0,-0.011261021990863762
1973-11-28,0.0,0.02009240356720743
1973-11-29,0.0,-0.003370549820939428
1973-11-30,0.0,-0.011731135066582077
1973-12-03,0.0,-0.01646882686343709
1973-12-04,0.0,-0.0044579754267695115
1973-12-05,0.0,-0.01998689384010488
1973-12-06,0.0,0.01716259890783456
1973-12-07,0.0,0.011504327818560256
1973-12-10,0.0,0.013214904679376138
1973-12-11,0.0,-0.01432542227923883
1973-12-12,0.0,-0.01507592190889373
1973-12-13,0.0,-0.018610285210879818
1973-12-14,0.0,0.005722621184919063
1973-12-17,0.0,-0.0055784893450853135
1973-12-18,0.0,0.016043980702344918
1973-12-19,0.0,-0.0035335689045937757
1973-12-20,0.0,0.0003324468085106336
1973-12-21,0.0,-0.008308408109006349
1973-12-24,0.0,-0.009495084897229611
1973-12-25,0.0,0.0
1973-12-26,0.0,0.017142212698770587
1973-12-27,0.0,0.011752965960749595
1973-12-28,0.0,0.004712328767123353
1973-12-31,0.0,0.005562827225130684
1974-01-01,0.0,0.0
1974-01-02,0.0,0.003688035578696125
1974-01-03,0.0,0.01783205446882108
1974-01-04,0.0,-0.0008494372478234924
1974-01-07,0.0,0.0039319872476089035
1974-01-08,0.0,-0.004763416957764388
1974-01-09,0.0,-0.019357583492873753
1974-01-10,0.0,-0.008459869848156165
1974-01-11,0.0,0.008860205644279251
1974-01-14,0.0,0.0018432180418519462
1974-01-15,0.0,0.007251082251082064
1974-01-16,0.0,0.015257333190072053
1974-01-17,0.0,0.015451370515398466
1974-01-18,0.0,-0.006565919749869864
1974-01-21,0.0,-0.008812421317666685
1974-01-22,0.0,0.00857324301439455
1974-01-23,0.0,0.004932311890019969
1974-01-24,0.0,-0.0015664160401003269
1974-01-25,0.0,-0.0021964229683086867
1974-01-28,0.0,-0.0039832285115305455
1974-01-29,0.0,-0.004841086087139512
1974-01-30,0.0,0.006450930626057616
1974-01-31,0.0,-0.002521803089208685
1974-02-01,0.0,-0.008216580638365167
1974-02-04,0.0,-0.013382899628252787
1974-02-05,0.0,-0.004629131230487693
1974-02-06,0.0,0.00302833657797974
1974-02-07,0.0,0.0007547983610094455
1974-02-08,0.0,-0.006572567611248803
1974-02-11,0.0,-0.011605206073752816
1974-02-12,0.0,-0.006913200921760065
1974-02-13,0.0,-0.004640883977900523
1974-02-14,0.0,0.001443161634103074
1974-02-15,0.0,0.008535639064405354
1974-02-18,0.0,0.0
1974-02-19,0.0,-0.001758628269949547
1974-02-20,0.0,0.008147985025324989
1974-02-21,0.0,0.006662297946701701
1974-02-22,0.0,0.008245633069328573
1974-02-25,0.0,-0.0022597654148284185
1974-02-26,0.0,0.004206212251941288
1974-02-27,0.0,0.010202985715820123
1974-02-28,0.0,0.0030831384222835823
1974-03-01,0.0,-0.0031796502384737746
1974-03-04,0.0,-0.0026581605528973595
1974-03-05,0.0,0.009701492537313339
1974-03-06,0.0,0.0043290043290045155
1974-03-07,0.0,-0.006202691337258259
1974-03-08,0.0,0.006770337459007791
1974-03-11,0.0,0.007355259010192405
1974-03-12,0.0,-0.0007301554187963966
1974-03-13,0.0,0.00553235908141958
1974-03-14,0.0,0.0018685767673622955
1974-03-15,0.0,0.00020723241114906088
1974-03-18,0.0,-0.012016989536931533
1974-03-19,0.0,-0.006500996120373359
1974-03-20,0.0,0.0021108179419524475
1974-03-21,0.0,0.00431806213796726
1974-03-22,0.0,0.0009437919463086697
1974-03-25,0.0,-0.0010476689366161196
1974-03-26,0.0,-0.0008390141583639599
1974-03-27,0.0,-0.011126272698645967
1974-03-28,0.0,-0.014223543148285667
1974-03-29,0.0,-0.006460643910843222
1974-04-01,0.0,-0.004009970738051316
1974-04-02,0.0,0.0014145810663763747
1974-04-03,0.0,0.0010866021949362814
1974-04-04,0.0,-0.00271355693042441
1974-04-05,0.0,-0.012842838484980357
1974-04-08,0.0,-0.008599779492833526
1974-04-09,0.0,0.0028914590747330937
1974-04-10,0.0,-0.0034375693058328327
1974-04-11,0.0,-0.0008901746967842072
1974-04-12,0.0,0.0
1974-04-15,0.0,-0.004120726138768238
1974-04-16,0.0,0.010176694251845086
1974-04-17,0.0,0.00431750249086682
1974-04-18,0.0,0.001984126984126977
1974-04-19,0.0,-0.006490649064906484
1974-04-22,0.0,-0.00044291883512348473
1974-04-23,0.0,-0.019940179461615082
1974-04-24,0.0,-0.017180965298971396
1974-04-25,0.0,-0.01046578493386996
1974-04-26,0.0,0.0023245002324499
1974-04-29,0.0,0.0025510204081633514
1974-04-30,0.0,0.004626416840157299
1974-05-01,0.0,0.008864839972369198
1974-05-02,0.0,0.003879949788885062
1974-05-03,0.0,-0.005683755825849679
1974-05-06,0.0,-0.0018291985823710721
1974-05-07,0.0,-0.007444737143511682
1974-05-08,0.0,-0.010616201246249735
1974-05-09,0.0,0.0008164217401447349
1974-05-10,0.0,-0.017597016664724463
1974-05-13,0.0,-0.013285883748517135
1974-05-14,0.0,-0.00024044241404197475
1974-05-15,0.0,0.004208754208754328
1974-05-16,0.0,-0.00011974613818710456
1974-05-17,0.0,-0.018802395209580713
1974-05-20,0.0,-0.0061027706578786756
1974-05-21,0.0,-0.0017192680830161455
1974-05-22,0.0,-0.007011932587034142
1974-05-23,0.0,-0.00210604558969274
1974-05-24,0.0,0.011173184357541999
1974-05-27,0.0,0.0
1974-05-28,0.0,-0.0047882136279926435
1974-05-29,0.0,-0.015790772267456177
1974-05-30,0.0,0.0038856856354976266
1974-05-31,0.0,0.001373454863278889
1974-06-03,0.0,0.010972568578553554
1974-06-04,0.0,0.008510113468179537
1974-06-05,0.0,0.0053809465574170545
1974-06-06,0.0,0.012042330616713448
1974-06-07,0.0,0.006129807692307532
1974-06-10,0.0,0.0025086608529447663
1974-06-11,0.0,-0.006911344137273567
1974-06-12,0.0,-0.0028797696184306165
1974-06-13,0.0,0.001684717208182862
1974-06-14,0.0,-0.005766458433445365
1974-06-17,0.0,-0.014741420976317032
1974-06-18,0.0,-0.003556536669119481
1974-06-19,0.0,-0.007261538461538541
1974-06-20,0.0,-0.01004215224398719
1974-06-21,0.0,-0.009267376330619803
1974-06-24,0.0,-0.0029073442042726327
1974-06-25,0.0,0.00595841784989859
1974-06-26,0.0,-0.01361058601134213
1974-06-27,0.0,-0.01839785358374857
1974-06-28,0.0,-0.011323701679031739
1974-07-01,0.0,-0.007503949447077329
1974-07-02,0.0,-0.020957686695848188
1974-07-03,0.0,-0.0020322449532584885
1974-07-04,0.0,0.0
1974-07-05,0.0,-0.001221830029866977
1974-07-08,0.0,-0.03547641701780613
1974-07-09,0.0,-0.0052142051860201155
1974-07-10,0.0,-0.010908060631817706
1974-07-11,0.0,0.0018619306788887346
1974-07-12,0.0,0.02473195139385287
1974-07-15,0.0,0.004185267857142794
1974-07-16,0.0,-0.004862461794943207
1974-07-17,0.0,0.015077481502163925
1974-07-18,0.0,0.0013753266400771125
1974-07-19,0.0,0.00810328251613801
1974-07-22,0.0,0.00027247956403253504
1974-07-23,0.0,0.013892672296377029
1974-07-24,0.0,0.002552391187533587
1974-07-25,0.0,-0.015007369690472894
1974-07-26,0.0,-0.009250442116718882
1974-07-29,0.0,-0.018399011396402654
1974-07-30,0.0,-0.002657714365645547
1974-07-31,0.0,-0.018373071528751783
1974-08-01,0.0,-0.005143591941705994
1974-08-02,0.0,-0.003303173919287472
1974-08-05,0.0,0.0038904899135445703
1974-08-06,0.0,0.012343906990096132
1974-08-07,0.0,0.016305118389337903
1974-08-08,0.0,-0.01422991071428581
1974-08-09,0.0,0.0004245683555053059
1974-08-12,0.0,-0.004668269910878431
1974-08-13,0.0,-0.02188743604320642
1974-08-14,0.0,-0.022813135716361455
1974-08-15,0.0,-0.005501858736059573
1974-08-16,0.0,-0.015251196172248793
1974-08-19,0.0,-0.011084117825690964
1974-08-20,0.0,0.009058805465991249
1974-08-21,0.0,-0.012172854534388322
1974-08-22,0.0,-0.02048675292667901
1974-08-23,0.0,-0.016040257902185884
1974-08-26,0.0,0.005913377017740196
1974-08-27,0.0,-0.009532888465204836
1974-08-28,0.0,0.0014436958614052475
1974-08-29,0.0,-0.016979016498478328
1974-08-30,0.0,0.016294606485253382
1974-09-02,0.0,0.0
1974-09-03,0.0,-0.023889690556357146
1974-09-04,0.0,-0.031701708278580765
1974-09-05,0.0,0.021543681085665733
1974-09-06,0.0,0.007970773829292677
1974-09-09,0.0,-0.02191103789126858
1974-09-10,0.0,-0.0067374094660602735
1974-09-11,0.0,-0.00016957775139903042
1974-09-12,0.0,-0.021200814111261845
1974-09-13,0.0,-0.018194420377750875
1974-09-16,0.0,0.010236498411577921
1974-09-17,0.0,0.008385744234800763
1974-09-18,0.0,0.006930006930006893
1974-09-19,0.0,0.02408809359944941
1974-09-20,0.0,0.006384408602150504
1974-09-23,0.0,-0.00400667779632724
1974-09-24,0.0,-0.013744552463962334
1974-09-25,0.0,-0.0013596193065942286
1974-09-26,0.0,-0.015146358066712051
1974-09-27,0.0,-0.012960082944530882
1974-09-30,0.0,-0.02538515406162456
1974-10-01,0.0,-0.0034129692832765013
1974-10-02,0.0,0.0034246575342467
1974-10-03,0.0,-0.01437039698221676
1974-10-04,0.0,0.005285219609987291
1974-10-07,0.0,0.025562001450326388
1974-10-08,0.0,-0.007777974191267467
1974-10-09,0.0,0.0256547300908605
1974-10-10,0.0,0.02709744658676394
1974-10-11,0.0,0.02181633688483009
1974-10-14,0.0,0.021681562396557386
1974-10-15,0.0,-0.005345861007613806
1974-10-16,0.0,-0.003420195439739482
1974-10-17,0.0,0.013891158686059946
1974-10-18,0.0,0.011444229529335992
1974-10-21,0.0,0.017051792828685297
1974-10-22,0.0,0.005014102162331557
1974-10-23,0.0,-0.011537262238852541
1974-10-24,0.0,-0.012618296529968376
1974-10-25,0.0,0.004472843450479269
1974-10-28,0.0,-0.0060432569974555594
1974-10-29,0.0,0.01872000000000007
1974-10-30,0.0,0.019004240615674517
1974-10-31,0.0,0.005394574599260293
1974-11-01,0.0,-0.00260616280852366
1974-11-04,0.0,-0.006762988011066673
1974-11-05,0.0,0.021200866604766277
1974-11-06,0.0,0.0018184573420216843
1974-11-07,0.0,0.008016941461201021
1974-11-08,0.0,-0.0019507803121248113
1974-11-11,0.0,0.003157419936851591
1974-11-12,0.0,-0.020383693045563533
1974-11-13,0.0,-0.005813953488371992
1974-11-14,0.0,0.0009233610341643494
1974-11-15,0.0,-0.009686346863468809
1974-11-18,0.0,-0.036019251668995445
1974-11-19,0.0,-0.01868255757770987
1974-11-20,0.0,-0.002954209748892156
1974-11-21,0.0,0.012181069958847823
1974-11-22,0.0,0.009432428037079221
1974-11-25,0.0,-0.006283228612856462
1974-11-26,0.0,0.015726329442282694
1974-11-27,0.0,0.002394253790901857
1974-11-28,0.0,0.0
1974-11-29,0.0,0.0023885350318473275
1974-12-02,0.0,-0.02049245432883251
1974-12-03,0.0,-0.018812844631852066
1974-12-04,0.0,-0.0014876033057852345
1974-12-05,0.0,-0.024664790597583086
1974-12-06,0.0,-0.012050237610319092
1974-12-09,0.0,-0.0051537536505755766
1974-12-10,0.0,0.014677948540839258
1974-12-11,0.0,0.008679373723621708
1974-12-12,0.0,0.0015184747764467321
1974-12-13,0.0,-0.002358490566037763
1974-12-16,0.0,-0.0062478892266125685
1974-12-17,0.0,0.005607476635514086
1974-12-18,0.0,0.007603920243325568
1974-12-19,0.0,-0.0028509139694784524
1974-12-20,0.0,-0.013286242852337704
1974-12-23,0.0,-0.013806033748082536
1974-12-24,0.0,0.007777393708952696
1974-12-25,0.0,0.0
1974-12-26,0.0,0.009775338706911274
1974-12-27,0.0,-0.0023777173913043237
1974-12-30,0.0,0.0006809669731018264
1974-12-31,0.0,0.01769309288873755
1975-01-01,0.0,0.0
1975-01-02,0.0,0.014710799063858193
1975-01-03,0.0,0.00873146622734744
1975-01-06,0.0,0.008329250367467012
1975-01-07,0.0,0.0024295432458698585
1975-01-08,0.0,-0.006301502666020364
1975-01-09,0.0,0.014146341463414647
1975-01-10,0.0,0.021164021164021163
1975-01-13,0.0,-0.00549536818966867
1975-01-14,0.0,-0.00363119671613521
1975-01-15,0.0,0.012042465536365121
1975-01-16,0.0,0.014560826679192118
1975-01-17,0.0,-0.006172839506172756
1975-01-20,0.0,0.0006211180124222615
1975-01-21,0.0,-0.004034761018001154
1975-01-22,0.0,-0.0009348706762231096
1975-01-23,0.0,0.005770430442919361
1975-01-24,0.0,0.013800589238641692
1975-01-27,0.0,0.02539002753135522
1975-01-28,0.0,0.013126491646777927
1975-01-29,0.0,0.01707891637220249
1975-01-30,0.0,-0.001302837290098502
1975-01-31,0.0,0.011450934918104227
1975-02-03,0.0,0.013614216107767252
1975-02-04,0.0,-0.00848296338187482
1975-02-05,0.0,0.013403678882076164
1975-02-06,0.0,0.005487547488391753
1975-02-07,0.0,-0.004757906521130506
1975-02-10,0.0,-0.004218222722159881
1975-02-11,0.0,0.00014120304998588296
1975-02-12,0.0,0.01072991670196255
1975-02-13,0.0,0.01801927643525625
1975-02-14,0.0,0.005214050493962841
1975-02-17,0.0,0.0
1975-02-18,0.0,-0.010783510783510919
1975-02-19,0.0,0.005519525320822449
1975-02-20,0.0,0.009743378619459175
1975-02-21,0.0,0.0028540364229410198
1975-02-24,0.0,-0.008808781677734134
1975-02-25,0.0,-0.014629477713973271
1975-02-26,0.0,0.0023588178160123263
1975-02-27,0.0,0.004014396456257119
1975-02-28,0.0,0.006480077209430668
1975-03-03,0.0,0.011369863013698689
1975-03-04,0.0,0.005146959230664994
1975-03-05,0.0,-0.004177334591025317
1975-03-06,0.0,0.0017591339648173054
1975-03-07,0.0,0.004997973794407695
1975-03-10,0.0,0.006451612903225712
1975-03-11,0.0,0.002136752136752351
1975-03-12,0.0,-0.012126865671641895
1975-03-13,0.0,0.007419398354242768
1975-03-14,0.0,0.01861274772362065
1975-03-17,0.0,0.002629157355067635
1975-03-18,0.0,-0.0011800183558409172
1975-03-19,0.0,-0.0066946705171961884
1975-03-20,0.0,0.0014536804546054771
1975-03-21,0.0,0.001847453153866363
1975-03-24,0.0,-0.019757639620653356
1975-03-25,0.0,-0.0012093523246439197
1975-03-26,0.0,0.016547827256827796
1975-03-27,0.0,0.008205399682371661
1975-03-28,0.0,0.0
1975-03-31,0.0,-0.006825938566553003
1975-04-01,0.0,-0.003172085646312328
1975-04-02,0.0,0.0026518164942985756
1975-04-03,0.0,-0.008860089923300785
1975-04-04,0.0,-0.002935290193462281
1975-04-07,0.0,-0.005218787635487776
1975-04-08,0.0,0.0025558245897228105
1975-04-09,0.0,0.011673151750972721
1975-04-10,0.0,0.004774535809018543
1975-04-11,0.0,0.007259767687433971
1975-04-14,0.0,0.013366531254095149
1975-04-15,0.0,0.002327686538212914
1975-04-16,0.0,0.0063217649335569615
1975-04-17,0.0,0.0033333333333334103
1975-04-18,0.0,-0.0023000255558396354
1975-04-21,0.0,0.012807377049180335
1975-04-22,0.0,-0.006828528072837514
1975-04-23,0.0,-0.0038197097020628012
1975-04-24,0.0,-0.0021728016359918723
1975-04-25,0.0,0.00730114000256199
1975-04-28,0.0,-0.004577822990844305
1975-04-29,0.0,-0.005876341338784008
1975-04-30,0.0,0.009252120277563725
1975-05-01,0.0,0.009294626941685591
1975-05-02,0.0,0.012362810647155387
1975-05-05,0.0,0.011090342679127785
1975-05-06,0.0,-0.004067044614247006
1975-05-07,0.0,0.0061873530503651075
1975-05-08,0.0,0.009961874308203278
1975-05-09,0.0,0.00852411105698958
1975-05-12,0.0,-0.006278676648152626
1975-05-13,0.0,0.0006075334143378353
1975-05-14,0.0,0.006800242865816708
1975-05-15,0.0,-0.001447352550958736
1975-05-16,0.0,-0.004227563715424654
1975-05-19,0.0,-0.00545851528384278
1975-05-20,0.0,-0.0020734235882424734
1975-05-21,0.0,-0.010633097042287876
1975-05-22,0.0,0.007535515750463295
1975-05-23,0.0,0.012996566944580623
1975-05-26,0.0,0.0
1975-05-27,0.0,-0.0015734688937304453
1975-05-28,0.0,-0.0061825675839494165
1975-05-29,0.0,-0.0024396194193706533
1975-05-30,0.0,0.01614086573734408
1975-06-02,0.0,0.009386281588447565
1975-06-03,0.0,0.0030996661897950695
1975-06-04,0.0,-0.0011884953648679808
1975-06-05,0.0,0.002379819133745631
1975-06-06,0.0,0.006291547958214627
1975-06-09,0.0,-0.008965435885336714
1975-06-10,0.0,-0.007261040352338988
1975-06-11,0.0,0.0023980815347719453
1975-06-12,0.0,-0.007296650717703357
1975-06-13,0.0,0.005301843595614031
1975-06-16,0.0,0.006951935754524685
1975-06-17,0.0,-0.0069039400071420065
1975-06-18,0.0,0.00047944384513964877
1975-06-19,0.0,0.012938780400143735
1975-06-20,0.0,0.008160851567120098
1975-06-23,0.0,0.006217738151102825
1975-06-24,0.0,0.005363180599277317
1975-06-25,0.0,0.0008117824423052866
1975-06-26,0.0,0.0017381228273465332
1975-06-27,0.0,0.0005783689994216523
1975-06-30,0.0,0.0060115606936415045
1975-07-01,0.0,-0.007929211675476888
1975-07-02,0.0,-0.00799258658635471
1975-07-03,0.0,0.006539000467071565
1975-07-04,0.0,0.0
1975-07-07,0.0,-0.006960556844547661
1975-07-08,0.0,-0.002453271028037274
1975-07-09,0.0,0.012999180231877183
1975-07-10,0.0,0.003815028901734019
1975-07-11,0.0,0.004261200046067115
1975-07-14,0.0,0.004357798165137483
1975-07-15,0.0,0.004795615437314549
1975-07-16,0.0,-0.006931818181818206
1975-07-17,0.0,-0.002975168783613702
1975-07-18,0.0,-0.0012624813497073006
1975-07-21,0.0,-0.002872902780969855
1975-07-22,0.0,-0.012100956551803543
1975-07-23,0.0,-0.012832477834810896
1975-07-24,0.0,-0.005672417868116342
1975-07-25,0.0,-0.006417874970287674
1975-07-28,0.0,-0.006100478468899384
1975-07-29,0.0,-0.005054759898904804
1975-07-30,0.0,0.004354663118422586
1975-07-31,0.0,0.0019270143321690192
1975-08-01,0.0,-0.018872460632287424
1975-08-04,0.0,-0.007841215388385225
1975-08-05,0.0,-0.01000246974561625
1975-08-06,0.0,0.0008731445677934158
1975-08-07,0.0,-0.008100697906281096
1975-08-08,0.0,-0.0005025757004649689
1975-08-11,0.0,-0.0012570710245127792
1975-08-12,0.0,0.0018879798615480947
1975-08-13,0.0,-0.006407035175879261
1975-08-14,0.0,-0.00809204703502342
1975-08-15,0.0,0.0016571064372210564
1975-08-18,0.0,-0.00699923644693301
1975-08-19,0.0,-0.01768550557477888
1975-08-20,0.0,-0.014742335290280573
1975-08-21,0.0,0.005031779661017088
1975-08-22,0.0,0.007246376811594235
1975-08-25,0.0,0.005101373446697144
1975-08-26,0.0,-0.008198854763144303
1975-08-27,0.0,0.004723789528933153
1975-08-28,0.0,0.019459318270863335
1975-08-29,0.0,0.01217012554445307
1975-09-01,0.0,0.0
1975-09-02,0.0,-0.014175420832805985
1975-09-03,0.0,0.0024393375272819817
1975-09-04,0.0,0.0006403688524589946
1975-09-05,0.0,-0.004479713298348842
1975-09-08,0.0,-0.0041141681666239105
1975-09-09,0.0,-0.011102504518461176
1975-09-10,0.0,-0.017754569190600478
1975-09-11,0.0,-0.0051834130781499566
1975-09-12,0.0,-0.0017368069472277758
1975-09-15,0.0,-0.0033458244111349567
1975-09-16,0.0,-0.009265476030616338
1975-09-17,0.0,0.0012198427758201014
1975-09-18,0.0,0.012318938676052493
1975-09-19,0.0,0.021529820807702604
1975-09-22,0.0,-0.006938080900641408
1975-09-23,0.0,0.0010545742156604643
1975-09-24,0.0,0.006452462470371456
1975-09-25,0.0,-0.004317676305115925
1975-09-26,0.0,0.0005256241787123805
1975-09-29,0.0,-0.010112949829261808
1975-09-30,0.0,-0.01379859360488267
1975-10-01,0.0,-0.007130364590340443
1975-10-02,0.0,0.004878048780487809
1975-10-03,0.0,0.018069039913700236
1975-10-06,0.0,0.007019867549668879
1975-10-07,0.0,-0.0019729054320664074
1975-10-08,0.0,0.0096204533473907
1975-10-09,0.0,0.0033938128181700833
1975-10-10,0.0,0.0011708078574215186
1975-10-13,0.0,0.009615384615384803
1975-10-14,0.0,0.006306306306306242
1975-10-15,0.0,0.0001278935925310698
1975-10-16,0.0,-0.0072890025575448325
1975-10-17,0.0,0.007600154579415319
1975-10-20,0.0,-0.0011506008693429326
1975-10-21,0.0,0.003839754255727801
1975-10-22,0.0,0.0061201071018741615
1975-10-23,0.0,-0.010771765302242997
1975-10-24,0.0,0.007173968741993386
1975-10-27,0.0,-0.004197405240396801
1975-10-28,0.0,0.005620130284838432
1975-10-29,0.0,-0.014606884288073219
1975-10-30,0.0,-0.0016756896107243957
1975-10-31,0.0,-0.00593931568754047
1975-11-03,0.0,-0.004805818937524187
1975-11-04,0.0,0.003132341425215346
1975-11-05,0.0,0.0057246942492843456
1975-11-06,0.0,0.0011642949547219228
1975-11-07,0.0,-0.002325881896885984
1975-11-10,0.0,0.0032379225488925467
1975-11-11,0.0,0.006971340046475705
1975-11-12,0.0,0.01628205128205118
1975-11-13,0.0,-0.000630755645262937
1975-11-14,0.0,-0.003029537995455578
1975-11-17,0.0,0.001519371992909413
1975-11-18,0.0,-0.006068268015170575
1975-11-19,0.0,-0.009539557364538265
1975-11-20,0.0,-0.0025683832027738607
1975-11-21,0.0,0.0009012488734387869
1975-11-24,0.0,0.002315410342166313
1975-11-25,0.0,0.0033367556468173465
1975-11-26,0.0,0.004860578152980244
1975-11-27,0.0,0.0
1975-11-28,0.0,0.003054989816700493
1975-12-01,0.0,-0.0017766497461928488
1975-12-02,0.0,-0.016908212560386437
1975-12-03,0.0,-0.021466442519074036
1975-12-04,0.0,-0.006211180124223614
1975-12-05,0.0,-0.00638297872340432
1975-12-08,0.0,0.002676659528908054
1975-12-09,0.0,-0.005339028296850068
1975-12-10,0.0,0.009796027911969984
1975-12-11,0.0,-0.002259136212624635
1975-12-12,0.0,-0.0022642514651038947
1975-12-15,0.0,-0.004939260445868232
1975-12-16,0.0,0.008720150254896586
1975-12-17,0.0,0.00811278095491419
1975-12-18,0.0,0.0035620052770448662
1975-12-19,0.0,-0.0019718680163006708
1975-12-22,0.0,-0.00434668071654376
1975-12-23,0.0,0.0038364863077124944
1975-12-24,0.0,0.0064575645756459465
1975-12-25,0.0,0.0
1975-12-26,0.0,0.009951551656409485
1975-12-29,0.0,-0.002463373525217083
1975-12-30,0.0,-0.00350922796984654
1975-12-31,0.0,0.01239076561888619
1976-01-01,0.0,0.0
1976-01-02,0.0,0.005668642102550914
1976-01-05,0.0,0.008967460927491677
1976-01-06,0.0,0.019172168613509344
1976-01-07,0.0,0.00896972717079847
1976-01-08,0.0,0.008149154216570142
1976-01-09,0.0,0.008083282302510764
1976-01-12,0.0,0.004859676831490578
1976-01-13,0.0,-0.003506226574779281
1976-01-14,0.0,0.014559572919194297
1976-01-15,0.0,0.0013154747668022715
1976-01-16,0.0,0.006807595843783432
1976-01-19,0.0,0.005100830367734455
1976-01-20,0.0,0.0020063731854125244
1976-01-21,0.0,0.0005889281507656108
1976-01-22,0.0,-0.0038846380223660493
1976-01-23,0.0,0.007563223824154974
1976-01-26,0.0,-0.0024630541871921707
1976-01-27,0.0,-0.00340975896531448
1976-01-28,0.0,-0.0015337423312884457
1976-01-29,0.0,0.01796053408956655
1976-01-30,0.0,0.010446894950667307
1976-02-02,0.0,0.0026421596783459123
1976-02-03,0.0,0.0011457378551786856
1976-02-04,0.0,0.012245365072099057
1976-02-05,0.0,-0.00486150367439242
1976-02-06,0.0,-0.008748011815496448
1976-02-09,0.0,0.006647564469913991
1976-02-10,0.0,0.0013662757599910424
1976-02-11,0.0,0.008413871517907845
1976-02-12,0.0,0.0021422933814410072
1976-02-13,0.0,0.0009000900090008201
1976-02-16,0.0,0.0
1976-02-17,0.0,-0.001573741007194207
1976-02-18,0.0,0.004616077460031676
1976-02-19,0.0,0.010198363778997965
1976-02-20,0.0,0.009762591524295594
1976-02-23,0.0,0.003186112942210606
1976-02-24,0.0,0.004599715255722225
1976-02-25,0.0,0.003924561212253375
1976-02-26,0.0,-0.006949723096970395
1976-02-27,0.0,-0.01301257517769272
1976-03-01,0.0,-0.0001107910480834251
1976-03-02,0.0,0.003213296398892007
1976-03-03,0.0,-0.004086591561740738
1976-03-04,0.0,-0.005766884773206082
1976-03-05,0.0,-0.0020078081427775674
1976-03-08,0.0,0.005588465407399212
1976-03-09,0.0,0.00011114816049806464
1976-03-10,0.0,0.0024449877750611915
1976-03-11,0.0,0.011197339246119542
1976-03-12,0.0,-0.0024120162262909473
1976-03-15,0.0,-0.013957577755797312
1976-03-16,0.0,0.0015604101649575597
1976-03-17,0.0,0.0027821054974404014
1976-03-18,0.0,-0.0062146265675285806
1976-03-19,0.0,-0.00011166945840301867
1976-03-22,0.0,0.00167522894795602
1976-03-23,0.0,0.007470175047385563
1976-03-24,0.0,0.006308100929614868
1976-03-25,0.0,-0.0028593423512592864
1976-03-26,0.0,0.0024263813830374126
1976-03-29,0.0,-0.00220046209704039
1976-03-30,0.0,-0.0022053148086890184
1976-03-31,0.0,0.0014366228312521212
1976-04-01,0.0,-0.0019863164864268867
1976-04-02,0.0,0.0021008403361344463
1976-04-05,0.0,0.008827099194527399
1976-04-06,0.0,0.0013124794925079009
1976-04-07,0.0,-0.008192244675040983
1976-04-08,0.0,-0.008370044052863346
1976-04-09,0.0,-0.012772101288316406
1976-04-12,0.0,-0.003262459219259828
1976-04-13,0.0,0.0006772009029345494
1976-04-14,0.0,0.0010151139183398605
1976-04-15,0.0,0.004732394366197212
1976-04-16,0.0,0.0
1976-04-19,0.0,0.004710104295166495
1976-04-20,0.0,0.011385199240986577
1976-04-21,0.0,0.001765809513298633
1976-04-22,0.0,0.002093202599978028
1976-04-23,0.0,-0.00395778364116095
1976-04-26,0.0,-0.00033112582781458233
1976-04-27,0.0,-0.0065142983327811654
1976-04-28,0.0,0.0035563458546343796
1976-04-29,0.0,0.002768549280177224
1976-04-30,0.0,-0.005190502484815007
1976-05-03,0.0,-0.011434280639431638
1976-05-04,0.0,0.002133632790566997
1976-05-05,0.0,0.0
1976-05-06,0.0,0.0020170327207531535
1976-05-07,0.0,0.006709908297919842
1976-05-10,0.0,0.005887580537658366
1976-05-11,0.0,0.0004417448923248468
1976-05-12,0.0,0.0005519372999227556
1976-05-13,0.0,-0.004633715798764371
1976-05-14,0.0,-0.004876967412990485
1976-05-17,0.0,-0.003230118066384513
1976-05-18,0.0,0.00044697731590126466
1976-05-19,0.0,-0.0031274433150899617
1976-05-20,0.0,0.0031372549019608176
1976-05-21,0.0,-0.0015637216575449253
1976-05-24,0.0,-0.013871797740239389
1976-05-25,0.0,-0.0038570618264323064
1976-05-26,0.0,0.0033025851269785633
1976-05-27,0.0,-0.003632236095346131
1976-05-28,0.0,0.002961950330371499
1976-05-31,0.0,0.0
1976-06-01,0.0,-0.0026124488868696227
1976-06-02,0.0,0.003985878601525883
1976-06-03,0.0,0.0011343012704174704
1976-06-04,0.0,-0.005778382053025166
1976-06-07,0.0,-0.006039886039886033
1976-06-08,0.0,-0.0011465260261407373
1976-06-09,0.0,-0.0019513314967860573
1976-06-10,0.0,0.004140310523289337
1976-06-11,0.0,0.004581376703699291
1976-06-14,0.0,0.00786683388439191
1976-06-15,0.0,0.0005656108597285048
1976-06-16,0.0,0.0054267947993216215
1976-06-17,0.0,0.008883391431462773
1976-06-18,0.0,0.003678109674543073
1976-06-21,0.0,0.001110494169905607
1976-06-22,0.0,-0.0067665002773156235
1976-06-23,0.0,-0.003908867545231232
1976-06-24,0.0,0.006839331763650591
1976-06-25,0.0,0.0027839643652560753
1976-06-28,0.0,-0.001998889505830048
1976-06-29,0.0,0.0026705240903526217
1976-06-30,0.0,0.002330484962823176
1976-07-01,0.0,-0.00044286979627983225
1976-07-02,0.0,0.006645990252547529
1976-07-05,0.0,0.0
1976-07-06,0.0,-0.0028609154929576386
1976-07-07,0.0,-0.00022070183182532066
1976-07-08,0.0,0.002097130242825651
1976-07-09,0.0,0.007599955942284353
1976-07-12,0.0,0.00502842151289884
1976-07-13,0.0,0.00032629976071341105
1976-07-14,0.0,0.005110362074589592
1976-07-15,0.0,0.0008654262224145892
1976-07-16,0.0,-0.0012970168612190802
1976-07-19,0.0,-0.0034632034632035014
1976-07-20,0.0,-0.004344048653344812
1976-07-21,0.0,-0.001636125654450371
1976-07-22,0.0,0.0014202993554024435
1976-07-23,0.0,-0.0006545930613135464
1976-07-26,0.0,-0.0013100436681221517
1976-07-27,0.0,-0.0019676432006996425
1976-07-28,0.0,-0.003176341730558474
1976-07-29,0.0,-0.001758048566091741
1976-07-30,0.0,0.004843148046230095
1976-08-02,0.0,-0.00021908204622644867
1976-08-03,0.0,0.00810781198641397
1976-08-04,0.0,-0.0015215737419845832
1976-08-05,0.0,-0.004245128986611557
1976-08-06,0.0,0.0017490161783995095
1976-08-09,0.0,-0.003382802269751184
1976-08-10,0.0,0.006131610642724272
1976-08-11,0.0,-0.0008706061595386005
1976-08-12,0.0,0.0008713647750788756
1976-08-13,0.0,-0.0008706061595386005
1976-08-16,0.0,-0.0004356823875395488
1976-08-17,0.0,0.002615233736515288
1976-08-18,0.0,-0.0017389414194109998
1976-08-19,0.0,-0.012084921066957022
1976-08-20,0.0,-0.006061273969583447
1976-08-23,0.0,-0.006541745204568183
1976-08-24,0.0,-0.005245535714285654
1976-08-25,0.0,0.004712218108380961
1976-08-26,0.0,-0.003908431044109317
1976-08-27,0.0,-0.0006726457399103269
1976-08-30,0.0,0.0015705631590756663
1976-08-31,0.0,0.0047043010752687575
1976-09-01,0.0,0.009921962095875037
1976-09-02,0.0,0.0009934871398609157
1976-09-03,0.0,0.003749448610498307
1976-09-06,0.0,0.0
1976-09-07,0.0,0.00208745330696547
1976-09-08,0.0,0.0005481855059752405
1976-09-09,0.0,-0.004383081306158276
1976-09-10,0.0,0.00363196125907983
1976-09-13,0.0,-0.0025222063822788465
1976-09-14,0.0,-0.0047273526824976875
1976-09-15,0.0,0.0011046062078867713
1976-09-16,0.0,0.004523888337195414
1976-09-17,0.0,0.006260984182776763
1976-09-20,0.0,0.003056434887021009
1976-09-21,0.0,0.005767765806943048
1976-09-22,0.0,0.000216403375892682
1976-09-23,0.0,-0.0018390307226309188
1976-09-24,0.0,0.00043351035005967375
1976-09-27,0.0,0.0014082981258800586
1976-09-28,0.0,-0.008654262224145337
1976-09-29,0.0,-0.004037538192928847
1976-09-30,0.0,-0.00010956502684333902
1976-10-01,0.0,-0.008985316677624477
1976-10-04,0.0,0.0002211410880141873
1976-10-05,0.0,-0.007848772938315207
1976-10-06,0.0,-0.0075766016713092466
1976-10-07,0.0,0.006287189850679331
1976-10-08,0.0,-0.0027892446725427122
1976-10-11,0.0,-0.004027746699485357
1976-10-12,0.0,-0.0029206919793304253
1976-10-13,0.0,0.0060838215412346575
1976-10-14,0.0,-0.006382978723404209
1976-10-15,0.0,0.0037191479770088964
1976-10-18,0.0,0.004491354143274062
1976-10-19,0.0,-0.00011178180192250586
1976-10-20,0.0,0.0020122973728338156
1976-10-21,0.0,-0.0015619770166238611
1976-10-22,0.0,-0.0025701195664319387
1976-10-25,0.0,0.001232354918216494
1976-10-26,0.0,0.0005594718585655301
1976-10-27,0.0,0.002236636099306688
1976-10-28,0.0,0.002566391430484094
1976-10-29,0.0,0.005564830272676735
1976-11-01,0.0,0.00044272274488110774
1976-11-02,0.0,0.0
1976-11-03,0.0,-0.011173802411771239
1976-11-04,0.0,0.007607965987916909
1976-11-05,0.0,-0.006551188096824423
1976-11-08,0.0,-0.008159159494802726
1976-11-09,0.0,-0.007437457741717335
1976-11-10,0.0,-0.0029518619436875726
1976-11-11,0.0,0.0037576861762698144
1976-11-12,0.0,-0.0005672149744754273
1976-11-15,0.0,0.00034052213393875874
1976-11-16,0.0,0.004425280835129941
1976-11-17,0.0,0.005535472209670322
1976-11-18,0.0,0.008987754184923036
1976-11-19,0.0,0.0017815388041420022
1976-11-22,0.0,0.005557408024897237
1976-11-23,0.0,-0.002763346965845015
1976-11-24,0.0,0.005209487918421685
1976-11-25,0.0,0.0
1976-11-26,0.0,0.008049399051714756
1976-11-29,0.0,-0.003719098665499909
1976-11-30,0.0,0.0004391743522178526
1976-12-01,0.0,0.007791922739244894
1976-12-02,0.0,0.00010889687465964748
1976-12-03,0.0,0.005117595818815213
1976-12-06,0.0,0.003466580002166486
1976-12-07,0.0,0.004102342653568014
1976-12-08,0.0,0.003870551553596391
1976-12-09,0.0,0.007818357074006466
1976-12-10,0.0,0.005526036131774825
1976-12-13,0.0,0.0
1976-12-14,0.0,0.0003170577045021883
1976-12-15,0.0,0.0028526148969889586
1976-12-16,0.0,0.00010535187526339307
1976-12-17,0.0,-0.0030548825450332773
1976-12-20,0.0,-0.0017962806424345334
1976-12-21,0.0,0.0022229279136234403
1976-12-22,0.0,0.00528094634558518
1976-12-23,0.0,0.0004202563563773243
1976-12-24,0.0,0.0
1976-12-27,0.0,0.004830917874396157
1976-12-28,0.0,0.005643812709029916
1976-12-29,0.0,0.0007274994803576629
1976-12-30,0.0,0.007892823761553647
1976-12-31,0.0,0.00855229263266355
1977-01-03,0.0,-0.0019411524315487982
1977-01-04,0.0,-0.004811137270959165
1977-01-05,0.0,-0.003394363299732528
1977-01-06,0.0,0.0041283930230158195
1977-01-07,0.0,0.0024668516805426144
1977-01-10,0.0,-0.002255716189890289
1977-01-11,0.0,-0.009248792518754545
1977-01-12,0.0,-0.004045223524530628
1977-01-13,0.0,0.008539887523432599
1977-01-14,0.0,0.0037174721189590088
1977-01-17,0.0,-0.0006172839506173311
1977-01-18,0.0,-0.00010294420424139528
1977-01-19,0.0,0.004324101719345164
1977-01-20,0.0,-0.004818042029728353
1977-01-21,0.0,0.0024721878862792313
1977-01-24,0.0,0.0005137690094534353
1977-01-25,0.0,-0.003183732155694785
1977-01-26,0.0,-0.005666597980630517
1977-01-27,0.0,-0.00486996166200393
1977-01-28,0.0,-0.0033319450229072345
1977-01-31,0.0,-0.0018804847471791675
1977-02-01,0.0,0.007954783336822091
1977-02-02,0.0,0.001661474558670717
1977-02-03,0.0,-0.0013477088948786742
1977-02-04,0.0,0.004256202636769402
1977-02-07,0.0,-0.0013438081455446893
1977-02-08,0.0,-0.000207017907048912
1977-02-09,0.0,-0.0062118231701004945
1977-02-10,0.0,0.0031253255547454284
1977-02-11,0.0,-0.0020770588846193982
1977-02-14,0.0,0.00041627640753461037
1977-02-15,0.0,0.0029127223551441705
1977-02-16,0.0,0.002178197282439731
1977-02-17,0.0,-0.0006209894431794538
1977-02-18,0.0,-0.0018641259320630876
1977-02-21,0.0,0.0
1977-02-22,0.0,-0.002490143183232929
1977-02-23,0.0,-0.0039525691699604515
1977-02-24,0.0,-0.009607351712614842
1977-02-25,0.0,0.000632644453816944
1977-02-28,0.0,-0.0034773445732351194
1977-03-01,0.0,0.006027281378872873
1977-03-02,0.0,0.000525541307546673
1977-03-03,0.0,0.0035718037608993836
1977-03-04,0.0,0.005652674552496517
1977-03-07,0.0,0.001040907671489677
1977-03-08,0.0,0.0006238951856087915
1977-03-09,0.0,-0.004988049464823896
1977-03-10,0.0,0.0019843342036554024
1977-03-11,0.0,0.0013550135501354532
1977-03-14,0.0,0.0012490892057874792
1977-03-15,0.0,0.002079218213951517
1977-03-16,0.0,0.0019711588339039743
1977-03-17,0.0,-0.00165665769310408
1977-03-18,0.0,0.000207425845260234
1977-03-21,0.0,-0.0018664454583159351
1977-03-22,0.0,-0.0021815915229587146
1977-03-23,0.0,-0.003019260801665702
1977-03-24,0.0,-0.0022974101921470202
1977-03-25,0.0,-0.002721373246807657
1977-03-28,0.0,-0.00451301427371964
1977-03-29,0.0,0.0007380073800737907
1977-03-30,0.0,-0.0072692793931731225
1977-03-31,0.0,-0.001061233152923835
1977-04-01,0.0,0.004355678317220946
1977-04-04,0.0,-0.00676962132430714
1977-04-05,0.0,-0.0025559105431310902
1977-04-06,0.0,0.0024556907964981
1977-04-07,0.0,0.0014911066141229945
1977-04-08,0.0,0.0
1977-04-11,0.0,0.0036158672764012856
1977-04-12,0.0,0.007311645650100562
1977-04-13,0.0,0.00042078687144941895
1977-04-14,0.0,0.009463722397476504
1977-04-15,0.0,0.0027083333333333126
1977-04-18,0.0,-0.0009349677955537983
1977-04-19,0.0,-0.0007278777165437011
1977-04-20,0.0,0.002705515088449628
1977-04-21,0.0,-0.005603985056039873
1977-04-22,0.0,-0.007305364224587607
1977-04-25,0.0,-0.009041211101766145
1977-04-26,0.0,-0.0014852535539995326
1977-04-27,0.0,0.007118572035699211
1977-04-28,0.0,0.0028484017301402265
1977-04-29,0.0,0.004418262150220897
1977-05-02,0.0,0.003665689149560114
1977-05-03,0.0,0.00396535531670672
1977-05-04,0.0,0.004365450576863106
1977-05-05,0.0,0.0026906757735694065
1977-05-06,0.0,0.00010320982557554537
1977-05-09,0.0,-0.0014447884416924905
1977-05-10,0.0,0.004133939644481055
1977-05-11,0.0,-0.002470152326060071
1977-05-12,0.0,0.0004127115146512761
1977-05-13,0.0,0.004641089108910812
1977-05-16,0.0,0.003901036854532469
1977-05-17,0.0,0.0011248593925758943
1977-05-18,0.0,0.0058222676200203605
1977-05-19,0.0,-0.0011170914999492076
1977-05-20,0.0,-0.0036600244001626647
1977-05-23,0.0,-0.00867346938775504
1977-05-24,0.0,-0.005043746783324865
1977-05-25,0.0,-0.00496585971446295
1977-05-26,0.0,-0.00010397171969234176
1977-05-27,0.0,-0.002807528335239673
1977-05-30,0.0,0.0
1977-05-31,0.0,-0.003232533889468203
1977-06-01,0.0,0.0028245632388324005
1977-06-02,0.0,-0.0006259127894846506
1977-06-03,0.0,0.004070981210855917
1977-06-06,0.0,-0.0008316872855805846
1977-06-07,0.0,0.0006242846738113705
1977-06-08,0.0,0.004367266299261763
1977-06-09,0.0,0.0004141215446733515
1977-06-10,0.0,0.004553451309117218
1977-06-13,0.0,0.00216338724631715
1977-06-14,0.0,0.0043174342105263275
1977-06-15,0.0,-0.0003070624360286267
1977-06-16,0.0,0.005631207126036708
1977-06-17,0.0,0.003970678069639577
1977-06-20,0.0,0.0011155055268228242
1977-06-21,0.0,0.0011142625607778456
1977-06-22,0.0,-0.0005059192552868685
1977-06-23,0.0,0.0039481676452723935
1977-06-24,0.0,0.0049410103862055355
1977-06-27,0.0,-0.0003010234798314082
1977-06-28,0.0,-0.0035129980929438087
1977-06-29,0.0,0.0006043513295730385
1977-06-30,0.0,0.003925911012683692
1977-07-01,0.0,0.0017046024265516824
1977-07-04,0.0,0.0
1977-07-05,0.0,0.0022022022022021304
1977-07-06,0.0,-0.0015980823012385903
1977-07-07,0.0,0.003201280512205029
1977-07-08,0.0,0.005285201435979214
1977-07-11,0.0,0.0003967860331315354
1977-07-12,0.0,-0.0009915716410510145
1977-07-13,0.0,0.0017866004962778792
1977-07-14,0.0,0.0
1977-07-15,0.0,0.0047557713266619395
1977-07-18,0.0,0.005916576274529239
1977-07-19,0.0,0.0036270953828054786
1977-07-20,0.0,0.0004883766360619379
1977-07-21,0.0,0.0026359465000487248
1977-07-22,0.0,0.00399221032132413
1977-07-25,0.0,-0.0009698380370477544
1977-07-26,0.0,-0.005921755169401077
1977-07-27,0.0,-0.01123046875
1977-07-28,0.0,-0.00562962962962954
1977-07-29,0.0,-0.00029797377830753646
1977-08-01,0.0,0.0010928961748633004
1977-08-02,0.0,-0.0035728463676062416
1977-08-03,0.0,-0.003784860557769054
1977-08-04,0.0,0.0036992601479703957
1977-08-05,0.0,0.004681741209283885
1977-08-08,0.0,-0.003073567321039139
1977-08-09,0.0,-0.0002983590253605728
1977-08-10,0.0,0.0028849980103462514
1977-08-11,0.0,0.0012895546076776565
1977-08-12,0.0,-0.0017832375668713762
1977-08-15,0.0,0.0012901945216354793
1977-08-16,0.0,-0.0023788284269996574
1977-08-17,0.0,0.0006954793840039386
1977-08-18,0.0,0.0013899920571882607
1977-08-19,0.0,-9.914733293681088e-05
1977-08-22,0.0,0.001983143282102251
1977-08-23,0.0,-0.0010885700148440813
1977-08-24,0.0,-0.001882306320586502
1977-08-25,0.0,-0.0060545905707195535
1977-08-26,0.0,-0.002496504893149565
1977-08-29,0.0,0.0048052858143958765
1977-08-30,0.0,-0.0025904154627877096
1977-08-31,0.0,-9.989012086708549e-05
1977-09-01,0.0,0.0029970029970030065
1977-09-02,0.0,0.004282868525896433
1977-09-05,0.0,0.0
1977-09-06,0.0,-0.0004958841614598475
1977-09-07,0.0,0.0037705894026591746
1977-09-08,0.0,0.0011862396204034287
1977-09-09,0.0,-0.003653238546603488
1977-09-12,0.0,-0.0030720443959965094
1977-09-13,0.0,-0.001391650099403563
1977-09-14,0.0,0.0014931315946646873
1977-09-15,0.0,0.003578173143822694
1977-09-16,0.0,-0.002277904328018221
1977-09-19,0.0,-0.0038713519952352504
1977-09-20,0.0,-0.0011958146487293098
1977-09-21,0.0,-0.004689214805946307
1977-09-22,0.0,-0.0029069767441861627
1977-09-23,0.0,0.0010053282396702556
1977-09-26,0.0,0.001707341568745635
1977-09-27,0.0,0.0
1977-09-28,0.0,0.0022057349107680313
1977-09-29,0.0,0.003101240496198532
1977-09-30,0.0,0.0057843821681460295
1977-10-03,0.0,0.003073872087258289
1977-10-04,0.0,-0.0034598655595096117
1977-10-05,0.0,9.919650828282833e-05
1977-10-06,0.0,0.004860146796270781
1977-10-07,0.0,0.0030599151120322965
1977-10-10,0.0,0.0006888407793741447
1977-10-11,0.0,-0.00452355197167853
1977-10-12,0.0,-0.013829892324409787
1977-10-13,0.0,-0.00801362315937093
1977-10-14,0.0,0.00020195900232256037
1977-10-17,0.0,0.0009086320040383455
1977-10-18,0.0,0.0011095420617308616
1977-10-19,0.0,-0.008060453400503764
1977-10-20,0.0,0.001523616048755727
1977-10-21,0.0,-0.000608519269776786
1977-10-24,0.0,-0.006596306068601621
1977-10-25,0.0,-0.010828480948002928
1977-10-26,0.0,0.0003098213363628144
1977-10-27,0.0,0.00216807763782767
1977-10-28,0.0,0.0043267744926343
1977-10-31,0.0,0.0003077238691147066
1977-11-01,0.0,-0.007998359310910641
1977-11-02,0.0,-0.0023775067190405785
1977-11-03,0.0,-0.0002072324111491719
1977-11-04,0.0,0.007461913151621813
1977-11-07,0.0,0.00658368480608984
1977-11-08,0.0,0.003679100664282009
1977-11-09,0.0,0.0049893086243764095
1977-11-10,0.0,0.012968591691995934
1977-11-11,0.0,0.009601920384076701
1977-11-14,0.0,0.00039627501486028116
1977-11-15,0.0,0.005347593582887722
1977-11-16,0.0,0.00039401103230907175
1977-11-17,0.0,0.002953918865695071
1977-11-18,0.0,0.0035342627135284133
1977-11-21,0.0,0.0012717667775385966
1977-11-22,0.0,0.005666829506595139
1977-11-23,0.0,0.00786942582337491
1977-11-24,0.0,0.0
1977-11-25,0.0,0.005687295160979433
1977-11-28,0.0,-0.0025879421067764863
1977-11-29,0.0,-0.008264462809917328
1977-11-30,0.0,-0.0004844961240310086
1977-12-01,0.0,0.005138148327678227
1977-12-02,0.0,0.004050925925925819
1977-12-05,0.0,0.00048030739673410316
1977-12-06,0.0,-0.011329812770043302
1977-12-07,0.0,-0.0011653879770807674
1977-12-08,0.0,0.0020418084589208796
1977-12-09,0.0,0.00494857364641943
1977-12-12,0.0,0.0030896977889351973
1977-12-13,0.0,0.0020213687554142545
1977-12-14,0.0,-0.0013448607108549337
1977-12-15,0.0,-0.0006733358984224447
1977-12-16,0.0,0.001540090480315781
1977-12-19,0.0,-0.007208073041806817
1977-12-20,0.0,-0.007744433688286478
1977-12-21,0.0,0.005170731707317078
1977-12-22,0.0,0.003688246141900331
1977-12-23,0.0,0.005125229668310638
1977-12-26,0.0,0.0
1977-12-27,0.0,0.00019241870309794074
1977-12-28,0.0,0.0007695267410543494
1977-12-29,0.0,0.00365244136870424
1977-12-30,0.0,0.006033326948860385
1978-01-02,0.0,0.0
1978-01-03,0.0,-0.009995240361732494
1978-01-04,0.0,-0.003269230769230802
1978-01-05,0.0,-0.004341115184256283
1978-01-06,0.0,-0.015017924619707412
1978-01-09,0.0,-0.014361597481801991
1978-01-10,0.0,-0.0061876247504990545
1978-01-11,0.0,-0.004920666800562357
1978-01-12,0.0,0.004541326067211582
1978-01-13,0.0,0.0023106288929073404
1978-01-16,0.0,-0.004109451738999681
1978-01-17,0.0,0.0062399355877618135
1978-01-18,0.0,0.004400880176035127
1978-01-19,0.0,0.001593308105954927
1978-01-20,0.0,0.0004971167230065632
1978-01-23,0.0,-0.0028818443804033977
1978-01-24,0.0,0.0019932230416583874
1978-01-25,0.0,0.003282275711159688
1978-01-26,0.0,-0.0033706751264003243
1978-01-27,0.0,0.0008952551477170445
1978-01-30,0.0,0.0034784337109918795
1978-01-31,0.0,-0.0012875111419232699
1978-02-01,0.0,0.0069416898056327
1978-02-02,0.0,0.00393933425251114
1978-02-03,0.0,0.0027467137531882457
1978-02-06,0.0,0.0004891410682841268
1978-02-07,0.0,0.0046934584922264655
1978-02-08,0.0,0.00418491484184913
1978-02-09,0.0,0.0001938360147315521
1978-02-10,0.0,0.0036821705426355322
1978-02-13,0.0,-0.002317049623479339
1978-02-14,0.0,-0.005419005225469342
1978-02-15,0.0,-0.002140494259583514
1978-02-16,0.0,-0.0038026521060842144
1978-02-17,0.0,0.0007830087109719219
1978-02-20,0.0,0.0
1978-02-21,0.0,-0.002542787286063608
1978-02-22,0.0,0.0013726835964309458
1978-02-23,0.0,0.00029374326838338405
1978-02-24,0.0,0.005285826155051021
1978-02-27,0.0,-0.004673807205452851
1978-02-28,0.0,-0.007337116024261348
1978-03-01,0.0,0.0
1978-03-02,0.0,0.002365231102788856
1978-03-03,0.0,0.002359649985252288
1978-03-06,0.0,-0.002059833251593979
1978-03-07,0.0,0.0027521132298014006
1978-03-08,0.0,0.0038227798470888974
1978-03-09,0.0,0.004003515281710834
1978-03-10,0.0,0.005835440575763462
1978-03-13,0.0,0.0010636240572423628
1978-03-14,0.0,0.0012556746836664967
1978-03-15,0.0,0.0013505691684352339
1978-03-16,0.0,0.005587668593448836
1978-03-17,0.0,0.005365012454493279
1978-03-20,0.0,0.004002287021154904
1978-03-21,0.0,-0.003227031131359137
1978-03-22,0.0,0.0013330794134449597
1978-03-23,0.0,0.0021871434005324986
1978-03-24,0.0,0.0
1978-03-27,0.0,-0.0008539709649871829
1978-03-28,0.0,0.003608736942070312
1978-03-29,0.0,0.0037850113550339515
1978-03-30,0.0,0.0009426847662141746
1978-03-31,0.0,0.00018835938971561994
1978-04-03,0.0,-0.0029190207156308823
1978-04-04,0.0,0.002927566342430854
1978-04-05,0.0,0.007062146892655274
1978-04-06,0.0,0.004862085086488888
1978-04-07,0.0,0.007071740950963079
1978-04-10,0.0,0.002771874711263056
1978-04-11,0.0,-0.0008292637980282791
1978-04-12,0.0,0.003965326447805229
1978-04-13,0.0,0.010287498851841548
1978-04-14,0.0,0.011819256296027092
1978-04-17,0.0,0.0055710306406684396
1978-04-18,0.0,-0.004289160932892444
1978-04-19,0.0,0.0018845912231892914
1978-04-20,0.0,0.010927982801863134
1978-04-21,0.0,0.004075846181109233
1978-04-24,0.0,0.0024708789269325404
1978-04-25,0.0,0.005985915492957794
1978-04-26,0.0,0.003675183759187961
1978-04-27,0.0,-0.0009590235396687019
1978-04-28,0.0,0.005148791343049242
1978-05-01,0.0,0.006772009029345272
1978-05-02,0.0,0.0013797861331494854
1978-05-03,0.0,0.0007750602824663222
1978-05-04,0.0,0.00232338008777222
1978-05-05,0.0,0.006782280219780112
1978-05-08,0.0,-0.0011085529120832271
1978-05-09,0.0,-0.0007683114222298837
1978-05-10,0.0,0.004271678769756537
1978-05-11,0.0,0.005954912803062484
1978-05-12,0.0,0.009725158562367886
1978-05-15,0.0,0.003350083752093669
1978-05-16,0.0,0.008180300500834736
1978-05-17,0.0,0.008776287464812071
1978-05-18,0.0,-0.0014773473407748705
1978-05-19,0.0,-0.0007397665625513694
1978-05-22,0.0,0.0029612568890351465
1978-05-23,0.0,-0.007873369966374222
1978-05-24,0.0,-0.009671819459370123
1978-05-25,0.0,0.00016694490818025542
1978-05-26,0.0,0.0003338340844600829
1978-05-29,0.0,0.0
1978-05-30,0.0,0.0011680293675955244
1978-05-31,0.0,0.0020000000000000018
1978-06-01,0.0,0.0008316699933466065
1978-06-02,0.0,0.005733754362639232
1978-06-05,0.0,0.008840783276873543
1978-06-06,0.0,0.006142506142506221
1978-06-07,0.0,0.0020350020350019538
1978-06-08,0.0,0.00722989439480104
1978-06-09,0.0,0.0033873699491895337
1978-06-12,0.0,-0.0009645526886905564
1978-06-13,0.0,-0.0004022849786790017
1978-06-14,0.0,0.002173213135866048
1978-06-15,0.0,-0.0025700746927957985
1978-06-16,0.0,-0.004026089057089899
1978-06-19,0.0,-0.006225240520656428
1978-06-20,0.0,-0.007240481614057881
1978-06-21,0.0,-0.011472588707694853
1978-06-22,0.0,0.0004144905910636876
1978-06-23,0.0,0.0004971826317532457
1978-06-26,0.0,-0.009938711280437218
1978-06-27,0.0,-0.003011544252969678
1978-06-28,0.0,0.0028528276556467613
1978-06-29,0.0,0.0038487282463186556
1978-06-30,0.0,0.0026671111851974683
1978-07-03,0.0,-0.0012468827930174342
1978-07-04,0.0,0.0
1978-07-05,0.0,-0.00774032459425722
1978-07-06,0.0,-0.003355141754739166
1978-07-07,0.0,0.0028614711328058817
1978-07-10,0.0,0.0018462571332662492
1978-07-11,0.0,0.0037694756240576055
1978-07-12,0.0,0.0037553200367186346
1978-07-13,0.0,0.0012470901230463571
1978-07-14,0.0,0.009549115668853192
1978-07-17,0.0,0.0064155288698799495
1978-07-18,0.0,-0.0022066034651846422
1978-07-19,0.0,0.005815382095175625
1978-07-20,0.0,0.007736156351791479
1978-07-21,0.0,-0.00121212121212122
1978-07-24,0.0,-8.090614886724357e-05
1978-07-25,0.0,0.00161825390403747
1978-07-26,0.0,0.0055739558930445465
1978-07-27,0.0,0.005221722365038595
1978-07-28,0.0,0.0039159274354672036
1978-07-31,0.0,0.00557236108899839
1978-08-01,0.0,0.0038790373654211674
1978-08-02,0.0,0.010645848119233525
1978-08-03,0.0,0.00671036204744091
1978-08-04,0.0,0.005348008060765741
1978-08-07,0.0,0.0038547529103385436
1978-08-08,0.0,0.0021503724752323095
1978-08-09,0.0,0.008812935857153592
1978-08-10,0.0,-0.0004557885141291962
1978-08-11,0.0,0.0031919744642041614
1978-08-14,0.0,0.0008333333333334636
1978-08-15,0.0,-0.0012111119521612812
1978-08-16,0.0,0.006214475179992629
1978-08-17,0.0,0.010318596068388697
1978-08-18,0.0,0.004249291784702791
1978-08-21,0.0,-0.0069779526390022495
1978-08-22,0.0,0.0007475517679598198
1978-08-23,0.0,0.00642414282512882
1978-08-24,0.0,0.004082238551176509
1978-08-25,0.0,0.004139562389118945
1978-08-28,0.0,-0.00441696113074197
1978-08-29,0.0,-0.004510499852114824
1978-08-30,0.0,0.0008913317982619517
1978-08-31,0.0,0.0019294990723561778
1978-09-01,0.0,0.0025183319754091826
1978-09-04,0.0,0.0
1978-09-05,0.0,0.0008127077946067374
1978-09-06,0.0,0.007529898124907675
1978-09-07,0.0,0.0044695193434936
1978-09-08,0.0,0.009263987161718612
1978-09-11,0.0,0.004264238219138239
1978-09-12,0.0,0.0020870816840592443
1978-09-13,0.0,7.181844297599049e-05
1978-09-14,0.0,-0.006535008976660706
1978-09-15,0.0,-0.007083995952002264
1978-09-18,0.0,-0.012449039021549257
1978-09-19,0.0,-0.011721341688168074
1978-09-20,0.0,-0.010443085185737777
1978-09-21,0.0,-0.004221317654153456
1978-09-22,0.0,0.0015140045420136694
1978-09-25,0.0,-0.0014361300075586003
1978-09-26,0.0,0.006131254257815355
1978-09-27,0.0,-0.006846223292205855
1978-09-28,0.0,0.0007575183698207422
1978-09-29,0.0,0.005904170766785066
1978-10-02,0.0,0.003085258484460951
1978-10-03,0.0,-0.0014253563390848045
1978-10-04,0.0,-7.512583577506948e-05
1978-10-05,0.0,0.0033057851239668423
1978-10-06,0.0,0.0034446607757976366
1978-10-09,0.0,0.004776119402984946
1978-10-10,0.0,0.002153891859774326
1978-10-11,0.0,0.002519825094493555
1978-10-12,0.0,0.002217786648924358
1978-10-13,0.0,7.376263185077114e-05
1978-10-16,0.0,-0.012096179377489413
1978-10-17,0.0,-0.022248768105121663
1978-10-18,0.0,-0.015577275503970811
1978-10-19,0.0,-0.013186472230840796
1978-10-20,0.0,-0.026725357648168524
1978-10-23,0.0,-0.015183330641253434
1978-10-24,0.0,-0.0065606035755289005
1978-10-25,0.0,0.0001650982334489015
1978-10-26,0.0,-0.026081214922416662
1978-10-27,0.0,-0.02330508474576276
1978-10-30,0.0,-0.024728850325379526
1978-10-31,0.0,-0.011387900355871894
1978-11-01,0.0,0.03176745860331165
1978-11-02,0.0,-0.000174443959877979
1978-11-03,0.0,0.007502399022943473
1978-11-06,0.0,-0.003550090916962456
1978-11-07,0.0,-0.019551616266944682
1978-11-08,0.0,0.0014180625720110474
1978-11-09,0.0,0.007876803256925413
1978-11-10,0.0,0.008429926238145535
1978-11-13,0.0,-0.016022291884360884
1978-11-14,0.0,-0.018761061946902746
1978-11-15,0.0,0.005050505050504972
1978-11-16,0.0,0.006909547738693345
1978-11-17,0.0,0.01318955529810184
1978-11-20,0.0,0.007212595654850995
1978-11-21,0.0,0.00043664308793989193
1978-11-22,0.0,0.007070530726257074
1978-11-23,0.0,0.0
1978-11-24,0.0,0.006934211666811185
1978-11-27,0.0,-0.0017216148747525306
1978-11-28,0.0,-0.003190480296628495
1978-11-29,0.0,-0.013062283737024116
1978-11-30,0.0,0.005259006047857007
1978-12-01,0.0,0.013078733978550972
1978-12-04,0.0,0.003270505206988572
1978-12-05,0.0,0.009436390151840168
1978-12-06,0.0,0.006628707402056566
1978-12-07,0.0,0.0008442380751372269
1978-12-08,0.0,0.0018557570645296728
1978-12-11,0.0,0.0031994611433865394
1978-12-12,0.0,-0.0054553084347461755
1978-12-13,0.0,-0.003122362869198314
1978-12-14,0.0,0.00016930500296297168
1978-12-15,0.0,-0.0062632247143462605
1978-12-18,0.0,-0.0262328592113108
1978-12-19,0.0,0.003498644275343299
1978-12-20,0.0,0.004968186176239842
1978-12-21,0.0,0.004770164787510911
1978-12-22,0.0,0.009322399654726032
1978-12-25,0.0,0.0
1978-12-26,0.0,0.0064140939023347165
1978-12-27,0.0,-0.002974167233174785
1978-12-28,0.0,-0.00025568908207618257
1978-12-29,0.0,0.005797101449275477
1979-01-01,0.0,0.0
1979-01-02,0.0,-0.0011866418036955428
1979-01-03,0.0,0.010777325186693831
1979-01-04,0.0,0.013013181093107118
1979-01-05,0.0,0.011519973479197754
1979-01-08,0.0,-0.0010651372388365
1979-01-09,0.0,0.00606955380577423
1979-01-10,0.0,-0.0030979944562203876
1979-01-11,0.0,0.003925417075564264
1979-01-12,0.0,0.007983056370153063
1979-01-15,0.0,0.005899466623565663
1979-01-16,0.0,-0.0058648670362336786
1979-01-17,0.0,-0.001212219169225759
1979-01-18,0.0,0.005825714054535247
1979-01-19,0.0,0.0027350977395221854
1979-01-22,0.0,8.022462896106752e-05
1979-01-23,0.0,0.00641745547890249
1979-01-24,0.0,-0.0009564801530367317
1979-01-25,0.0,0.008616562948779327
1979-01-26,0.0,0.0049042872963138695
1979-01-29,0.0,-0.0021253148614610584
1979-01-30,0.0,-0.002050958428650218
1979-01-31,0.0,-0.005454114299265012
1979-02-01,0.0,-0.0004768717215067886
1979-02-02,0.0,0.0004770992366411875
1979-02-05,0.0,-0.011762835797170523
1979-02-06,0.0,-0.0002412739263309982
1979-02-07,0.0,-0.012147051725524993
1979-02-08,0.0,0.004967426710097644
1979-02-09,0.0,0.0028360748723768037
1979-02-12,0.0,0.0023432449903038055
1979-02-13,0.0,0.006771463119709775
1979-02-14,0.0,-0.002241972936183889
1979-02-15,0.0,0.002568012198058023
1979-02-16,0.0,0.005122868806531455
1979-02-19,0.0,0.0
1979-02-20,0.0,0.0020705582543600887
1979-02-21,0.0,-0.0005563061273146097
1979-02-22,0.0,-0.0024650127226463203
1979-02-23,0.0,-0.003268234356317179
1979-02-26,0.0,-0.0011196417146512871
1979-02-27,0.0,-0.018094475580464398
1979-02-28,0.0,-0.000652315720808816
1979-03-01,0.0,0.006282637075718078
1979-03-02,0.0,0.0027568312657098026
1979-03-05,0.0,0.008490337187676777
1979-03-06,0.0,-0.0023252084669659334
1979-03-07,0.0,0.009483243590773904
1979-03-08,0.0,0.011464055409601048
1979-03-09,0.0,0.0015741833923652582
1979-03-12,0.0,-0.0004715127701375721
1979-03-13,0.0,0.003931126660901008
1979-03-14,0.0,-0.0007831466833737588
1979-03-15,0.0,0.0020377772552706563
1979-03-16,0.0,0.005475166210402893
1979-03-19,0.0,0.004589653831193807
1979-03-20,0.0,-0.0027102369521448955
1979-03-21,0.0,0.005046975696870959
1979-03-22,0.0,0.004944375772558907
1979-03-23,0.0,0.0038437884378843545
1979-03-26,0.0,-0.003599326083626897
1979-03-27,0.0,0.005149488894012677
1979-03-28,0.0,0.0006881786205841234
1979-03-29,0.0,0.0032092916634827162
1979-03-30,0.0,0.0035798613755808617
1979-04-02,0.0,-0.0030358227079536615
1979-04-03,0.0,0.007384287454323957
1979-04-04,0.0,0.003173883473135186
1979-04-05,0.0,0.004670433145009367
1979-04-06,0.0,0.002849216465471871
1979-04-09,0.0,-7.47663551401434e-05
1979-04-10,0.0,0.0035890533871689723
1979-04-11,0.0,-0.004842795410520129
1979-04-12,0.0,-0.0002246013326345775
1979-04-13,0.0,0.0
1979-04-16,0.0,-0.007937696570316066
1979-04-17,0.0,-0.0016606280193236511
1979-04-18,0.0,0.004914562225918795
1979-04-19,0.0,0.002031449853284295
1979-04-20,0.0,0.003679231115782944
1979-04-23,0.0,0.0014962220393508474
1979-04-24,0.0,0.0031373720773884006
1979-04-25,0.0,0.0036488197185196025
1979-04-26,0.0,-0.0009645347974476248
1979-04-27,0.0,-0.0020794652803565183
1979-04-30,0.0,-0.0040931755600208675
1979-05-01,0.0,-0.00022418173666116648
1979-05-02,0.0,0.0014948800358771663
1979-05-03,0.0,0.001567281140383514
1979-05-04,0.0,-0.0035767511177347
1979-05-07,0.0,-0.02333233622494768
1979-05-08,0.0,-0.007656967840735107
1979-05-09,0.0,0.00570987654320998
1979-05-10,0.0,-0.004833512352309333
1979-05-11,0.0,-0.00015419011641359948
1979-05-14,0.0,-0.005397486313516775
1979-05-15,0.0,0.00015505077912991716
1979-05-16,0.0,0.0026354546159212955
1979-05-17,0.0,0.008426749130266753
1979-05-18,0.0,0.004369825206991695
1979-05-21,0.0,0.00114495076711707
1979-05-22,0.0,0.005641964013418876
1979-05-23,0.0,0.001667930250189631
1979-05-24,0.0,-0.00015137753557381561
1979-05-25,0.0,0.004390613171839641
1979-05-28,0.0,0.0
1979-05-29,0.0,-0.0016581248115766778
1979-05-30,0.0,-0.008077910312547343
1979-05-31,0.0,0.0002283278788339782
1979-06-01,0.0,0.0025871252472988715
1979-06-04,0.0,0.0014420157862780059
1979-06-05,0.0,0.008109132247063444
1979-06-06,0.0,0.00451059990978786
1979-06-07,0.0,0.006960035922766172
1979-06-08,0.0,0.003047194351542215
1979-06-11,0.0,0.0005927682276227753
1979-06-12,0.0,0.006516587677725116
1979-06-13,0.0,0.0006621542083578014
1979-06-14,0.0,7.352400558802152e-05
1979-06-15,0.0,0.0016909278047345655
1979-06-18,0.0,-0.0029357798165138282
1979-06-19,0.0,0.0014722119985279836
1979-06-20,0.0,0.0029400955531053707
1979-06-21,0.0,0.001905459875412463
1979-06-22,0.0,0.003876819545022281
1979-06-25,0.0,-0.002550276887205105
1979-06-26,0.0,-0.002629848783694877
1979-06-27,0.0,0.00637222588442099
1979-06-28,0.0,0.0049490538573508935
1979-06-29,0.0,0.00036210892236376857
1979-07-02,0.0,-0.007963512633026859
1979-07-03,0.0,0.0
1979-07-04,0.0,0.0
1979-07-05,0.0,0.0055462307523899135
1979-07-06,0.0,0.0061688076057768715
1979-07-09,0.0,0.003678592036930217
1979-07-10,0.0,-0.0012935680919871073
1979-07-11,0.0,-0.0008634957185004177
1979-07-12,0.0,-0.0012243428159883774
1979-07-13,0.0,-0.0011537352177675153
1979-07-16,0.0,0.00267109442679736
1979-07-17,0.0,-0.007415940672474419
1979-07-18,0.0,-0.0043522414043234425
1979-07-19,0.0,0.0022584875418913963
1979-07-20,0.0,0.0029803009377045164
1979-07-23,0.0,-0.002971445136976336
1979-07-24,0.0,0.0032710620047977645
1979-07-25,0.0,0.006883060426025045
1979-07-26,0.0,0.0039576887097936275
1979-07-27,0.0,0.003583715596330306
1979-07-30,0.0,0.003713755177831679
1979-07-31,0.0,0.005621175466059558
1979-08-01,0.0,0.004033113988537451
1979-08-02,0.0,0.0045102184637066944
1979-08-03,0.0,0.0006314017118003168
1979-08-06,0.0,-0.0015424524994741562
1979-08-07,0.0,0.006249561126325576
1979-08-08,0.0,0.005303558967201694
1979-08-09,0.0,0.001457725947521915
1979-08-10,0.0,0.005545158383586157
1979-08-13,0.0,0.006893223960846573
1979-08-14,0.0,0.0015745875265285036
1979-08-15,0.0,0.00574162679425827
1979-08-16,0.0,0.0020388745412533993
1979-08-17,0.0,0.0027129679869777323
1979-08-20,0.0,0.0007440476190474499
1979-08-21,0.0,0.00027036160865168135
1979-08-22,0.0,0.005067909993918596
1979-08-23,0.0,0.002622025010084572
1979-08-24,0.0,0.0018105009052504784
1979-08-27,0.0,0.0007362784471216521
1979-08-28,0.0,0.00020065547455017096
1979-08-29,0.0,0.0033435870001337076
1979-08-30,0.0,0.00013329778725679198
1979-08-31,0.0,0.0025323204051712622
1979-09-03,0.0,0.0
1979-09-04,0.0,-0.012961978197287838
1979-09-05,0.0,-0.016566772173210342
1979-09-06,0.0,0.005752242689858189
1979-09-07,0.0,0.008170490910328843
1979-09-10,0.0,0.005672992503545693
1979-09-11,0.0,-0.003492042173124821
1979-09-12,0.0,0.0018195296178988851
1979-09-13,0.0,0.004506928561819112
1979-09-14,0.0,0.008236790999799126
1979-09-17,0.0,-0.000664187035068986
1979-09-18,0.0,-0.008440781603083924
1979-09-19,0.0,0.0016757155305315852
1979-09-20,0.0,0.005085653104925036
1979-09-21,0.0,0.0029960053262318986
1979-09-24,0.0,-0.003518088284102272
1979-09-25,0.0,-0.005662136957100938
1979-09-26,0.0,0.004086554565552181
1979-09-27,0.0,0.003269282092340564
1979-09-28,0.0,-0.0025936024472967834
1979-10-01,0.0,-0.0026003467128949964
1979-10-02,0.0,0.002807674309780017
1979-10-03,0.0,0.003333111125924937
1979-10-04,0.0,0.006046109893030449
1979-10-05,0.0,0.005745608241976008
1979-10-08,0.0,-0.00860200932431543
1979-10-09,0.0,-0.03828321632004239
1979-10-10,0.0,-0.040564738292010905
1979-10-11,0.0,0.005599023759959909
1979-10-12,0.0,0.004425726318795009
1979-10-15,0.0,-0.016487811811527364
1979-10-16,0.0,-0.00036129778163151993
1979-10-17,0.0,0.005059997108572967
1979-10-18,0.0,0.0030207134637516564
1979-10-19,0.0,-0.02057937759931161
1979-10-22,0.0,-0.025111647997657305
1979-10-23,0.0,-0.004130369480324303
1979-10-24,0.0,0.0030917728678079293
1979-10-25,0.0,-0.002255299954894041
1979-10-26,0.0,0.007760699216395439
1979-10-29,0.0,0.0011962616822429606
1979-10-30,0.0,0.011724292435217665
1979-10-31,0.0,0.0003690581635666934
1979-11-01,0.0,0.0065668117759905
1979-11-02,0.0,0.0033719395982994005
1979-11-05,0.0,-0.0056253652834598045
1979-11-06,0.0,-0.0033061494379547085
1979-11-07,0.0,-0.011204481792717158
1979-11-08,0.0,0.004696585656776664
1979-11-09,0.0,0.00808785337983231
1979-11-12,0.0,0.008759016634771077
1979-11-13,0.0,0.0006566946369936932
1979-11-14,0.0,0.0045209275193234255
1979-11-15,0.0,0.008420441347270602
1979-11-16,0.0,0.0010797581341779328
1979-11-19,0.0,0.006543467318616436
1979-11-20,0.0,-0.0034290612944705146
1979-11-21,0.0,-0.004444444444444473
1979-11-22,0.0,0.0
1979-11-23,0.0,0.0069844470046083185
1979-11-26,0.0,0.01501608866642834
1979-11-27,0.0,0.004226840436773571
1979-11-28,0.0,0.006874780778673983
1979-11-29,0.0,0.004389326273252836
1979-11-30,0.0,0.0006936736958933487
1979-12-03,0.0,-0.0027727713849990954
1979-12-04,0.0,0.006534130404560079
1979-12-05,0.0,0.007734806629834168
1979-12-06,0.0,0.007675438596491224
1979-12-07,0.0,0.0030603917301414985
1979-12-10,0.0,0.0032544579293509734
1979-12-11,0.0,-0.0009461377306210217
1979-12-12,0.0,0.004599878238517041
1979-12-13,0.0,0.003097434516194264
1979-12-14,0.0,0.007115526616097156
1979-12-17,0.0,0.0035326268079718393
1979-12-18,0.0,-0.005579171094580282
1979-12-19,0.0,-0.00046753940689281404
1979-12-20,0.0,0.004143000334112967
1979-12-21,0.0,-0.0006654688227858419
1979-12-24,0.0,-0.0013318239328760084
1979-12-25,0.0,0.0
1979-12-26,0.0,0.00026672001066874174
1979-12-27,0.0,0.0014665688954069722
1979-12-28,0.0,0.003993876056713086
1979-12-31,0.0,0.0020552940396472152
1980-01-01,0.0,0.0
1980-01-02,0.0,-0.01965065502183405
1980-01-03,0.0,-0.014847809948032586
1980-01-04,0.0,0.014043981640063041
1980-01-07,0.0,0.004053506282934771
1980-01-08,0.0,0.01386085318261343
1980-01-09,0.0,0.00610565436687005
1980-01-10,0.0,0.01002638522427457
1980-01-11,0.0,0.004898119122257016
1980-01-14,0.0,0.0034444661077532857
1980-01-15,0.0,0.0036269430051814044
1980-01-16,0.0,0.006646876613319641
1980-01-17,0.0,-0.001153920123084906
1980-01-18,0.0,0.0021179641871509336
1980-01-21,0.0,0.0077494556167543305
1980-01-22,0.0,-0.0027327613600254264
1980-01-23,0.0,0.010068824878919358
1980-01-24,0.0,0.004668769716088317
1980-01-25,0.0,0.0028887214267769856
1980-01-28,0.0,0.006261740763932266
1980-01-29,0.0,-0.002551337896701922
1980-01-30,0.0,0.006301079293780099
1980-01-31,0.0,0.0027898326100432858
1980-02-01,0.0,0.0034003091190109025
1980-02-04,0.0,-0.0017252002464571703
1980-02-05,0.0,0.001110973953832639
1980-02-06,0.0,0.004870530209617918
1980-02-07,0.0,0.004785569666850842
1980-02-08,0.0,0.00903706417536787
1980-02-11,0.0,-0.0047806354009076735
1980-02-12,0.0,0.0006688556487899344
1980-02-13,0.0,0.002491341070669062
1980-02-14,0.0,-0.008728330706752274
1980-02-15,0.0,-0.005992417757123558
1980-02-18,0.0,0.0
1980-02-19,0.0,-0.00922736220472442
1980-02-20,0.0,0.006457220911461503
1980-02-21,0.0,-0.004873534855027728
1980-02-22,0.0,-0.007625069741491464
1980-02-25,0.0,-0.013180909545227437
1980-02-26,0.0,0.003355067417864177
1980-02-27,0.0,-0.0048580441640379
1980-02-28,0.0,-0.0017117859633549726
1980-02-29,0.0,0.0036199669757397412
1980-03-03,0.0,-0.0073403784091627955
1980-03-04,0.0,-0.00943456365143125
1980-03-05,0.0,-0.0157667803590964
1980-03-06,0.0,-0.028115600889237702
1980-03-07,0.0,-0.016482777179763097
1980-03-10,0.0,-0.016690608112730043
1980-03-11,0.0,0.005634782608695765
1980-03-12,0.0,0.0004842280022134826
1980-03-13,0.0,0.002419968194703692
1980-03-14,0.0,-0.003724651676093149
1980-03-17,0.0,-0.03281639435059547
1980-03-18,0.0,-0.005583392984967794
1980-03-19,0.0,0.007558306939245751
1980-03-20,0.0,-0.0023576480674430966
1980-03-21,0.0,-0.006015468347178254
1980-03-24,0.0,-0.030187319884726227
1980-03-25,0.0,-0.01552633533912784
1980-03-26,0.0,-0.0022638092363417295
1980-03-27,0.0,-0.06148842837694746
1980-03-28,0.0,0.04158272221774517
1980-03-31,0.0,0.013539651837524147
1980-04-01,0.0,0.01633587786259527
1980-04-02,0.0,0.019978969505783484
1980-04-03,0.0,0.001546391752577092
1980-04-04,0.0,0.0
1980-04-07,0.0,-0.019189765458422103
1980-04-08,0.0,0.007271364317841034
1980-04-09,0.0,0.012428369427699648
1980-04-10,0.0,0.00911496618641583
1980-04-11,0.0,0.0034236596736596514
1980-04-14,0.0,-0.007840290381125326
1980-04-15,0.0,-0.0020487305187678606
1980-04-16,0.0,-0.004619106972651887
1980-04-17,0.0,-0.008912787271655676
1980-04-18,0.0,0.0008175399479746215
1980-04-21,0.0,-0.011733254121491066
1980-04-22,0.0,0.019762548842801264
1980-04-23,0.0,0.00891607103382186
1980-04-24,0.0,0.012927256792287567
1980-04-25,0.0,-0.005551950392962746
1980-04-28,0.0,0.004495359628770235
1980-04-29,0.0,0.005846686877436058
1980-04-30,0.0,0.0045927520631503516
1980-05-01,0.0,-0.0022144438888491713
1980-05-02,0.0,0.00408075601374569
1980-05-05,0.0,0.005632798573975029
1980-05-06,0.0,0.008437322745320497
1980-05-07,0.0,0.009491668424383093
1980-05-08,0.0,-0.0022287226633237456
1980-05-09,0.0,-0.001396063102052092
1980-05-12,0.0,-0.0006990074094784804
1980-05-13,0.0,0.007974258533855583
1980-05-14,0.0,0.010825815405968164
1980-05-15,0.0,0.00659069064945772
1980-05-16,0.0,0.004228618196699063
1980-05-19,0.0,0.0
1980-05-20,0.0,-0.002105406139635946
1980-05-21,0.0,-0.0012250731640918167
1980-05-22,0.0,0.008245315161840017
1980-05-23,0.0,0.010273046769396998
1980-05-26,0.0,0.0
1980-05-27,0.0,0.004147712068504283
1980-05-28,0.0,0.003997335109926725
1980-05-29,0.0,-0.004047777040477651
1980-05-30,0.0,0.00239856086348178
1980-06-02,0.0,-0.0018610834164174417
1980-06-03,0.0,-0.0016647799160950383
1980-06-04,0.0,0.008604589114194372
1980-06-05,0.0,0.006613319224918923
1980-06-06,0.0,0.0030878391695683405
1980-06-09,0.0,0.0020958868221114813
1980-06-10,0.0,0.007516339869281019
1980-06-11,0.0,0.006941290950372991
1980-06-12,0.0,0.0005798221878623444
1980-06-13,0.0,0.008241581353422234
1980-06-16,0.0,0.0012772207676094993
1980-06-17,0.0,0.0012118119778046221
1980-06-18,0.0,0.0013377500318512148
1980-06-19,0.0,-0.0029263948088301683
1980-06-20,0.0,-0.0014036878708607592
1980-06-23,0.0,0.003066896683918019
1980-06-24,0.0,0.004267787757181951
1980-06-25,0.0,0.006850183940124488
1980-06-26,0.0,0.0016378984502960492
1980-06-27,0.0,0.0011320754716981352
1980-06-30,0.0,-0.008795074758135457
1980-07-01,0.0,0.0024717961718847548
1980-07-02,0.0,0.006385534551432093
1980-07-03,0.0,0.010616911672320706
1980-07-04,0.0,0.0
1980-07-07,0.0,0.01715671038726918
1980-07-08,0.0,-0.0003055674387336671
1980-07-09,0.0,0.003117740555079962
1980-07-10,0.0,-0.0015235541471143588
1980-07-11,0.0,0.0059814453125
1980-07-14,0.0,0.010314282247300133
1980-07-15,0.0,0.0031828008647609707
1980-07-16,0.0,0.0002993115833582749
1980-07-17,0.0,0.00939557151406345
1980-07-18,0.0,0.00782593229382833
1980-07-21,0.0,0.0028825225013235922
1980-07-22,0.0,-0.004047395588925418
1980-07-23,0.0,0.00017668885093358178
1980-07-24,0.0,0.0005888587916618171
1980-07-25,0.0,-0.0017066854990582803
1980-07-28,0.0,0.0022991216176384555
1980-07-29,0.0,0.006116927420303453
1980-07-30,0.0,0.007424295568806416
1980-07-31,0.0,-0.003017466488713594
1980-08-01,0.0,0.003957860427216131
1980-08-04,0.0,-0.0034784625195665164
1980-08-05,0.0,0.003665134679155413
1980-08-06,0.0,0.005390679341525484
1980-08-07,0.0,0.010319976938599096
1980-08-08,0.0,0.0036521342159323567
1980-08-11,0.0,0.006993404594041408
1980-08-12,0.0,-0.0027666421997628587
1980-08-13,0.0,0.0022647491790284136
1980-08-14,0.0,0.00982939780815717
1980-08-15,0.0,0.006321324681136664
1980-08-18,0.0,-0.014731224637278162
1980-08-19,0.0,-0.005416384563304066
1980-08-20,0.0,0.007941910596777957
1980-08-21,0.0,0.01255065285907242
1980-08-22,0.0,0.009949419154021477
1980-08-25,0.0,-0.000660429279031205
1980-08-26,0.0,0.004460843705253792
1980-08-27,0.0,-0.0013158616152200153
1980-08-28,0.0,-0.006368377710677997
1980-08-29,0.0,0.0029283385822420627
1980-09-01,0.0,0.0
1980-09-02,0.0,0.0045174085500219174
1980-09-03,0.0,0.012010529779532764
1980-09-04,0.0,0.002817969977781498
1980-09-05,0.0,0.003026209132666935
1980-09-08,0.0,-0.006249663272453132
1980-09-09,0.0,0.002114394144754783
1980-09-10,0.0,0.007952824064055397
1980-09-11,0.0,0.00992968708067199
1980-09-12,0.0,0.007546768707483054
1980-09-15,0.0,5.2748180187744964e-05
1980-09-16,0.0,0.009072208449812713
1980-09-17,0.0,0.013799592284773343
1980-09-18,0.0,-0.0017530291312192192
1980-09-19,0.0,0.008883838644698105
1980-09-22,0.0,0.0031229201863511857
1980-09-23,0.0,-0.004542206797999326
1980-09-24,0.0,0.0006664957703153007
1980-09-25,0.0,-0.005789527615534307
1980-09-26,0.0,-0.01690286008760633
1980-09-29,0.0,-0.026104733448655493
1980-09-30,0.0,0.010603369395554063
1980-10-01,0.0,0.0099062633148701
1980-10-02,0.0,0.006275709313363631
1980-10-03,0.0,0.013730936533724591
1980-10-06,0.0,0.013338158506953413
1980-10-07,0.0,0.0008162848834243341
1980-10-08,0.0,0.005148595605852124
1980-10-09,0.0,0.0017750278932955332
1980-10-10,0.0,0.0013162557586188228
1980-10-13,0.0,0.005460336720764403
1980-10-14,0.0,0.0007542615779152495
1980-10-15,0.0,0.002060094462868145
1980-10-16,0.0,-0.007421150278293265
1980-10-17,0.0,-0.003586764334427728
1980-10-20,0.0,-0.00045629689718107436
1980-10-21,0.0,-0.003499873193000269
1980-10-22,0.0,0.007329736333095749
1980-10-23,0.0,-0.01056088933804955
1980-10-24,0.0,0.0018385169296766257
1980-10-27,0.0,-0.009277667329357198
1980-10-28,0.0,-0.003035760226395734
1980-10-29,0.0,0.0037675474814204968
1980-10-30,0.0,-0.01018047200370209
1980-10-31,0.0,0.0014025245441795509
1980-11-03,0.0,0.001919286233011741
1980-11-04,0.0,0.0
1980-11-05,0.0,0.014910691172663748
1980-11-06,0.0,-0.010559608223231098
1980-11-07,0.0,-0.002320065992988285
1980-11-10,0.0,-0.0021187535527879
1980-11-11,0.0,0.009943034697048159
1980-11-12,0.0,0.01415239462619211
1980-11-13,0.0,0.01248862372332904
1980-11-14,0.0,0.007540574282147272
1980-11-17,0.0,-0.0008425852498016306
1980-11-18,0.0,0.010764422838434484
1980-11-19,0.0,0.006183745583038913
1980-11-20,0.0,0.00721880792117835
1980-11-21,0.0,-0.0020823244552058418
1980-11-24,0.0,-0.00897753190663364
1980-11-25,0.0,0.005827049260601402
1980-11-26,0.0,0.008032715057689543
1980-11-27,0.0,0.0
1980-11-28,0.0,0.0052641746353714325
1980-12-01,0.0,-0.015565697814076462
1980-12-02,0.0,-0.005856229564198845
1980-12-03,0.0,0.005841637622109763
1980-12-04,0.0,0.006295754026354183
1980-12-05,0.0,-0.015374169455356634
1980-12-08,0.0,-0.0352182051029456
1980-12-09,0.0,-0.004084341655179569
1980-12-10,0.0,-0.00763828369303321
1980-12-11,0.0,-0.024950924682301978
1980-12-12,0.0,0.013086092715231867
1980-12-15,0.0,0.01464281978872517
1980-12-16,0.0,-0.011029790743222412
1980-12-17,0.0,0.011152803835730696
1980-12-18,0.0,0.010256674569631974
1980-12-19,0.0,0.009693382990663801
1980-12-22,0.0,0.00949926734374218
1980-12-23,0.0,0.00035036788628062254
1980-12-24,0.0,0.0014009806864803132
1980-12-25,0.0,0.0
1980-12-26,0.0,0.005696012791046368
1980-12-29,0.0,-0.007154213036565937
1980-12-30,0.0,0.00310248198558849
1980-12-31,0.0,0.009378429611892614
1981-01-01,0.0,0.0
1981-01-02,0.0,0.00598003360680055
1981-01-05,0.0,0.0030459346597886405
1981-01-06,0.0,-0.000489787921829854
1981-01-07,0.0,-0.032929877002989216
1981-01-08,0.0,-0.0073980238155562095
1981-01-09,0.0,0.009035683291643393
1981-01-12,0.0,0.003946170191237552
1981-01-13,0.0,-0.0019653295706509866
1981-01-14,0.0,0.00520070689219887
1981-01-15,0.0,0.00386779184247521
1981-01-16,0.0,-0.010958218663998043
1981-01-19,0.0,0.019832034807244936
1981-01-20,0.0,-0.014187915467804402
1981-01-21,0.0,-0.0031702898550723946
1981-01-22,0.0,-0.004896764097127582
1981-01-23,0.0,0.0020292207792207417
1981-01-26,0.0,-0.007037262049412796
1981-01-27,0.0,0.005353592005302721
1981-01-28,0.0,0.0009635865706461022
1981-01-29,0.0,0.0025839793281652312
1981-01-30,0.0,-0.0003537497473216078
1981-02-02,0.0,-0.023861281027248382
1981-02-03,0.0,0.0024340980889741015
1981-02-04,0.0,0.00521802025211815
1981-02-05,0.0,0.008840006167446068
1981-02-06,0.0,0.008049314789342343
1981-02-09,0.0,-0.004750593824228044
1981-02-10,0.0,-0.0011679276900422586
1981-02-11,0.0,-0.004524656837823993
1981-02-12,0.0,-0.0061283897655890485
1981-02-13,0.0,-0.0036997071065208997
1981-02-16,0.0,0.0
1981-02-17,0.0,0.0004641807210274962
1981-02-18,0.0,0.0038663779771110907
1981-02-19,0.0,-0.010219277974631402
1981-02-20,0.0,-0.0023347514786760115
1981-02-23,0.0,0.00400436840189311
1981-02-24,0.0,0.004558168445042865
1981-02-25,0.0,0.0002578116943385833
1981-02-26,0.0,0.011031496468890012
1981-02-27,0.0,0.009585479019017962
1981-03-02,0.0,0.005302762486743218
1981-03-03,0.0,-0.003566763789812133
1981-03-04,0.0,0.0020166372573733327
1981-03-05,0.0,0.0015094339622641062
1981-03-06,0.0,0.004220045214770041
1981-03-09,0.0,0.0012506878783331565
1981-03-10,0.0,-0.0055461177175976095
1981-03-11,0.0,-0.004371200321559576
1981-03-12,0.0,0.012666532095276573
1981-03-13,0.0,0.007474958887726091
1981-03-16,0.0,0.00628184201414661
1981-03-17,0.0,-0.0012288635469916986
1981-03-18,0.0,0.003986416654362834
1981-03-19,0.0,0.0022058823529411686
1981-03-20,0.0,0.008999755441428281
1981-03-23,0.0,0.0064472344757380284
1981-03-24,0.0,0.0003853193333975824
1981-03-25,0.0,0.007751564756860896
1981-03-26,0.0,0.0010510725717833846
1981-03-27,0.0,-0.003388536247792673
1981-03-30,0.0,0.0020591897327841835
1981-03-31,0.0,0.004444444444444473
1981-04-01,0.0,0.005519078884765438
1981-04-02,0.0,0.0029336613986941096
1981-04-03,0.0,0.003255331194564892
1981-04-06,0.0,-0.006489536797554596
1981-04-07,0.0,0.002319307047853325
1981-04-08,0.0,0.004911220249338877
1981-04-09,0.0,0.005216165413533869
1981-04-10,0.0,0.005796830442709622
1981-04-13,0.0,-0.003811294445735469
1981-04-14,0.0,-0.004385760276209738
1981-04-15,0.0,-0.0027648905759406484
1981-04-16,0.0,0.018045112781954753
1981-04-17,0.0,0.0
1981-04-20,0.0,0.004200516986706093
1981-04-21,0.0,-0.0037692484486325784
1981-04-22,0.0,0.0021224565127118122
1981-04-23,0.0,0.003821538744877895
1981-04-24,0.0,0.007063572149344166
1981-04-27,0.0,0.001457460375295927
1981-04-28,0.0,-0.01023285428415499
1981-04-29,0.0,-0.0064788861829711
1981-04-30,0.0,0.002404957913236583
1981-05-01,0.0,-0.0002768293808249611
1981-05-04,0.0,-0.015506738046889512
1981-05-05,0.0,-0.008297393587099133
1981-05-06,0.0,0.0020326164027415494
1981-05-07,0.0,0.007925275969431045
1981-05-08,0.0,0.005522793222877409
1981-05-11,0.0,-0.009541984732824527
1981-05-12,0.0,0.0015508247568025713
1981-05-13,0.0,0.003096846846846857
1981-05-14,0.0,0.0065487884741322056
1981-05-15,0.0,0.006180871828236789
1981-05-18,0.0,0.0019860514525888995
1981-05-19,0.0,-0.0037798469622937203
1981-05-20,0.0,0.006986859152322777
1981-05-21,0.0,0.0033083674125808926
1981-05-22,0.0,0.004030226700251882
1981-05-25,0.0,0.0
1981-05-26,0.0,0.0046070337088903734
1981-05-27,0.0,0.008763167453686771
1981-05-28,0.0,0.005131205833371011
1981-05-29,0.0,0.0007164927679010891
1981-06-01,0.0,-0.002013693113169457
1981-06-02,0.0,-0.015379786566227294
1981-06-03,0.0,-0.003187759005419233
1981-06-04,0.0,0.0036091187354378995
1981-06-05,0.0,0.007374362709395399
1981-06-08,0.0,-0.0020786262991414617
1981-06-09,0.0,-0.0037583771055968995
1981-06-10,0.0,0.0017726466978773558
1981-06-11,0.0,0.008802177858439286
1981-06-12,0.0,0.0018889988306196592
1981-06-15,0.0,0.0008978272580355551
1981-06-16,0.0,-0.010674560459275173
1981-06-17,0.0,0.00013600507752298263
1981-06-18,0.0,-0.00861248356828792
1981-06-19,0.0,0.0038864249462757794
1981-06-22,0.0,-0.004372381125888225
1981-06-23,0.0,0.002881976212259829
1981-06-24,0.0,-0.0020982529763261537
1981-06-25,0.0,0.0024683457512455487
1981-06-26,0.0,0.0020518900186949907
1981-06-29,0.0,-0.007007644703312721
1981-06-30,0.0,-0.01131885253413989
1981-07-01,0.0,-0.005191193511008163
1981-07-02,0.0,-0.008526301076270726
1981-07-03,0.0,0.0
1981-07-06,0.0,-0.017387218045112895
1981-07-07,0.0,-0.005212816834050726
1981-07-08,0.0,0.0020672083072930114
1981-07-09,0.0,0.007628094415659259
1981-07-10,0.0,0.0024282245393514312
1981-07-13,0.0,0.0015199012064217587
1981-07-14,0.0,-0.004647633500901138
1981-07-15,0.0,0.004574042309891446
1981-07-16,0.0,0.005596660975146994
1981-07-17,0.0,0.003490236770115951
1981-07-20,0.0,-0.02580372250423002
1981-07-21,0.0,-0.0004824624885416684
1981-07-22,0.0,-0.004875223246609051
1981-07-23,0.0,0.0012126503686458179
1981-07-24,0.0,0.007703115159149343
1981-07-27,0.0,0.006826923076923119
1981-07-28,0.0,-0.002435297488300958
1981-07-29,0.0,0.000191470011009498
1981-07-30,0.0,0.005168700646087654
1981-07-31,0.0,0.007617959339142111
1981-08-03,0.0,-0.005812030430468185
1981-08-04,0.0,-0.001473384030418301
1981-08-05,0.0,0.004474272930648837
1981-08-06,0.0,0.0030327441595980886
1981-08-07,0.0,0.0012755704634572762
1981-08-10,0.0,-0.005190148155138186
1981-08-11,0.0,0.003936634414722029
1981-08-12,0.0,0.0013228138139556034
1981-08-13,0.0,0.0019344184949281473
1981-08-14,0.0,-0.0011301563382934976
1981-08-17,0.0,-0.011644352253441403
1981-08-18,0.0,-0.012592415931314216
1981-08-19,0.0,0.001014443746679028
1981-08-20,0.0,0.0036193417623782143
1981-08-21,0.0,-0.005818146848103112
1981-08-24,0.0,-0.02901915264074284
1981-08-25,0.0,-0.014843594341502286
1981-08-26,0.0,0.00015168368894724615
1981-08-27,0.0,-0.00500480258834235
1981-08-28,0.0,0.0037089726653796173
1981-08-31,0.0,-0.009111617312072995
1981-09-01,0.0,-0.002962962962963056
1981-09-02,0.0,0.0011272224214786686
1981-09-03,0.0,-0.01740109524540656
1981-09-04,0.0,-0.012292306890983928
1981-09-07,0.0,0.0
1981-09-08,0.0,-0.025523387649633467
1981-09-09,0.0,-0.00010823096487899697
1981-09-10,0.0,0.01504573253233743
1981-09-11,0.0,0.012050119968008532
1981-09-14,0.0,-0.0010010010010009784
1981-09-15,0.0,-0.00031642231832085255
1981-09-16,0.0,-0.009179151719772127
1981-09-17,0.0,-0.011234160366308088
1981-09-18,0.0,-0.007754025092886696
1981-09-21,0.0,0.0007597547077657918
1981-09-22,0.0,-0.006236104332736914
1981-09-23,0.0,-0.01784350103677823
1981-09-24,0.0,0.0022223456858712076
1981-09-25,0.0,-0.029214479738344568
1981-09-28,0.0,-0.0005139333028780779
1981-09-29,0.0,0.019882305890418728
1981-09-30,0.0,0.008514929135622795
1981-10-01,0.0,0.00588790757096036
1981-10-02,0.0,0.018112540725605975
1981-10-05,0.0,0.008352768888647777
1981-10-06,0.0,-0.00021515787208858939
1981-10-07,0.0,0.015656103728412418
1981-10-08,0.0,0.011812692022459936
1981-10-09,0.0,0.0013611852782577927
1981-10-12,0.0,5.228211428875973e-05
1981-10-13,0.0,0.003345880384776123
1981-10-14,0.0,-0.012974155898290873
1981-10-15,0.0,0.002217177849337393
1981-10-16,0.0,0.002054253357914204
1981-10-19,0.0,-0.0024705634987384206
1981-10-20,0.0,0.007693523739263242
1981-10-21,0.0,0.00601370077916652
1981-10-22,0.0,0.00025990227674399513
1981-10-23,0.0,-0.00270228134906203
1981-10-26,0.0,-0.00468969829607635
1981-10-27,0.0,0.008376524789278195
1981-10-28,0.0,0.005918695810186225
1981-10-29,0.0,-0.003458064516128956
1981-10-30,0.0,0.011187072715972635
1981-11-02,0.0,0.010295021511985247
1981-11-03,0.0,0.007756653992395446
1981-11-04,0.0,0.004779152832276923
1981-11-05,0.0,0.0014519601461975284
1981-11-06,0.0,-0.00024997500249979154
1981-11-09,0.0,-0.00025003750562591076
1981-11-10,0.0,-0.00010004001600627532
1981-11-11,0.0,0.0007503751875939102
1981-11-12,0.0,0.004698825293676601
1981-11-13,0.0,-0.004129558684511703
1981-11-16,0.0,-0.014988009592326157
1981-11-17,0.0,0.00263745181578412
1981-11-18,0.0,-0.0004046944556860277
1981-11-19,0.0,-0.001417004048583026
1981-11-20,0.0,0.006486924792215687
1981-11-23,0.0,-0.0029707955689829424
1981-11-24,0.0,0.005201757486995584
1981-11-25,0.0,0.004873392282958244
1981-11-26,0.0,0.0
1981-11-27,0.0,0.005049747512624547
1981-11-30,0.0,0.001741120286538722
1981-12-01,0.0,-0.0011918359239211362
1981-12-02,0.0,-0.0038780887982896584
1981-12-03,0.0,-0.002246069378587401
1981-12-04,0.0,0.004902451225612836
1981-12-07,0.0,-0.005824372759856589
1981-12-08,0.0,-0.007911471633869183
1981-12-09,0.0,0.0008075505980922326
1981-12-10,0.0,0.003177164758686679
1981-12-11,0.0,-0.0014076010456465227
1981-12-14,0.0,-0.01495167136528397
1981-12-15,0.0,-0.0026064291920069316
1981-12-16,0.0,-0.00035868005738881603
1981-12-17,0.0,0.003126762007278572
1981-12-18,0.0,0.006693919264179948
1981-12-21,0.0,-0.003248566062636349
1981-12-22,0.0,-0.003717472118959231
1981-12-23,0.0,-0.0009711715395624987
1981-12-24,0.0,0.0012790995139422279
1981-12-25,0.0,0.0
1981-12-28,0.0,-0.0028615227388860687
1981-12-29,0.0,-0.006303166957056461
1981-12-30,0.0,0.003867773709452793
1981-12-31,0.0,0.006061851433268206
1982-01-01,0.0,0.0
1982-01-04,0.0,-0.0015829248366012738
1982-01-05,0.0,-0.01636577507287873
1982-01-06,0.0,-0.006135288306556519
1982-01-07,0.0,-0.0006800941668846372
1982-01-08,0.0,0.005392105538686964
1982-01-11,0.0,-0.016922676386357693
1982-01-12,0.0,-0.007838983050847514
1982-01-13,0.0,-0.008488148622677771
1982-01-14,0.0,0.0008614655682981365
1982-01-15,0.0,0.00769272150196354
1982-01-18,0.0,-0.0005872304078581303
1982-01-19,0.0,-0.005608674750280485
1982-01-20,0.0,-0.0023635582294799784
1982-01-21,0.0,0.0036614258022831248
1982-01-22,0.0,-0.0030579399141630326
1982-01-25,0.0,-0.012430716246031315
1982-01-26,0.0,-0.0005993897122930081
1982-01-27,0.0,0.0008723624666049368
1982-01-28,0.0,0.014435910007081887
1982-01-29,0.0,0.011652883685962845
1982-02-01,0.0,-0.008333775678114552
1982-02-02,0.0,0.003425757413553221
1982-02-03,0.0,-0.00016003414061671606
1982-02-04,0.0,-0.0015472443045404516
1982-02-05,0.0,0.005717644544191547
1982-02-08,0.0,-0.019021305987992232
1982-02-09,0.0,-0.011482424308075667
1982-02-10,0.0,0.002520409840556681
1982-02-11,0.0,-0.003935071323167727
1982-02-12,0.0,0.001481481481481639
1982-02-15,0.0,0.0
1982-02-16,0.0,-0.009916721455182964
1982-02-17,0.0,0.0029882131592053884
1982-02-18,0.0,0.000717241379310396
1982-02-19,0.0,-0.004024699525857267
1982-02-22,0.0,-0.008746194298367094
1982-02-23,0.0,-0.008823365164460695
1982-02-24,0.0,0.0061411910530171365
1982-02-25,0.0,0.004815768843095425
1982-02-26,0.0,-5.572893446270655e-05
1982-03-01,0.0,0.0039012428244997732
1982-03-02,0.0,5.551546105575511e-05
1982-03-03,0.0,-0.011824136782502492
1982-03-04,0.0,-0.009662378518060732
1982-03-05,0.0,-0.013160133870327217
1982-03-08,0.0,-0.016899465425073257
1982-03-09,0.0,-0.007717944220312134
1982-03-10,0.0,0.004183607330151329
1982-03-11,0.0,-0.0019363924422015621
1982-03-12,0.0,-0.01093538714798059
1982-03-15,0.0,-0.0018427153302027488
1982-03-16,0.0,0.0021438780371605404
1982-03-17,0.0,-0.00047539814594732555
1982-03-18,0.0,0.011474435196195065
1982-03-19,0.0,0.009580908716863457
1982-03-22,0.0,0.012051700046576741
1982-03-23,0.0,0.006443076569061512
1982-03-24,0.0,-0.0006287510717346567
1982-03-25,0.0,0.005662319835278096
1982-03-26,0.0,-0.0035830063129159706
1982-03-29,0.0,0.001712328767123461
1982-03-30,0.0,-0.00045584045584057264
1982-03-31,0.0,0.0013111389807320961
1982-04-01,0.0,0.00945061201252484
1982-04-02,0.0,0.007049799785685984
1982-04-05,0.0,-0.0019601254480285935
1982-04-06,0.0,0.0026373379720554535
1982-04-07,0.0,0.006883814640698427
1982-04-08,0.0,0.006892335056417176
1982-04-09,0.0,0.0
1982-04-12,0.0,-0.0014352746342810585
1982-04-13,0.0,-0.0007186688042456479
1982-04-14,0.0,-0.0019362690860809106
1982-04-15,0.0,0.003935480294883886
1982-04-16,0.0,0.006238957597173078
1982-04-19,0.0,0.0006584362139918642
1982-04-20,0.0,-0.002357843943631144
1982-04-21,0.0,0.0020886006375728794
1982-04-22,0.0,0.007349714787187489
1982-04-23,0.0,0.006914951540890835
1982-04-26,0.0,0.004704482777267094
1982-04-27,0.0,-0.005812701829924771
1982-04-28,0.0,0.0009203118233001018
1982-04-29,0.0,-0.004002379793390576
1982-04-30,0.0,0.0029866956285635737
1982-05-03,0.0,0.0014618299945858837
1982-05-04,0.0,0.005298156457803849
1982-05-05,0.0,-0.00037644528098945695
1982-05-06,0.0,0.007477942758769229
1982-05-07,0.0,0.004592299887862472
1982-05-10,0.0,-0.0029766650720246535
1982-05-11,0.0,0.003305432638481598
1982-05-12,0.0,-0.0006907912216377321
1982-05-13,0.0,-0.002126980750824181
1982-05-14,0.0,0.0029841202174145653
1982-05-17,0.0,-0.007013069811922179
1982-05-18,0.0,-0.005831995719636218
1982-05-19,0.0,-0.010225499165814611
1982-05-20,0.0,-0.006470556250339876
1982-05-21,0.0,-0.0017513134851138146
1982-05-24,0.0,-0.003782894736842124
1982-05-25,0.0,-0.0032469319244951
1982-05-26,0.0,-0.013030035335689139
1982-05-27,0.0,-0.0021816961288878556
1982-05-28,0.0,0.000953075068677478
1982-05-31,0.0,0.0
1982-06-01,0.0,-0.006609163212725311
1982-06-02,0.0,0.002593594948127942
1982-06-03,0.0,-0.004049038353391099
1982-06-04,0.0,-0.012874082439299883
1982-06-07,0.0,-0.005434160851161107
1982-06-08,0.0,-0.003393339851613275
1982-06-09,0.0,-0.01350415512465375
1982-06-10,0.0,0.002515502515502588
1982-06-11,0.0,0.012721013012779503
1982-06-14,0.0,-0.008066839527513747
1982-06-15,0.0,-0.005576532094104025
1982-06-16,0.0,0.0014603656755651784
1982-06-17,0.0,-0.009274381707886192
1982-06-18,0.0,-0.00794818957904031
1982-06-21,0.0,-0.0029673590504450953
1982-06-22,0.0,0.006250000000000089
1982-06-23,0.0,0.010706891452233025
1982-06-24,0.0,0.0015217136837175627
1982-06-25,0.0,-0.003740065451145469
1982-06-28,0.0,0.003460816518066734
1982-06-29,0.0,-0.003156602560355326
1982-06-30,0.0,0.004515334545241334
1982-07-01,0.0,-0.004086398131932345
1982-07-02,0.0,-0.0032239155920280593
1982-07-05,0.0,0.0
1982-07-06,0.0,-0.0048809173772420555
1982-07-07,0.0,-0.006736792341330733
1982-07-08,0.0,-0.007615421227986641
1982-07-09,0.0,0.007613908872901476
1982-07-12,0.0,0.004640923424763521
1982-07-13,0.0,0.0029612081729346595
1982-07-14,0.0,-0.0008266902863890424
1982-07-15,0.0,0.002363926481886436
1982-07-16,0.0,0.0033606509050172484
1982-07-19,0.0,-0.00052885180397233
1982-07-20,0.0,0.00435063789758372
1982-07-21,0.0,0.00415617865714446
1982-07-22,0.0,0.0030313629474176818
1982-07-23,0.0,0.00029059630361505384
1982-07-26,0.0,-0.003834756841554987
1982-07-27,0.0,-0.004316127150772675
1982-07-28,0.0,-0.013707457090972985
1982-07-29,0.0,-0.004573261269822493
1982-07-30,0.0,-0.001491646778042921
1982-08-02,0.0,0.0060950104571257935
1982-08-03,0.0,-0.0023757201401675143
1982-08-04,0.0,-0.00839435613502404
1982-08-05,0.0,-0.008465417867435154
1982-08-06,0.0,-0.00944595821980021
1982-08-09,0.0,-0.013509383214132975
1982-08-10,0.0,-0.00037179328293468483
1982-08-11,0.0,-0.0034093726754276243
1982-08-12,0.0,-0.005784661317409956
1982-08-13,0.0,-0.004379379379379489
1982-08-16,0.0,0.0033932386577857354
1982-08-17,0.0,0.016282565130260496
1982-08-18,0.0,0.01669953167365046
1982-08-19,0.0,-0.00042426813746299086
1982-08-20,0.0,0.012369633761823984
1982-08-23,0.0,0.017489218974604537
1982-08-24,0.0,0.013833294089945714
1982-08-25,0.0,0.015676711374325025
1982-08-26,0.0,0.01852169439204232
1982-08-27,0.0,-0.003199191783128441
1982-08-30,0.0,0.007770270270270219
1982-08-31,0.0,-0.007095764889931688
1982-09-01,0.0,-0.0023071295931573754
1982-09-02,0.0,0.0129159616469261
1982-09-03,0.0,0.013697867364552696
1982-09-06,0.0,0.0
1982-09-07,0.0,-0.006426805822576265
1982-09-08,0.0,0.0050309597523219285
1982-09-09,0.0,0.005390835579514919
1982-09-10,0.0,-0.0016414072331345508
1982-09-13,0.0,0.002356551761933501
1982-09-14,0.0,0.009294696555494752
1982-09-15,0.0,0.00926327193932841
1982-09-16,0.0,0.002630025226772581
1982-09-17,0.0,-0.0010171306209849629
1982-09-20,0.0,-0.003268849472161217
1982-09-21,0.0,0.010268817204301062
1982-09-22,0.0,0.003778404555372372
1982-09-23,0.0,-0.0024917824196797334
1982-09-24,0.0,0.002444857826202629
1982-09-27,0.0,0.00015905837442331539
1982-09-28,0.0,0.0021204410517388084
1982-09-29,0.0,-0.004126110876005118
1982-09-30,0.0,-0.003240199723786197
1982-10-01,0.0,0.005595523581134909
1982-10-04,0.0,-0.0036036036036034558
1982-10-05,0.0,0.003988937347090715
1982-10-06,0.0,0.01700482068125231
1982-10-07,0.0,0.018804042087717576
1982-10-08,0.0,0.013293113144843716
1982-10-11,0.0,0.020788132600030318
1982-10-12,0.0,-0.0007414364094706638
1982-10-13,0.0,0.014889196675900163
1982-10-14,0.0,-0.00155968221474867
1982-10-15,0.0,-0.0019038320722478685
1982-10-18,0.0,0.010515504255111052
1982-10-19,0.0,0.004210832002323084
1982-10-20,0.0,0.015519568151147078
1982-10-21,0.0,0.01699098243948738
1982-10-22,0.0,0.004713459025573963
1982-10-25,0.0,-0.024943100004644947
1982-10-26,0.0,0.0
1982-10-27,0.0,0.010861280487804992
1982-10-28,0.0,-0.0015551366635249142
1982-10-29,0.0,0.003587105300419946
1982-11-01,0.0,0.008888679866434712
1982-11-02,0.0,0.014590714152526552
1982-11-03,0.0,0.023524006432345423
1982-11-04,0.0,0.010055213897741888
1982-11-05,0.0,0.00897737878316529
1982-11-08,0.0,-0.00127736422499225
1982-11-09,0.0,0.015215665519978883
1982-11-10,0.0,0.0009557322212085939
1982-11-11,0.0,0.0048174992404843575
1982-11-12,0.0,0.004708016586040031
1982-11-15,0.0,-0.014057865096083644
1982-11-16,0.0,-0.01905467864306276
1982-11-17,0.0,0.012357203182646659
1982-11-18,0.0,0.006717892425905703
1982-11-19,0.0,0.0005669923237963115
1982-11-22,0.0,-0.015779608561091507
1982-11-23,0.0,-0.0027459143451880053
1982-11-24,0.0,0.007594262113070238
1982-11-25,0.0,0.0
1982-11-26,0.0,0.007757404795486478
1982-11-29,0.0,-0.0010934219734080042
1982-11-30,0.0,0.017163623626253344
1982-12-01,0.0,0.014119065042400347
1982-12-02,0.0,0.0025043507788955477
1982-12-03,0.0,0.004149377593360981
1982-12-06,0.0,0.00898127846179797
1982-12-07,0.0,0.005683480295875398
1982-12-08,0.0,0.0002077706212340047
1982-12-09,0.0,-0.014374740340672987
1982-12-10,0.0,-0.014289327263530716
1982-12-13,0.0,-0.0022236476373742597
1982-12-14,0.0,-0.008571551022157453
1982-12-15,0.0,-0.024380754765918833
1982-12-16,0.0,-0.00039877708361024666
1982-12-17,0.0,0.014760638297872442
1982-12-20,0.0,-0.004586554842091473
1982-12-21,0.0,0.0028084956994909316
1982-12-22,0.0,0.011027481183266241
1982-12-23,0.0,0.0055834487534627275
1982-12-24,0.0,0.0
1982-12-27,0.0,0.0037446735247277374
1982-12-28,0.0,-0.004288164665523175
1982-12-29,0.0,0.00030146425495281015
1982-12-30,0.0,-0.004262280966117027
1982-12-31,0.0,0.004885852646143274
1983-01-03,0.0,-0.007830988339572298
1983-01-04,0.0,0.004553536580077067
1983-01-05,0.0,0.004705577620445434
1983-01-06,0.0,0.016671679628754488
1983-01-07,0.0,0.008410464477409896
1983-01-10,0.0,0.009807208717518945
1983-01-11,0.0,-0.00037353698016107106
1983-01-12,0.0,0.008511521694000379
1983-01-13,0.0,0.0023878139151913835
1983-01-14,0.0,0.008830294069328115
1983-01-17,0.0,0.006147457558115743
1983-01-18,0.0,-0.0017803674030913985
1983-01-19,0.0,-0.006080259424402157
1983-01-20,0.0,0.00322185970636224
1983-01-21,0.0,-0.008211715923411522
1983-01-24,0.0,-0.02967577980899294
1983-01-25,0.0,0.010391585350399302
1983-01-26,0.0,0.009364940005853084
1983-01-27,0.0,0.01660936917533018
1983-01-28,0.0,0.006070730117340384
1983-01-31,0.0,0.005750617583930584
1983-02-01,0.0,-0.0008053150795248598
1983-02-02,0.0,0.0005238766874873235
1983-02-03,0.0,0.004672144353149665
1983-02-04,0.0,0.008859846055163656
1983-02-07,0.0,0.0014702960460957204
1983-02-08,0.0,-0.0036505039282597185
1983-02-09,0.0,0.001115093588211824
1983-02-10,0.0,0.013485559710398665
1983-02-11,0.0,0.007339953683714651
1983-02-14,0.0,0.007909912718204515
1983-02-15,0.0,0.0015077125294775673
1983-02-16,0.0,3.860109627118469e-05
1983-02-17,0.0,-0.00027019724398813505
1983-02-18,0.0,0.00884169884169883
1983-02-21,0.0,0.0
1983-02-22,0.0,-0.008075318611504456
1983-02-23,0.0,0.003125241145150115
1983-02-24,0.0,0.008923420131543569
1983-02-25,0.0,0.0004955968129312094
1983-02-28,0.0,-0.006744398719707334
1983-03-01,0.0,0.00441170829017512
1983-03-02,0.0,0.006034680314719987
1983-03-03,0.0,0.0068716780561883795
1983-03-04,0.0,0.0027525357264055472
1983-03-07,0.0,-0.0020681356696999886
1983-03-08,0.0,-0.008402728060589948
1983-03-09,0.0,0.007219942240461963
1983-03-10,0.0,0.0038481853165319713
1983-03-11,0.0,0.00037582681900194537
1983-03-14,0.0,-0.006912615523330223
1983-03-15,0.0,-0.0003404706060375906
1983-03-16,0.0,0.0015515610217597953
1983-03-17,0.0,-0.0024559812589739494
1983-03-18,0.0,0.0037877353130564284
1983-03-21,0.0,0.0051318818157806145
1983-03-22,0.0,0.004317302999586881
1983-03-23,0.0,0.006504186602870776
1983-03-24,0.0,0.004122409566961416
1983-03-25,0.0,0.0019232903058770123
1983-03-28,0.0,-0.006423271438591338
1983-03-29,0.0,-0.0014118521270666262
1983-03-30,0.0,0.007404100159988047
1983-03-31,0.0,0.00014773230905595902
1983-04-01,0.0,0.0
1983-04-04,0.0,-0.007644017725258467
1983-04-05,0.0,0.00037212071596015583
1983-04-06,0.0,-0.008778782129970408
1983-04-07,0.0,0.001013247269861406
1983-04-08,0.0,0.005098597885581535
1983-04-11,0.0,0.010108168593808253
1983-04-12,0.0,0.007089841586352064
1983-04-13,0.0,0.011733216001173385
1983-04-14,0.0,0.010437429782915952
1983-04-15,0.0,0.010006814676661646
1983-04-18,0.0,0.0022372159090908728
1983-04-19,0.0,-0.0013109874924707166
1983-04-20,0.0,0.010466188888100358
1983-04-21,0.0,0.00712755872335924
1983-04-22,0.0,0.005961511644122286
1983-04-25,0.0,-0.006827239646508554
1983-04-26,0.0,0.005338823365203638
1983-04-27,0.0,0.0028461351567110604
1983-04-28,0.0,0.006610597722631617
1983-04-29,0.0,0.007633062852427486
1983-05-02,0.0,-0.008598921722514086
1983-05-03,0.0,-0.0030632615130448126
1983-05-04,0.0,0.012290695667184437
1983-05-05,0.0,0.014017257255891646
1983-05-06,0.0,0.01452979954258038
1983-05-09,0.0,0.003348362286168971
1983-05-10,0.0,0.005584007929952062
1983-05-11,0.0,-0.004764408227640127
1983-05-12,0.0,-0.002443131169731605
1983-05-13,0.0,0.0052953830878703645
1983-05-16,0.0,-0.01366255144032913
1983-05-17,0.0,0.004739652870493938
1983-05-18,0.0,0.008271875622882341
1983-05-19,0.0,-0.0022734012058910347
1983-05-20,0.0,0.002443695924972067
1983-05-23,0.0,0.000988272499670595
1983-05-24,0.0,0.011518462449812361
1983-05-25,0.0,0.005856324830817217
1983-05-26,0.0,0.0072130935437959565
1983-05-27,0.0,0.0021195285654647122
1983-05-30,0.0,0.0
1983-05-31,0.0,-0.010639320621695258
1983-06-01,0.0,-0.0025264794480615027
1983-06-02,0.0,0.008118201006656944
1983-06-03,0.0,0.01095184409727823
1983-06-06,0.0,0.005193563804365198
1983-06-07,0.0,-0.004152402687967571
1983-06-08,0.0,-0.005347423369513327
1983-06-09,0.0,0.0008000256008191542
1983-06-10,0.0,0.00799386071497099
1983-06-13,0.0,0.008913843420885748
1983-06-14,0.0,0.006256877849394771
1983-06-15,0.0,0.006249218847643956
1983-06-16,0.0,0.013849211278102125
1983-06-17,0.0,-0.0011944869831546079
1983-06-20,0.0,-0.0045383459568857365
1983-06-21,0.0,0.004096971937282312
1983-06-22,0.0,0.0068413302245675656
1983-06-23,0.0,-0.001401627106249359
1983-06-24,0.0,0.003600524822262141
1983-06-27,0.0,-0.01389437840138652
1983-06-28,0.0,-0.026114571129062014
1983-06-29,0.0,0.001171367967834902
1983-06-30,0.0,0.007778902099671026
1983-07-01,0.0,0.009036711641041695
1983-07-04,0.0,0.0
1983-07-05,0.0,-0.013775732321661849
1983-07-06,0.0,-0.00286930474538849
1983-07-07,0.0,0.011984568682013474
1983-07-08,0.0,-0.0014373652470079934
1983-07-11,0.0,0.004099258378446047
1983-07-12,0.0,-0.01230989778110192
1983-07-13,0.0,-0.00738333385921186
1983-07-14,0.0,0.002860866524682981
1983-07-15,0.0,-0.0083045421407969
1983-07-18,0.0,-0.008246236456035949
1983-07-19,0.0,0.002836056592220082
1983-07-20,0.0,0.017964456727833644
1983-07-21,0.0,0.007987119585806335
1983-07-22,0.0,0.004447367596855489
1983-07-25,0.0,-0.0007171588039037724
1983-07-26,0.0,-0.0003120319520719672
1983-07-27,0.0,-0.016667707097821283
1983-07-28,0.0,-0.020854494667343793
1983-07-29,0.0,-0.014620546568548165
1983-08-01,0.0,-0.006185024345308543
1983-08-02,0.0,0.0036414194915255216
1983-08-03,0.0,0.00224289201134642
1983-08-04,0.0,-0.013690515368919964
1983-08-05,0.0,0.0016683350016684084
1983-08-08,0.0,-0.01755496335776141
1983-08-09,0.0,-0.002271725494185084
1983-08-10,0.0,0.008122068918643421
1983-08-11,0.0,0.0030675880667454525
1983-08-12,0.0,0.006788546847694477
1983-08-15,0.0,0.0073102343280593285
1983-08-16,0.0,-0.0063624614772839205
1983-08-17,0.0,0.00330165082541245
1983-08-18,0.0,-0.003523467623986143
1983-08-19,0.0,-0.002268330108746275
1983-08-22,0.0,-0.0011367435640254886
1983-08-23,0.0,-0.01707055830767157
1983-08-24,0.0,-0.009534836205135178
1983-08-25,0.0,-0.004572646634119604
1983-08-26,0.0,0.0026940213449384576
1983-08-29,0.0,-0.0032723640246632435
1983-08-30,0.0,0.0017279513408903213
1983-08-31,0.0,0.008831849858552454
1983-09-01,0.0,0.007284043499076631
1983-09-02,0.0,0.011203530809709816
1983-09-05,0.0,0.0
1983-09-06,0.0,0.011347993956689617
1983-09-07,0.0,-0.001560269561464711
1983-09-08,0.0,0.0034246575342467
1983-09-09,0.0,0.0014579674608170556
1983-09-12,0.0,-0.004863845415743029
1983-09-13,0.0,-0.009409495943609514
1983-09-14,0.0,0.0013761621857482087
1983-09-15,0.0,-0.003854662465643144
1983-09-16,0.0,0.003634038830377717
1983-09-19,0.0,0.01193549468602284
1983-09-20,0.0,0.005069078620415501
1983-09-21,0.0,-0.000329641350211074
1983-09-22,0.0,0.004286750643012649
1983-09-23,0.0,-0.0031192540057788376
1983-09-26,0.0,0.0005269918645629534
1983-09-27,0.0,-0.009842973302169433
1983-09-28,0.0,-0.003391182924396552
1983-09-29,0.0,-0.0015679210034693636
1983-09-30,0.0,-0.008820876073373785
1983-10-03,0.0,-0.006775661554019874
1983-10-04,0.0,0.0005769752918816096
1983-10-05,0.0,-0.0008140836470947876
1983-10-06,0.0,0.00410768238449255
1983-10-07,0.0,0.005341808100615353
1983-10-10,0.0,0.00020177562550438566
1983-10-11,0.0,-0.0067581198305426415
1983-10-12,0.0,-0.012931180393351727
1983-10-13,0.0,-0.003943893823519229
1983-10-14,0.0,-0.001377220768489118
1983-10-17,0.0,-0.001206730106192322
1983-10-18,0.0,-0.02095343298008212
1983-10-19,0.0,0.0
1983-10-20,0.0,-0.008356251322191643
1983-10-21,0.0,-0.0062577777777776955
1983-10-24,0.0,-0.009588894057032449
1983-10-25,0.0,0.006466529388389208
1983-10-26,0.0,-0.0026920315865039957
1983-10-27,0.0,-0.0012596724851539065
1983-10-28,0.0,-0.004900900900900895
1983-10-31,0.0,-0.0057579488665169265
1983-11-01,0.0,-0.005499908941904885
1983-11-02,0.0,0.007837679460884761
1983-11-03,0.0,-0.0033432662257432133
1983-11-04,0.0,-0.003974330926857617
1983-11-07,0.0,-0.0075044843870117894
1983-11-08,0.0,-0.005717025671289511
1983-11-09,0.0,0.00530474459324104
1983-11-10,0.0,0.007675276752767468
1983-11-11,0.0,0.014830818807675339
1983-11-14,0.0,0.00858802727961594
1983-11-15,0.0,-0.0021108368215805307
1983-11-16,0.0,0.0036569625699125474
1983-11-17,0.0,0.004715296134885971
1983-11-18,0.0,7.110858280579002e-05
1983-11-21,0.0,0.00629266211604107
1983-11-22,0.0,0.005299417064122958
1983-11-23,0.0,0.0004920049200491938
1983-11-24,0.0,0.0
1983-11-25,0.0,0.002810074115704886
1983-11-28,0.0,-0.00357280465165144
1983-11-29,0.0,0.0040426055471578515
1983-11-30,0.0,0.0001750577690637911
1983-12-01,0.0,0.0014002170336402386
1983-12-02,0.0,-0.007550599503617916
1983-12-05,0.0,-0.005001585009334009
1983-12-06,0.0,-0.0015575772593720005
1983-12-07,0.0,0.0003545470661228123
1983-12-08,0.0,-0.00559985823143716
1983-12-09,0.0,-0.0002138503760202859
1983-12-12,0.0,-0.0020320131189618396
1983-12-13,0.0,-0.0036436379224118465
1983-12-14,0.0,-0.008963143553707198
1983-12-15,0.0,-0.003870921062151811
1983-12-16,0.0,0.0023969493372071327
1983-12-19,0.0,-0.0015579145683127793
1983-12-20,0.0,-0.0038827200812830975
1983-12-21,0.0,0.00407999708571638
1983-12-22,0.0,0.002104270217320181
1983-12-23,0.0,0.0011947431302270495
1983-12-26,0.0,0.0
1983-12-27,0.0,0.0005062558761841363
1983-12-28,0.0,-0.0003975712013879473
1983-12-29,0.0,0.0017717033662363324
1983-12-30,0.0,0.005558362809499728
1984-01-02,0.0,0.0
1984-01-03,0.0,-0.0034816941852118255
1984-01-04,0.0,0.012030400172892142
1984-01-05,0.0,0.012385663949887826
1984-01-06,0.0,0.01212866936192647
1984-01-09,0.0,-0.0021882598124348673
1984-01-10,0.0,0.0012531764542069723
1984-01-11,0.0,0.00017383444007923465
1984-01-12,0.0,-0.0001738042269188167
1984-01-13,0.0,-0.0027118172652365047
1984-01-16,0.0,-0.001952239846609749
1984-01-17,0.0,0.0019909881588597855
1984-01-18,0.0,0.0012201073694484421
1984-01-19,0.0,-0.002506876501514488
1984-01-20,0.0,-0.007260288317218699
1984-01-23,0.0,-0.014802573749165049
1984-01-24,0.0,-0.004925053533190615
1984-01-25,0.0,-0.005272218635678838
1984-01-26,0.0,-0.006273661438615519
1984-01-27,0.0,-0.008816806356808593
1984-01-30,0.0,-0.014459330844131979
1984-01-31,0.0,-0.002971437061248805
1984-02-01,0.0,-0.007450732034422369
1984-02-02,0.0,-0.0010133993919603235
1984-02-03,0.0,-0.008077847911031055
1984-02-06,0.0,-0.020340138631112503
1984-02-07,0.0,-0.0032090937210020876
1984-02-08,0.0,-0.014933478142818313
1984-02-09,0.0,-0.008938415498503716
1984-02-10,0.0,0.00933688267312971
1984-02-13,0.0,-0.01365926625728231
1984-02-14,0.0,0.007423075388115041
1984-02-15,0.0,0.001188448282692267
1984-02-16,0.0,-0.003521544731531656
1984-02-17,0.0,-0.0020250952986022863
1984-02-20,0.0,0.0
1984-02-21,0.0,-0.005451000676401585
1984-02-22,0.0,-0.003200512081933171
1984-02-23,0.0,-0.008307914593032595
1984-02-24,0.0,0.017604921283742803
1984-02-27,0.0,0.01145402481705382
1984-02-28,0.0,-0.010891789871028568
1984-02-29,0.0,0.004054859868813265
1984-03-01,0.0,0.0036821475234589673
1984-03-02,0.0,0.00804733727810647
1984-03-05,0.0,-0.006574313219065431
1984-03-06,0.0,-0.006381470101630815
1984-03-07,0.0,-0.012210593085949961
1984-03-08,0.0,0.002006742655321858
1984-03-09,0.0,-0.0026035408155090645
1984-03-12,0.0,0.0029316091723223803
1984-03-13,0.0,0.0037238728277406707
1984-03-14,0.0,-0.0016755096341803943
1984-03-15,0.0,0.003196803196803266
1984-03-16,0.0,0.009241187014538799
1984-03-19,0.0,-0.006788491139440356
1984-03-20,0.0,0.004331412676336299
1984-03-21,0.0,-0.0009891588193400302
1984-03-22,0.0,-0.006812150976276299
1984-03-23,0.0,-0.003150297084978382
1984-03-26,0.0,-0.0027202176174092596
1984-03-27,0.0,-0.0008022462896110083
1984-03-28,0.0,0.007667603372139675
1984-03-29,0.0,0.00247002111469663
1984-03-30,0.0,-0.0033779755990939186
1984-04-02,0.0,-0.0039078076401626305
1984-04-03,0.0,-0.00368294635708577
1984-04-04,0.0,-0.0014866602378657001
1984-04-05,0.0,-0.011146432739125078
1984-04-06,0.0,-0.007324814844958172
1984-04-09,0.0,-0.004509305566942623
1984-04-10,0.0,0.0025119420194366082
1984-04-11,0.0,-0.006818648593140297
1984-04-12,0.0,0.003184581661772601
1984-04-13,0.0,0.005977902374670219
1984-04-16,0.0,-0.0005327650506126158
1984-04-17,0.0,0.007011645071346662
1984-04-18,0.0,-0.00044790097316671496
1984-04-19,0.0,0.00012220954863950695
1984-04-20,0.0,0.0
1984-04-23,0.0,-0.0064355830719725615
1984-04-24,0.0,0.0005329397778051082
1984-04-25,0.0,-0.0006555764975825218
1984-04-26,0.0,0.008323083230832307
1984-04-27,0.0,0.003944211767576089
1984-04-30,0.0,0.0021871202916159405
1984-05-01,0.0,0.01139670223084388
1984-05-02,0.0,0.010988571885239384
1984-05-03,0.0,-0.0018181099561281888
1984-05-04,0.0,-0.0065729558503268
1984-05-07,0.0,0.001833472836701322
1984-05-08,0.0,0.004257012134473825
1984-05-09,0.0,0.0007130972189208773
1984-05-10,0.0,0.0012272367379255744
1984-05-11,0.0,-0.009252303190858457
1984-05-14,0.0,-0.006784531268707261
1984-05-15,0.0,0.0005223610720457295
1984-05-16,0.0,-0.001285140562248932
1984-05-17,0.0,-0.010294354190123811
1984-05-18,0.0,-0.006135218592556391
1984-05-21,0.0,-0.005968684845263916
1984-05-22,0.0,-0.009664815957228012
1984-05-23,0.0,-0.005066445182724255
1984-05-24,0.0,-0.017488938976542356
1984-05-25,0.0,-0.0006797230128722243
1984-05-28,0.0,0.0
1984-05-29,0.0,-0.011138035114568567
1984-05-30,0.0,-0.0029233480933752443
1984-05-31,0.0,0.003837364722114378
1984-06-01,0.0,0.013229104028863459
1984-06-04,0.0,0.012081390419669269
1984-06-05,0.0,-0.0013403141361256754
1984-06-06,0.0,0.004445749276517308
1984-06-07,0.0,0.001670215875401837
1984-06-08,0.0,0.0019175455417066445
1984-06-11,0.0,-0.009278136051591335
1984-06-12,0.0,-0.004535528305056324
1984-06-13,0.0,0.0031218359770504023
1984-06-14,0.0,-0.009084027252081794
1984-06-15,0.0,8.48824378234525e-05
1984-06-18,0.0,0.005007638771006739
1984-06-19,0.0,0.004433747149733991
1984-06-20,0.0,0.002017908941859048
1984-06-21,0.0,0.005873715124816492
1984-06-22,0.0,0.005672575599583007
1984-06-25,0.0,-0.0010783459831612552
1984-06-26,0.0,-0.012372846169815155
1984-06-27,0.0,0.002017908941859048
1984-06-28,0.0,0.005873715124816492
1984-06-29,0.0,0.005672575599583007
1984-07-02,0.0,-0.01327195056198427
1984-07-03,0.0,0.0015972426547854468
1984-07-04,0.0,0.0
1984-07-05,0.0,-0.0019304209156908447
1984-07-06,0.0,-0.004667199259975718
1984-07-09,0.0,0.0011405880364989684
1984-07-10,0.0,-0.0031224946200262282
1984-07-11,0.0,-0.006052910052910088
1984-07-12,0.0,-0.002555148624478254
1984-07-13,0.0,0.0019212706002902369
1984-07-16,0.0,-0.004176077044360071
1984-07-17,0.0,-0.0008130429201078648
1984-07-18,0.0,-0.005438972162740918
1984-07-19,0.0,-0.0057701416698962005
1984-07-20,0.0,-0.006583221447442389
1984-07-23,0.0,-0.01007106421938353
1984-07-24,0.0,-0.005857482603717101
1984-07-25,0.0,-0.0019049306693836865
1984-07-26,0.0,0.007811806480248595
1984-07-27,0.0,0.009865233858892042
1984-07-30,0.0,-0.0015263846489316224
1984-07-31,0.0,0.0032758244158113126
1984-08-01,0.0,0.015890291684806268
1984-08-02,0.0,0.02365545318191553
1984-08-03,0.0,0.0308536023778625
1984-08-06,0.0,0.012305068226120763
1984-08-07,0.0,-0.0007221085569864005
1984-08-08,0.0,-0.004295636115460244
1984-08-09,0.0,0.009313765018950093
1984-08-10,0.0,0.008388926616865744
1984-08-13,0.0,-0.004278413817692117
1984-08-14,0.0,-0.0028645315297394225
1984-08-15,0.0,-0.003710649164106461
1984-08-16,0.0,0.0025230276331598134
1984-08-17,0.0,0.00015978907841640577
1984-08-20,0.0,-0.0005991133122977832
1984-08-21,0.0,0.012429062425066029
1984-08-22,0.0,0.002092132791220891
1984-08-23,0.0,0.0010241865595208566
1984-08-24,0.0,0.0025971981740908756
1984-08-27,0.0,-0.005848182745898489
1984-08-28,0.0,0.004263887243870723
1984-08-29,0.0,0.001729763729999556
1984-08-30,0.0,-0.0009811231898276818
1984-08-31,0.0,0.0003142677561280838
1984-09-03,0.0,0.0
1984-09-04,0.0,-0.012763116556707477
1984-09-05,0.0,-0.003102748717132675
1984-09-06,0.0,0.0064243246478592475
1984-09-07,0.0,-0.0021409880263262293
1984-09-10,0.0,-0.00456929434202169
1984-09-11,0.0,0.005069253183251465
1984-09-12,0.0,-0.0013899920571883717
1984-09-13,0.0,0.007516404851859226
1984-09-14,0.0,0.00892081787321386
1984-09-17,0.0,-0.0008215962441314728
1984-09-18,0.0,-0.005481812130467056
1984-09-19,0.0,-0.003858419622819853
1984-09-20,0.0,0.00047428955377259996
1984-09-21,0.0,-0.0017777426618732495
1984-09-24,0.0,-0.007440240620547711
1984-09-25,0.0,-0.003149920255183458
1984-09-26,0.0,0.0008799648014079509
1984-09-27,0.0,0.0002397794029493916
1984-09-28,0.0,-0.001398377881657309
1984-10-01,0.0,-0.008321997279347015
1984-10-02,0.0,-0.007100782699911323
1984-10-03,0.0,-0.005241771637545689
1984-10-04,0.0,0.001593072178424082
1984-10-05,0.0,0.0010603588907014405
1984-10-08,0.0,-0.0036665851869959187
1984-10-09,0.0,-0.0019218187765783767
1984-10-10,0.0,-0.0032774796181737065
1984-10-11,0.0,0.0059188622631427545
1984-10-12,0.0,0.005638867323172647
1984-10-15,0.0,0.006338629068302737
1984-10-16,0.0,-0.0016150522873177309
1984-10-17,0.0,-0.0007279492053221537
1984-10-18,0.0,0.010805779270711025
1984-10-19,0.0,0.005685458039718094
1984-10-22,0.0,-0.0024683493908750354
1984-10-23,0.0,0.00019955300127727504
1984-10-24,0.0,0.00087785802641549
1984-10-25,0.0,-0.007295778016983667
1984-10-26,0.0,-0.006506024096385565
1984-10-29,0.0,-0.0035572802975180062
1984-10-30,0.0,0.0038539553752534594
1984-10-31,0.0,-0.001697312588401667
1984-11-01,0.0,0.0038052058454438598
1984-11-02,0.0,-0.00020163729483413384
1984-11-05,0.0,0.0019764440141982753
1984-11-06,0.0,0.008574534036472015
1984-11-07,0.0,-0.0031531891115190724
1984-11-08,0.0,-0.0010010010010009784
1984-11-09,0.0,0.0
1984-11-12,0.0,-0.000961923847695445
1984-11-13,0.0,-0.005696862713632345
1984-11-14,0.0,-0.0034699806326662364
1984-11-15,0.0,-0.003927443517693696
1984-11-16,0.0,-0.003617739116296037
1984-11-19,0.0,-0.009138381201044377
1984-11-20,0.0,0.0006587615283266679
1984-11-21,0.0,-0.00012343647136270341
1984-11-22,0.0,0.0
1984-11-23,0.0,0.010040739064236082
1984-11-26,0.0,-0.0022407822367079833
1984-11-27,0.0,0.00208248264597799
1984-11-28,0.0,-0.0015076810235932214
1984-11-29,0.0,-0.0071008814887364435
1984-11-30,0.0,-0.003164817098232686
1984-12-03,0.0,-0.006720818043128629
1984-12-04,0.0,0.00024906600249074984
1984-12-05,0.0,-0.009047144754316117
1984-12-06,0.0,0.0012145070776445888
1984-12-07,0.0,-0.0005437737901032857
1984-12-10,0.0,-0.0018414664769398348
1984-12-11,0.0,0.0012159329140459807
1984-12-12,0.0,-0.000502533606934974
1984-12-13,0.0,-0.0024720325135122456
1984-12-14,0.0,0.004032258064516014
1984-12-17,0.0,-0.002426372155287737
1984-12-18,0.0,0.020884005703262654
1984-12-19,0.0,0.005915215248110339
1984-12-20,0.0,-0.0015926167918980383
1984-12-21,0.0,-0.0008589308356170555
1984-12-24,0.0,0.006304241034877922
1984-12-25,0.0,0.0
1984-12-26,0.0,0.0009763241396143485
1984-12-27,0.0,-0.0016662602617247835
1984-12-28,0.0,0.001750457968654695
1984-12-31,0.0,0.0051609232769829205
1985-01-01,0.0,0.0
1985-01-02,0.0,-0.005821710127349888
1985-01-03,0.0,0.0020332642023503933
1985-01-04,0.0,-0.0008928209082423866
1985-01-07,0.0,-0.0006092855111905493
1985-01-08,0.0,-0.00016257519102580442
1985-01-09,0.0,0.005447154471544646
1985-01-10,0.0,0.00857119754184521
1985-01-11,0.0,0.010823378497554659
1985-01-14,0.0,0.01308692893401009
1985-01-15,0.0,0.009081656619431389
1985-01-16,0.0,0.00954302118085204
1985-01-17,0.0,0.0035351982785121194
1985-01-18,0.0,0.00723694287027099
1985-01-21,0.0,0.012773237027181139
1985-01-22,0.0,0.007544761833264468
1985-01-23,0.0,0.008568661053572901
1985-01-24,0.0,0.005984042553191404
1985-01-25,0.0,0.006095322023940808
1985-01-28,0.0,0.003759124087591159
1985-01-29,0.0,0.004145002363378669
1985-01-30,0.0,0.008726509034290286
1985-01-31,0.0,0.0004307559767391389
1985-02-01,0.0,-0.0009687836383207582
1985-02-04,0.0,0.00840426678159667
1985-02-05,0.0,0.006945186451544183
1985-02-06,0.0,0.006154499151103332
1985-02-07,0.0,0.009632285734374024
1985-02-08,0.0,0.0040041782729807185
1985-02-11,0.0,-0.00319056701924747
1985-02-12,0.0,-0.0029920328427791576
1985-02-13,0.0,0.006106710402344895
1985-02-14,0.0,0.00010405105438415774
1985-02-15,0.0,-0.0021848448066585924
1985-02-18,0.0,0.0
1985-02-19,0.0,-0.0028152370360072787
1985-02-20,0.0,0.0012547488759540038
1985-02-21,0.0,-0.0009746927977163367
1985-02-22,0.0,-0.0028223979929614673
1985-02-25,0.0,-0.007792298553358057
1985-02-26,0.0,0.003697834125726329
1985-02-27,0.0,-0.0031228070175438605
1985-02-28,0.0,0.00021118580831358535
1985-03-01,0.0,0.010521870711194037
1985-03-04,0.0,-0.00034823791614435606
1985-03-05,0.0,0.00013934369121448853
1985-03-06,0.0,-0.005747126436781769
1985-03-07,0.0,-0.00791732352425989
1985-03-08,0.0,-0.0028955824711324185
1985-03-11,0.0,-0.004143499663562089
1985-03-12,0.0,0.0007823613086772596
1985-03-13,0.0,-0.0114064387747852
1985-03-14,0.0,-0.0026958053269112714
1985-03-15,0.0,0.0018381027895915114
1985-03-18,0.0,-0.0029859337338563607
1985-03-19,0.0,0.03525294075196661
1985-03-20,0.0,-0.028336412115297693
1985-03-21,0.0,0.0008967644737785108
1985-03-22,0.0,-0.0004300612837327966
1985-03-25,0.0,-0.009501272812018291
1985-03-26,0.0,-0.00028958227756459287
1985-03-27,0.0,0.004996741255702819
1985-03-28,0.0,0.0021977230148437776
1985-03-29,0.0,0.0037027716863786697
1985-04-01,0.0,0.0040114613180515235
1985-04-02,0.0,-0.0020690639269406175
1985-04-03,0.0,-0.006720526202902644
1985-04-04,0.0,-0.0015115525804362262
1985-04-05,0.0,0.0
1985-04-08,0.0,-0.0035683391003460407
1985-04-09,0.0,0.0006511123168746469
1985-04-10,0.0,0.007699815638217089
1985-04-11,0.0,0.00487874874443972
1985-04-12,0.0,0.0018206482935885226
1985-04-15,0.0,0.001567900794640531
1985-04-16,0.0,0.004304977407763033
1985-04-17,0.0,0.003719710925322417
1985-04-18,0.0,-0.0007764797232907572
1985-04-19,0.0,-0.0010596587898696885
1985-04-22,0.0,-0.003500583430571802
1985-04-23,0.0,0.0026612731530764044
1985-04-24,0.0,0.001769473050925452
1985-04-25,0.0,0.0031794255837780394
1985-04-26,0.0,0.0005986547874774484
1985-04-29,0.0,-0.007144365453649493
1985-04-30,0.0,-0.005494310729857177
1985-05-01,0.0,-0.0033147989734816363
1985-05-02,0.0,-0.0022172156063369197
1985-05-03,0.0,0.00465933120676687
1985-05-06,0.0,-0.0016410402768363141
1985-05-07,0.0,0.003716276576737343
1985-05-08,0.0,0.00064082024991996
1985-05-09,0.0,0.007827231650478383
1985-05-10,0.0,0.014791541638719208
1985-05-13,0.0,0.0023655465108189944
1985-05-14,0.0,-0.0014576247657387409
1985-05-15,0.0,0.002120116780202741
1985-05-16,0.0,0.004924912426733208
1985-05-17,0.0,0.006729939603106194
1985-05-20,0.0,0.009530339389784093
1985-05-21,0.0,-0.0018337408312959491
1985-05-22,0.0,-0.0030958699054229877
1985-05-23,0.0,-0.006415725352353019
1985-05-24,0.0,0.0034003091190109025
1985-05-27,0.0,0.0
1985-05-28,0.0,-0.004313000616142926
1985-05-29,0.0,-0.0008250825082508628
1985-05-30,0.0,-0.00240847784200382
1985-05-31,0.0,0.0029661309236395095
1985-06-03,0.0,-0.000722145804676888
1985-06-04,0.0,0.0013765098592519731
1985-06-05,0.0,0.0026805044846900383
1985-06-06,0.0,0.0002741885731913918
1985-06-07,0.0,-0.0028096624978586338
1985-06-10,0.0,-0.001133903721265761
1985-06-11,0.0,-0.0005503955968351182
1985-06-12,0.0,-0.003028842844358781
1985-06-13,0.0,-0.009424842919284693
1985-06-14,0.0,0.003554874011082676
1985-06-17,0.0,-0.001979510331654777
1985-06-18,0.0,0.0018790451666783614
1985-06-19,0.0,0.0007988330091690532
1985-06-20,0.0,-0.0027069234773554607
1985-06-21,0.0,0.004662978042245136
1985-06-24,0.0,0.00436424093380916
1985-06-25,0.0,0.008035313997999838
1985-06-26,0.0,0.003763256927813874
1985-06-27,0.0,0.006612133605998549
1985-06-28,0.0,0.002911898151283232
1985-07-01,0.0,0.000945307224848202
1985-07-02,0.0,0.0014503507825147643
1985-07-03,0.0,0.00141457007173873
1985-07-04,0.0,0.0
1985-07-05,0.0,0.00420408300541486
1985-07-08,0.0,-0.0026123651952574267
1985-07-09,0.0,-0.002182672934855745
1985-07-10,0.0,0.004576813057378448
1985-07-11,0.0,0.006733442765736397
1985-07-12,0.0,0.006222547584187499
1985-07-15,0.0,0.002149541982208625
1985-07-16,0.0,0.0070287750791975245
1985-07-17,0.0,0.008519841399875272
1985-07-18,0.0,-0.00289176982811834
1985-07-19,0.0,0.0028675703858185297
1985-07-22,0.0,-0.0030218351962568724
1985-07-23,0.0,-0.001955480233353901
1985-07-24,0.0,-0.008229108839761134
1985-07-25,0.0,0.0024036087056731326
1985-07-26,0.0,0.0005912495072921686
1985-07-29,0.0,-0.012080625041034798
1985-07-30,0.0,-0.00116302252940792
1985-07-31,0.0,0.0023287534515454844
1985-08-01,0.0,0.009027846924889449
1985-08-02,0.0,0.0017104700503272063
1985-08-05,0.0,-0.00784815945883821
1985-08-06,0.0,-0.0063877672602105084
1985-08-07,0.0,-0.0066953132807034965
1985-08-08,0.0,0.001743796109993312
1985-08-09,0.0,0.0014059989287624752
1985-08-12,0.0,-0.0027746205789930256
1985-08-13,0.0,-0.004324360564513463
1985-08-14,0.0,0.0020874015217831055
1985-08-15,0.0,-0.00010079290417941422
1985-08-16,0.0,-0.0038641174691711466
1985-08-19,0.0,-0.002799703164001799
1985-08-20,0.0,0.002469302844772203
1985-08-21,0.0,0.004352814144958694
1985-08-22,0.0,-0.002687720477070221
1985-08-23,0.0,-0.0005726798046151726
1985-08-26,0.0,-0.0013145476607792084
1985-08-27,0.0,-0.0010462722332850172
1985-08-28,0.0,0.0034123927292384337
1985-08-29,0.0,0.0010774773561399442
1985-08-30,0.0,0.0013453970603074517
1985-09-02,0.0,0.0
1985-09-03,0.0,-0.0038628195223538997
1985-09-04,0.0,-0.0033045589425412247
1985-09-05,0.0,-0.0010149536504500123
1985-09-06,0.0,0.0030818206448117724
1985-09-09,0.0,-0.00043890745805053033
1985-09-10,0.0,-0.005269202188745492
1985-09-11,0.0,-0.010424448217317472
1985-09-12,0.0,-0.0051470335929726385
1985-09-13,0.0,-0.009381574862898034
1985-09-16,0.0,-0.006371644441349522
1985-09-17,0.0,-0.015102670124045092
1985-09-18,0.0,-0.00010673497705193657
1985-09-19,0.0,0.009073441502988722
1985-09-20,0.0,0.002679925244190695
1985-09-23,0.0,0.006119219272023635
1985-09-24,0.0,-0.006885944982348069
1985-09-25,0.0,-0.008095171054484096
1985-09-26,0.0,-0.005748350010645109
1985-09-27,0.0,0.0
1985-09-30,0.0,0.00046395431834400647
1985-10-01,0.0,0.005136803053544137
1985-10-02,0.0,-0.0022003761933492294
1985-10-03,0.0,0.0009247732527122299
1985-10-04,0.0,-0.003375857290075168
1985-10-07,0.0,-0.007701633031448218
1985-10-08,0.0,-0.004850880344951625
1985-10-09,0.0,0.004802310886441452
1985-10-10,0.0,0.004060658329740008
1985-10-11,0.0,0.008374789735513977
1985-10-14,0.0,0.008873114463176623
1985-10-15,0.0,0.0025329815303432035
1985-10-16,0.0,0.006000631645436183
1985-10-17,0.0,0.0054764894656063046
1985-10-18,0.0,0.0004509973980919568
1985-10-21,0.0,-0.0023233233927457686
1985-10-22,0.0,0.0028848493274478137
1985-10-23,0.0,0.004401469466971619
1985-10-24,0.0,0.002656913149994722
1985-10-25,0.0,-0.003751118452749558
1985-10-28,0.0,-0.0010708487339804451
1985-10-29,0.0,0.00670862438619535
1985-10-30,0.0,0.003915910964550573
1985-10-31,0.0,0.0009580510504345607
1985-11-01,0.0,0.005366787447870447
1985-11-04,0.0,0.0004080106082757773
1985-11-05,0.0,0.003466675729871138
1985-11-06,0.0,0.00504657070279424
1985-11-07,0.0,0.0024600660510885053
1985-11-08,0.0,0.008572293004336373
1985-11-11,0.0,0.007632824478368105
1985-11-12,0.0,0.00694651185868822
1985-11-13,0.0,-0.001839624191058098
1985-11-14,0.0,0.004475892710218643
1985-11-15,0.0,0.0031453753153567465
1985-11-18,0.0,-0.0002286311526276119
1985-11-19,0.0,0.0024501796798432895
1985-11-20,0.0,0.0005214274075280301
1985-11-21,0.0,0.0073613237353831185
1985-11-22,0.0,0.004947133572606566
1985-11-25,0.0,-0.003249678249678256
1985-11-26,0.0,0.002291875141224642
1985-11-27,0.0,0.00808373590982292
1985-11-28,0.0,0.0
1985-11-29,0.0,0.003003098942525817
1985-12-02,0.0,-0.0031852205765249275
1985-12-03,0.0,0.0006071257389359541
1985-12-04,0.0,0.011304847671967932
1985-12-05,0.0,0.004768220285461533
1985-12-06,0.0,-0.005028442125774024
1985-12-09,0.0,0.0009160112448276525
1985-12-10,0.0,0.0012938651855591843
1985-12-11,0.0,0.004948154684988548
1985-12-12,0.0,0.005394216897697923
1985-12-13,0.0,0.01063697049098522
1985-12-16,0.0,0.003611222568597805
1985-12-17,0.0,-0.00587403124615582
1985-12-18,0.0,-0.0023820572312450716
1985-12-19,0.0,0.0005891838253535564
1985-12-20,0.0,0.0013946136920073293
1985-12-23,0.0,-0.004766031195840625
1985-12-24,0.0,-0.0037626718079482036
1985-12-25,0.0,0.0
1985-12-26,0.0,-0.0002497112713424343
1985-12-27,0.0,0.007680539511067952
1985-12-30,0.0,0.0011773818745157705
1985-12-31,0.0,0.005570513415653178
1986-01-01,0.0,0.0
1986-01-02,0.0,0.00018465515649523923
1986-01-03,0.0,0.0022462229607065343
1986-01-06,0.0,0.0008289328257398143
1986-01-07,0.0,0.011503420350317484
1986-01-08,0.0,-0.005003942500151792
1986-01-09,0.0,-0.015483556341247762
1986-01-10,0.0,0.003498343704529283
1986-01-13,0.0,0.00015425433454674398
1986-01-14,0.0,0.0018507665258027384
1986-01-15,0.0,0.010468302595523227
1986-01-16,0.0,0.005545568116030353
1986-01-17,0.0,0.0021514499560619793
1986-01-20,0.0,-0.00365868408321246
1986-01-21,0.0,-0.003004461169615502
1986-01-22,0.0,-0.005357360282479018
1986-01-23,0.0,-0.0002142245072835891
1986-01-24,0.0,0.006611772628485779
1986-01-27,0.0,0.003801125133039429
1986-01-28,0.0,0.007694637988488129
1986-01-29,0.0,0.006253006253006399
1986-01-30,0.0,-0.001195028680688437
1986-01-31,0.0,0.004337162000478623
1986-02-03,0.0,0.005152336420764181
1986-02-04,0.0,0.0011259259259259746
1986-02-05,0.0,0.002870841718953576
1986-02-06,0.0,0.005636712409620603
1986-02-07,0.0,0.0042258481042376506
1986-02-10,0.0,0.00537697253068381
1986-02-11,0.0,0.002528775723753096
1986-02-12,0.0,0.003943057609231193
1986-02-13,0.0,0.004649550928466306
1986-02-14,0.0,0.0066977118546625025
1986-02-17,0.0,0.0
1986-02-18,0.0,0.006139173638674
1986-02-19,0.0,-0.0007662617777274283
1986-02-20,0.0,0.002896986565934956
1986-02-21,0.0,0.007193225906941159
1986-02-24,0.0,-0.0004498805004919948
1986-02-25,0.0,-0.001715941376691399
1986-02-26,0.0,0.001098963029756428
1986-02-27,0.0,0.007853182086863475
1986-02-28,0.0,0.0041054571859464595
1986-03-03,0.0,0.0006953522654575828
1986-03-04,0.0,0.003418755906387183
1986-03-05,0.0,-0.0032409074540872274
1986-03-06,0.0,0.004613161405069066
1986-03-07,0.0,0.0020470262793914618
1986-03-10,0.0,0.004665415194346378
1986-03-11,0.0,0.009424889401808079
1986-03-12,0.0,0.006342552264808399
1986-03-13,0.0,0.0017852795585491243
1986-03-14,0.0,0.003996219792088418
1986-03-17,0.0,-0.004894709948094489
1986-03-18,0.0,0.004080970784573257
1986-03-19,0.0,0.00045757967269599575
1986-03-20,0.0,0.0027442223358173923
1986-03-21,0.0,-0.0003219661398943252
1986-03-24,0.0,-0.0051531173676158115
1986-03-25,0.0,-0.0037499662772817466
1986-03-26,0.0,0.003574523396880469
1986-03-27,0.0,0.007312466270912088
1986-03-28,0.0,0.0
1986-03-31,0.0,0.003777021778146983
1986-04-01,0.0,-0.0015211357813835757
1986-04-02,0.0,-5.3454496859450806e-05
1986-04-03,0.0,0.0010156897335151793
1986-04-04,0.0,-0.0060879549277722544
1986-04-07,0.0,-0.00848937484888379
1986-04-08,0.0,0.010892242663993246
1986-04-09,0.0,0.0028679407113565425
1986-04-10,0.0,0.008044686765020348
1986-04-11,0.0,0.004613304345520541
1986-04-14,0.0,0.005093557836953311
1986-04-15,0.0,0.002284423905051902
1986-04-16,0.0,0.015535354064603935
1986-04-17,0.0,0.005984934475286252
1986-04-18,0.0,0.00025643655759566286
1986-04-21,0.0,0.002512433984515283
1986-04-22,0.0,-0.001432078559738148
1986-04-23,0.0,-0.003662159393566955
1986-04-24,0.0,0.006348798354967045
1986-04-25,0.0,0.002094401307723759
1986-04-28,0.0,-0.0023194168323392717
1986-04-29,0.0,-0.005748154203816802
1986-04-30,0.0,-0.015262860373092102
1986-05-01,0.0,-0.004096649619037662
1986-05-02,0.0,0.003956297324914093
1986-05-05,0.0,0.007359465525340614
1986-05-06,0.0,0.0007253886010361033
1986-05-07,0.0,-0.0024593559076316884
1986-05-08,0.0,0.005372018789089772
1986-05-09,0.0,0.004388229220444018
1986-05-12,0.0,-0.0026471344127474428
1986-05-13,0.0,-0.003633365114541154
1986-05-14,0.0,0.0017586510112241882
1986-05-15,0.0,-0.004104920741467399
1986-05-16,0.0,-0.0027997407647439854
1986-05-19,0.0,-0.0024176566927496257
1986-05-20,0.0,0.004013133892739829
1986-05-21,0.0,0.0019985465116278966
1986-05-22,0.0,0.009247506799637373
1986-05-23,0.0,0.005877521687798426
1986-05-26,0.0,0.0
1986-05-27,0.0,0.007603786583654237
1986-05-28,0.0,0.00574843627339261
1986-05-29,0.0,0.0020394803102024017
1986-05-30,0.0,0.005502927356333398
1986-06-02,0.0,-0.0020241903238704673
1986-06-03,0.0,0.000325528984600032
1986-06-04,0.0,-0.0010763993191148513
1986-06-05,0.0,0.002455832602430652
1986-06-06,0.0,0.0005499587530934935
1986-06-09,0.0,-0.013791380387257912
1986-06-10,0.0,-0.0048134167658906435
1986-06-11,0.0,0.006644095410228479
1986-06-12,0.0,0.0027564232247623277
1986-06-13,0.0,0.007716944493481037
1986-06-16,0.0,-0.00262769338572022
1986-06-17,0.0,-0.0056706980478749
1986-06-18,0.0,-0.002624406984960026
1986-06-19,0.0,0.0029349256148163416
1986-06-20,0.0,0.0012108980827447713
1986-06-23,0.0,-0.00012598266478536235
1986-06-24,0.0,0.005266738905828738
1986-06-25,0.0,0.008272335305324452
1986-06-26,0.0,0.001616031027795728
1986-06-27,0.0,0.001638245587906706
1986-06-30,0.0,0.004906698386737185
1986-07-01,0.0,0.005178663904712666
1986-07-02,0.0,0.004587718652633743
1986-07-03,0.0,0.004102764481781707
1986-07-04,0.0,0.0
1986-07-07,0.0,-0.02480786068683738
1986-07-08,0.0,-0.025713288108539567
1986-07-09,0.0,0.007013951107129213
1986-07-10,0.0,-0.0034571290576781433
1986-07-11,0.0,-0.00122439609213576
1986-07-14,0.0,-0.017239177627378366
1986-07-15,0.0,-0.015852390852390874
1986-07-16,0.0,0.0027198310007923165
1986-07-17,0.0,0.004898217154293727
1986-07-18,0.0,-0.001362719148824576
1986-07-21,0.0,-0.004224945548062076
1986-07-22,0.0,0.0010804827913351023
1986-07-23,0.0,-5.2649590649433975e-05
1986-07-24,0.0,-0.0029222061340002936
1986-07-25,0.0,0.0028779637746210174
1986-07-28,0.0,-0.013295421635995064
1986-07-29,0.0,-0.007337638081007514
1986-07-30,0.0,-0.003225546326909079
1986-07-31,0.0,0.001456192864655037
1986-08-01,0.0,-0.0019118399439911338
1986-08-04,0.0,-0.010791560999298566
1986-08-05,0.0,0.0002454590083456054
1986-08-06,0.0,-0.005507839127470993
1986-08-07,0.0,0.0008773613357826449
1986-08-08,0.0,0.0022462676345706978
1986-08-11,0.0,0.01112416978708275
1986-08-12,0.0,0.009055522517164905
1986-08-13,0.0,0.009724343004098746
1986-08-14,0.0,0.0068980154940039284
1986-08-15,0.0,0.0017390387858347012
1986-08-18,0.0,-0.0023936030301436872
1986-08-19,0.0,-0.0011864898357369924
1986-08-20,0.0,0.005569927670133534
1986-08-21,0.0,0.0005775339301183902
1986-08-22,0.0,0.0009707464252919351
1986-08-25,0.0,-0.005923673726147993
1986-08-26,0.0,0.003243157728207713
1986-08-27,0.0,0.003153827958684907
1986-08-28,0.0,0.0018601482878775055
1986-08-29,0.0,0.0012029288702930518
1986-09-01,0.0,0.0
1986-09-02,0.0,-0.0071044245938464146
1986-09-03,0.0,-0.003314568316935884
1986-09-04,0.0,0.0056746199324324564
1986-09-05,0.0,-0.007007322258089754
1986-09-08,0.0,-0.014747859181731826
1986-09-09,0.0,-0.0086646279306829
1986-09-10,0.0,-0.0074414828845893455
1986-09-11,0.0,-0.03669574700109057
1986-09-12,0.0,-0.018565687439859646
1986-09-15,0.0,-0.002652978833842634
1986-09-16,0.0,-0.006332041866651261
1986-09-17,0.0,0.009398550935490357
1986-09-18,0.0,0.004900547708273306
1986-09-19,0.0,0.0023809523809523725
1986-09-22,0.0,0.008928826946741797
1986-09-23,0.0,0.002325911218266974
1986-09-24,0.0,0.00325437926252925
1986-09-25,0.0,-0.008546767460227866
1986-09-26,0.0,0.00034140373837088234
1986-09-29,0.0,-0.010750547481584771
1986-09-30,0.0,0.008164908144783434
1986-10-01,0.0,0.004762312145321745
1986-10-02,0.0,0.0007095419197367114
1986-10-03,0.0,0.0004537848492585095
1986-10-06,0.0,0.0012756909992912568
1986-10-07,0.0,-0.0023216308040769906
1986-10-08,0.0,0.0014756796639989744
1986-10-09,0.0,0.00045338622839330434
1986-10-10,0.0,0.0013312184897751322
1986-10-13,0.0,0.0014708794161741867
1986-10-14,0.0,-0.0007908487501766537
1986-10-15,0.0,0.005314187183763419
1986-10-16,0.0,0.0020244622522143096
1986-10-17,0.0,-0.0018239470213541331
1986-10-20,0.0,-0.006212751602383992
1986-10-21,0.0,-0.001159797459760581
1986-10-22,0.0,0.002322288303596709
1986-10-23,0.0,0.006442133815551365
1986-10-24,0.0,0.0012914093206064514
1986-10-27,0.0,-0.000224303258004932
1986-10-28,0.0,0.00173874025464138
1986-10-29,0.0,0.0034994400895855815
1986-10-30,0.0,0.007253452364346602
1986-10-31,0.0,-0.0007755158565296849
1986-11-03,0.0,0.0010255841671980015
1986-11-04,0.0,0.002076756936368218
1986-11-05,0.0,0.00052502141534716
1986-11-06,0.0,-0.002347547503314118
1986-11-07,0.0,-0.0006643966447970051
1986-11-10,0.0,-0.002797861436604876
1986-11-11,0.0,0.0036946497027612324
1986-11-12,0.0,-0.00033212476820465575
1986-11-13,0.0,-0.008831916719731936
1986-11-14,0.0,0.0016480446927373826
1986-11-17,0.0,-0.00423882428400113
1986-11-18,0.0,-0.012462542358641082
1986-11-19,0.0,-0.007997277522545532
1986-11-20,0.0,0.006832475700400131
1986-11-21,0.0,0.006984866123399325
1986-11-24,0.0,0.004088537995206698
1986-11-25,0.0,0.0023869699522605092
1986-11-26,0.0,0.003361815380305444
1986-11-27,0.0,0.0
1986-11-28,0.0,0.003964819209828274
1986-12-01,0.0,-0.0047278693995606025
1986-12-02,0.0,0.007935842624416711
1986-12-03,0.0,0.00645948268692309
1986-12-04,0.0,0.0028371529308064414
1986-12-05,0.0,-0.0030488642294064228
1986-12-08,0.0,-0.005372492836676179
1986-12-09,0.0,-0.005484612614609086
1986-12-10,0.0,5.570565133838912e-05
1986-12-11,0.0,-0.00367636819384487
1986-12-12,0.0,-0.005031727839431954
1986-12-15,0.0,-0.007332902537015795
1986-12-16,0.0,0.0012736329672817792
1986-12-17,0.0,-0.004183509059558332
1986-12-18,0.0,-0.0025830991512675316
1986-12-19,0.0,0.0024474927428994597
1986-12-22,0.0,-0.0026686350215762156
1986-12-23,0.0,-0.0072302875035582526
1986-12-24,0.0,0.0024658791145772962
1986-12-25,0.0,0.0
1986-12-26,0.0,0.0011154968251243513
1986-12-29,0.0,-0.005656981229107738
1986-12-30,0.0,-0.0020400540183317384
1986-12-31,0.0,0.004347575722676522
1987-01-01,0.0,0.0
1987-01-02,0.0,0.012699595791646479
1987-01-05,0.0,0.02244805525675142
1987-01-06,0.0,0.013372463246490662
1987-01-07,0.0,0.01767662969236672
1987-01-08,0.0,0.013557410937206305
1987-01-09,0.0,0.00823753774434488
1987-01-12,0.0,0.012636280047287451
1987-01-13,0.0,0.00243864473615929
1987-01-14,0.0,0.00918737060041419
1987-01-15,0.0,0.006718810103859552
1987-01-16,0.0,-0.006877754285859794
1987-01-19,0.0,0.0069766845358707474
1987-01-20,0.0,-0.0013500089151531336
1987-01-21,0.0,-0.006402081314084596
1987-01-22,0.0,0.009292773713258873
1987-01-23,0.0,-0.002492560470025773
1987-01-26,0.0,-0.010734592926897601
1987-01-27,0.0,0.00713954327542643
1987-01-28,0.0,0.0033013435700577354
1987-01-29,0.0,-0.0027038057341087773
1987-01-30,0.0,0.00276228963118319
1987-02-02,0.0,0.013059225628730298
1987-02-03,0.0,0.005539050304647741
1987-02-04,0.0,0.009364514998247309
1987-02-05,0.0,0.0064000793808294265
1987-02-06,0.0,0.0029824993837812563
1987-02-09,0.0,-0.0027770268609768056
1987-02-10,0.0,-0.005618808221203531
1987-02-11,0.0,0.011771995043370564
1987-02-12,0.0,0.002278015921616694
1987-02-13,0.0,0.008064910308421824
1987-02-16,0.0,0.0
1987-02-17,0.0,0.013818851823118594
1987-02-18,0.0,-0.002606533071882966
1987-02-19,0.0,-0.00014385384449400185
1987-02-20,0.0,0.0005035608948997794
1987-02-23,0.0,-0.004841338318473776
1987-02-24,0.0,0.0052261451760511335
1987-02-25,0.0,0.008672943769616026
1987-02-26,0.0,0.004560461746751843
1987-02-27,0.0,0.0048234932494739535
1987-03-02,0.0,-0.0024942937148504374
1987-03-03,0.0,-0.0008256469533628463
1987-03-04,0.0,0.007507791103975814
1987-03-05,0.0,0.005295964756057536
1987-03-06,0.0,0.0010489510489510856
1987-03-09,0.0,-0.006193969030154789
1987-03-10,0.0,0.006091989034419765
1987-03-11,0.0,0.004750925731852318
1987-03-12,0.0,0.002433766775606694
1987-03-13,0.0,-0.001179245283018826
1987-03-16,0.0,-0.0025696228904785734
1987-03-17,0.0,0.009121292299122619
1987-03-18,0.0,0.0008509855332459182
1987-03-19,0.0,0.0042283298097252064
1987-03-20,0.0,0.006041189931350166
1987-03-23,0.0,-0.003639341279228381
1987-03-24,0.0,0.00020546068852156374
1987-03-25,0.0,-0.0014835779334899657
1987-03-26,0.0,0.0028115570997531147
1987-03-27,0.0,-0.004239702764924358
1987-03-30,0.0,-0.02238754721300229
1987-03-31,0.0,0.006977778818460623
1987-04-01,0.0,-0.0039762818276944945
1987-04-02,0.0,0.008708035672596592
1987-04-03,0.0,0.012243386488300478
1987-04-06,0.0,0.0009603072983352945
1987-04-07,0.0,-0.008611631413038445
1987-04-08,0.0,0.0020736849381350897
1987-04-09,0.0,-0.0067140327883929984
1987-04-10,0.0,-0.0024537605037153742
1987-04-13,0.0,-0.016754461281414668
1987-04-14,0.0,-0.02480470132873902
1987-04-15,0.0,0.007550822846079441
1987-04-16,0.0,0.007542275172943924
1987-04-17,0.0,0.0
1987-04-20,0.0,-0.00412435035521852
1987-04-21,0.0,0.0019869293562826407
1987-04-22,0.0,-0.0009556574923547112
1987-04-23,0.0,-0.0017457432561699404
1987-04-24,0.0,-0.011522890065400193
1987-04-27,0.0,-0.007149435315786934
1987-04-28,0.0,0.005541045231527875
1987-04-29,0.0,0.005486235859591071
1987-04-30,0.0,0.008715596330275188
1987-05-01,0.0,0.0015078624255044915
1987-05-04,0.0,2.3898288882495677e-05
1987-05-05,0.0,0.009511291671645328
1987-05-06,0.0,-0.00011836280567201207
1987-05-07,0.0,0.0005918840854206575
1987-05-08,0.0,0.0012777133663015583
1987-05-11,0.0,-0.0023867476427913425
1987-05-12,0.0,-0.003861095319310337
1987-05-13,0.0,0.0032815732528002073
1987-05-14,0.0,0.0017539285629635248
1987-05-15,0.0,-0.008919910091091832
1987-05-18,0.0,-0.012748281130633976
1987-05-19,0.0,-0.01303380567780632
1987-05-20,0.0,-0.0038711258115888825
1987-05-21,0.0,0.004673242000147626
1987-05-22,0.0,-0.002619531422136334
1987-05-25,0.0,0.0
1987-05-26,0.0,0.009916543937162459
1987-05-27,0.0,0.002795061248298536
1987-05-28,0.0,0.004265735960639061
1987-05-29,0.0,0.005285386750331744
1987-06-01,0.0,-0.003673116627454842
1987-06-02,0.0,-0.003397508493771184
1987-06-03,0.0,0.005560928433268719
1987-06-04,0.0,0.0036306804520318536
1987-06-05,0.0,0.000982247670156422
1987-06-08,0.0,0.0038054664688143003
1987-06-09,0.0,0.005388521971340765
1987-06-10,0.0,0.0027035359404272707
1987-06-11,0.0,0.0013244719850524778
1987-06-12,0.0,0.00474762028485709
1987-06-15,0.0,2.350839249620762e-05
1987-06-16,0.0,0.00503067773102317
1987-06-17,0.0,0.002128505601946218
1987-06-18,0.0,0.0012370460274484518
1987-06-19,0.0,0.00025642818845139637
1987-06-22,0.0,0.0003961965134706702
1987-06-23,0.0,-0.002958648806057007
1987-06-24,0.0,-0.0016823216038133193
1987-06-25,0.0,-0.0001404297149276701
1987-06-26,0.0,-0.0012172284644194065
1987-06-29,0.0,-0.0004687353520201887
1987-06-30,0.0,-0.004244044269367864
1987-07-01,0.0,-0.0004945016130172286
1987-07-02,0.0,0.0033454271309429906
1987-07-03,0.0,0.0
1987-07-06,0.0,-0.001831501831501714
1987-07-07,0.0,-0.0012938132204187713
1987-07-08,0.0,0.0008950653633259531
1987-07-09,0.0,0.001529663709316731
1987-07-10,0.0,0.0009868884816015555
1987-07-13,0.0,0.0012441314553990335
1987-07-14,0.0,0.010808149485382001
1987-07-15,0.0,0.0001623602542097924
1987-07-16,0.0,0.004638111361053854
1987-07-17,0.0,0.0020082638904919126
1987-07-20,0.0,-0.005920567637301866
1987-07-21,0.0,-0.004959328868392343
1987-07-22,0.0,-0.00016302955492930593
1987-07-23,0.0,-0.003890053575588248
1987-07-24,0.0,0.003507705259219396
1987-07-27,0.0,-0.0006058770069675701
1987-07-28,0.0,0.0025648798004058726
1987-07-29,0.0,0.0028606646975368744
1987-07-30,0.0,0.005496289424860912
1987-07-31,0.0,0.003136748391263211
1987-08-03,0.0,-0.0041385970156117
1987-08-04,0.0,-0.0008311592362570952
1987-08-05,0.0,0.00806432978256355
1987-08-06,0.0,0.0104066382432495
1987-08-07,0.0,0.0063067150635207625
1987-08-10,0.0,0.006064295053879842
1987-08-11,0.0,0.0069240594259081245
1987-08-12,0.0,-0.0002893003382588022
1987-08-13,0.0,0.005164392404781504
1987-08-14,0.0,0.0001328756505369899
1987-08-17,0.0,8.857199796286075e-05
1987-08-18,0.0,-0.010826967784789088
1987-08-19,0.0,0.0026636225266363223
1987-08-20,0.0,0.010715481638575719
1987-08-21,0.0,0.005411374930977431
1987-08-24,0.0,-0.0030755711775043437
1987-08-25,0.0,0.002864698104892094
1987-08-26,0.0,0.00035157108327843467
1987-08-27,0.0,-0.0010323771031937046
1987-08-28,0.0,-0.003298225554651646
1987-08-31,0.0,0.0037062366255598
1987-09-01,0.0,-0.005428929379959202
1987-09-02,0.0,-0.007889502762430944
1987-09-03,0.0,-0.0012696856971019521
1987-09-04,0.0,-0.004193059148898226
1987-09-07,0.0,0.0
1987-09-08,0.0,-0.01988890879770644
1987-09-09,0.0,0.0036334552102375017
1987-09-10,0.0,0.009767981966802619
1987-09-11,0.0,0.0060656624875981
1987-09-14,0.0,-0.0015240827487280617
1987-09-15,0.0,-0.007968753507373916
1987-09-16,0.0,-0.002466398153595506
1987-09-17,0.0,-0.00022683452421468075
1987-09-18,0.0,0.0002495745887691747
1987-09-21,0.0,-0.011001224878646298
1987-09-22,0.0,0.004334762964152139
1987-09-23,0.0,0.006394153916419398
1987-09-24,0.0,0.001225323349217211
1987-09-25,0.0,0.0014504578007432656
1987-09-28,0.0,0.0009278537159409517
1987-09-29,0.0,-0.000972212801555572
1987-09-30,0.0,0.005499479473136226
1987-10-01,0.0,0.009363253730671373
1987-10-02,0.0,0.007046493477533833
1987-10-05,0.0,0.004472885897123691
1987-10-06,0.0,-0.013491171218834697
1987-10-07,0.0,-0.006413264508055683
1987-10-08,0.0,-0.0103679381072328
1987-10-09,0.0,-0.0036361157193827154
1987-10-12,0.0,-0.012293866751818983
1987-10-13,0.0,0.004087382227969671
1987-10-14,0.0,-0.015018053862606684
1987-10-15,0.0,-0.013472494629681475
1987-10-16,0.0,-0.038294951598778715
1987-10-19,0.0,-0.11350380232815693
1987-10-20,0.0,-0.09000305377418716
1987-10-21,0.0,0.07343116019402673
1987-10-22,0.0,-0.044705280509293566
1987-10-23,0.0,-0.022848302740011373
1987-10-26,0.0,-0.08996803166387579
1987-10-27,0.0,-0.008564737370358011
1987-10-28,0.0,-0.015050280083687584
1987-10-29,0.0,0.051973413731670526
1987-10-30,0.0,0.052922976713890346
1987-11-02,0.0,0.015558304979894855
1987-11-03,0.0,-0.023360643255261326
1987-11-04,0.0,-0.0016528410154058593
1987-11-05,0.0,0.0188985724549402
1987-11-06,0.0,0.0006438162977495665
1987-11-09,0.0,-0.01826036336897574
1987-11-10,0.0,-0.016353025621820727
1987-11-11,0.0,0.008280719565976202
1987-11-12,0.0,0.01950912523599735
1987-11-13,0.0,-0.0031790123456789665
1987-11-16,0.0,-0.0018577576864724499
1987-11-17,0.0,-0.017433383999751806
1987-11-18,0.0,0.004640883977900634
1987-11-19,0.0,-0.013481239394129929
1987-11-20,0.0,-0.004587009842958567
1987-11-23,0.0,0.0020480655380972212
1987-11-24,0.0,0.011337144317056902
1987-11-25,0.0,0.0034735379562964575
1987-11-26,0.0,0.0
1987-11-27,0.0,-0.004122348794763475
1987-11-30,0.0,-0.03573798464309419
1987-12-01,0.0,0.0002621575566914558
1987-12-02,0.0,-6.552221202982267e-05
1987-12-03,0.0,-0.021197824520018393
1987-12-04,0.0,-0.019514644351464328
1987-12-07,0.0,0.00631571760207561
1987-12-08,0.0,0.010821996811072987
1987-12-09,0.0,0.01339105920257766
1987-12-10,0.0,-0.003775459513164381
1987-12-11,0.0,0.005850869319504071
1987-12-14,0.0,0.02244108801269129
1987-12-15,0.0,0.010731833462632512
1987-12-16,0.0,0.021011897147243275
1987-12-17,0.0,0.0008144087705559411
1987-12-18,0.0,0.02316046446120623
1987-12-21,0.0,0.005383744761555231
1987-12-22,0.0,-0.004168314722974409
1987-12-23,0.0,0.012771157959059032
1987-12-24,0.0,0.005158682273440185
1987-12-25,0.0,0.0
1987-12-28,0.0,-0.02277979531198404
1987-12-29,0.0,-0.00021498771498784652
1987-12-30,0.0,0.012809879273799618
1987-12-31,0.0,0.0023354564755839746
1988-01-01,0.0,0.0
1988-01-04,0.0,0.024238206191182332
1988-01-05,0.0,0.016515008272276033
1988-01-06,0.0,0.0077019211207023375
1988-01-07,0.0,0.008479464697738859
1988-01-08,0.0,-0.03200251673053822
1988-01-11,0.0,-0.006706650515555412
1988-01-12,0.0,-0.01258179654967273
1988-01-13,0.0,0.0021387474771816795
1988-01-14,0.0,0.004659131898521185
1988-01-15,0.0,0.017682434251862444
1988-01-18,0.0,0.001146586699594332
1988-01-19,0.0,-0.0004992218013095684
1988-01-20,0.0,-0.019626278058526236
1988-01-21,0.0,0.0017082234476144542
1988-01-22,0.0,0.009992520568436802
1988-01-25,0.0,0.008649545306436801
1988-01-26,0.0,-0.003788434994566825
1988-01-27,0.0,0.001709804846412366
1988-01-28,0.0,0.007533843437316001
1988-01-29,0.0,0.006718074541418373
1988-02-01,0.0,0.00446817153136414
1988-02-02,0.0,0.0028596187175042864
1988-02-03,0.0,-0.010023330165039424
1988-02-04,0.0,0.0027639579878386833
1988-02-05,0.0,0.0031625369929784153
1988-02-08,0.0,-0.003557483731019606
1988-02-09,0.0,0.0013061650992687301
1988-02-10,0.0,0.012609792155839461
1988-02-11,0.0,0.004923852055422007
1988-02-12,0.0,0.0063525524156791136
1988-02-15,0.0,0.0
1988-02-16,0.0,0.004161123220199903
1988-02-17,0.0,0.0015222416417657314
1988-02-18,0.0,0.000985138482323844
1988-02-19,0.0,0.004189747771560448
1988-02-22,0.0,0.008008512544802837
1988-02-23,0.0,0.003055725318073188
1988-02-24,0.0,0.005705106901517709
1988-02-25,0.0,0.0013218042628186932
1988-02-26,0.0,-0.000605027226225241
1988-02-29,0.0,0.009741331865712688
1988-03-01,0.0,0.0010355916498610007
1988-03-02,0.0,0.008330610911466918
1988-03-03,0.0,0.004400885576975044
1988-03-04,0.0,0.003655815703879073
1988-03-07,0.0,0.0031336208050996017
1988-03-08,0.0,0.006381160890692517
1988-03-09,0.0,0.008887591860557542
1988-03-10,0.0,-0.009256337435573747
1988-03-11,0.0,-0.003397388257776801
1988-03-14,0.0,0.003169276659209519
1988-03-15,0.0,-0.00026548437624451804
1988-03-16,0.0,0.005231431075231718
1988-03-17,0.0,0.005706134094151105
1988-03-18,0.0,0.0023115313895456513
1988-03-21,0.0,-0.007888254101367953
1988-03-22,0.0,0.0031434080883323556
1988-03-23,0.0,0.0008689698757109454
1988-03-24,0.0,-0.011812991659869931
1988-03-25,0.0,-0.00814696485623001
1988-03-28,0.0,-0.005690664089762154
1988-03-29,0.0,0.00685708115112571
1988-03-30,0.0,-0.0031638781638781976
1988-03-31,0.0,0.00769272150196354
1988-04-01,0.0,0.0
1988-04-04,0.0,-0.0073403800982276834
1988-04-05,0.0,0.004087230094920624
1988-04-06,0.0,0.01159583299858058
1988-04-07,0.0,0.003017948853708763
1988-04-08,0.0,0.007786106418918859
1988-04-11,0.0,0.0018070869235000675
1988-04-12,0.0,0.0022482484575969686
1988-04-13,0.0,7.825134331485017e-05
1988-04-14,0.0,-0.02318666701442329
1988-04-15,0.0,-0.0016554523122930265
1988-04-18,0.0,0.0032361594009093775
1988-04-19,0.0,0.004665298179200805
1988-04-20,0.0,-0.00695218383484586
1988-04-21,0.0,-0.0027789653698162553
1988-04-22,0.0,0.0022508038585209444
1988-04-25,0.0,0.0032884183509784837
1988-04-26,0.0,0.006848402483545124
1988-04-27,0.0,0.00219669701460945
1988-04-28,0.0,0.00026408218237516934
1988-04-29,0.0,0.0012144573223857869
1988-05-02,0.0,0.0013448303140572992
1988-05-03,0.0,0.006557118028124531
1988-05-04,0.0,-0.0015958977578944822
1988-05-05,0.0,-0.005529060321786128
1988-05-06,0.0,-0.00023714790124096385
1988-05-09,0.0,-0.008302145379790349
1988-05-10,0.0,-0.002232439471655967
1988-05-11,0.0,-0.016487760701062726
1988-05-12,0.0,0.002681182970425855
1988-05-13,0.0,0.006077303297949976
1988-05-16,0.0,0.0023356958762885682
1988-05-17,0.0,-0.0028927280032142733
1988-05-18,0.0,-0.0141832540897735
1988-05-19,0.0,-0.0020164037167225146
1988-05-20,0.0,-0.0006006825938567051
1988-05-23,0.0,-0.007567685708821603
1988-05-24,0.0,0.005230413477949725
1988-05-25,0.0,0.0015609595793624198
1988-05-26,0.0,0.0042654417193011
1988-05-27,0.0,-0.0017152658662092923
1988-05-30,0.0,0.0
1988-05-31,0.0,0.010036546119020162
1988-06-01,0.0,0.012069989739158737
1988-06-02,0.0,-0.00042688295403015
1988-06-03,0.0,0.005898838916321925
1988-06-06,0.0,0.006607228148383992
1988-06-07,0.0,-7.908264136025078e-05
1988-06-08,0.0,0.01078245281029222
1988-06-09,0.0,0.0031037270806708595
1988-06-10,0.0,0.004290171606864179
1988-06-13,0.0,0.0014498381877021682
1988-06-14,0.0,0.004446627543238213
1988-06-15,0.0,0.001415592103569896
1988-06-16,0.0,-0.005088927726945469
1988-06-17,0.0,-0.0004649961250322576
1988-06-20,0.0,-0.0024035976429236383
1988-06-21,0.0,0.004559703619264832
1988-06-22,0.0,0.007169568020631845
1988-06-23,0.0,0.0012803113717256842
1988-06-24,0.0,0.0015088356392094493
1988-06-27,0.0,-0.0066901588274347334
1988-06-28,0.0,0.00686375321336774
1988-06-29,0.0,-2.553169760255436e-05
1988-06-30,0.0,0.007659704846039839
1988-07-01,0.0,7.601479754715257e-05
1988-07-04,0.0,0.0
1988-07-05,0.0,0.003597760267551875
1988-07-06,0.0,-0.0016662038322688977
1988-07-07,0.0,-5.0575293968901924e-05
1988-07-08,0.0,-0.0027817818577245967
1988-07-11,0.0,-0.00045647046889663034
1988-07-12,0.0,-0.0015983762526956546
1988-07-13,0.0,0.00010164667615364387
1988-07-14,0.0,0.002820408578107614
1988-07-15,0.0,-0.00020270099070118786
1988-07-18,0.0,0.0004561696951266292
1988-07-19,0.0,-0.008840590723712571
1988-07-20,0.0,0.0008945001022286903
1988-07-21,0.0,-0.0070730025789648154
1988-07-22,0.0,-0.0038831456051020563
1988-07-25,0.0,-0.0005937782367368971
1988-07-26,0.0,-0.0034356271957015627
1988-07-27,0.0,-0.006402446927084804
1988-07-28,0.0,0.00198267765835336
1988-07-29,0.0,0.008461778796084118
1988-08-01,0.0,0.0017297911341749295
1988-08-02,0.0,-0.0005154639175257714
1988-08-03,0.0,0.001856627127385213
1988-08-04,0.0,0.0008751158241533386
1988-08-05,0.0,-0.0029573625469321296
1988-08-08,0.0,-0.0001289623687806829
1988-08-09,0.0,-0.00884795955218487
1988-08-10,0.0,-0.014886916690523999
1988-08-11,0.0,0.0015851628754854907
1988-08-12,0.0,-0.00042204109625176844
1988-08-15,0.0,-0.012877688349386407
1988-08-16,0.0,0.004250541342529557
1988-08-17,0.0,0.0014907096842888823
1988-08-18,0.0,0.0026580192440592842
1988-08-19,0.0,0.0005301945814113473
1988-08-22,0.0,-0.00977690636426265
1988-08-23,0.0,-0.0005351456934151733
1988-08-24,0.0,0.006692902845822246
1988-08-25,0.0,-0.005292130946998763
1988-08-26,0.0,0.0010426692332370369
1988-08-29,0.0,0.0047538925833934265
1988-08-30,0.0,0.0007442651710480863
1988-08-31,0.0,0.00015936678265027204
1988-09-01,0.0,-0.009533926437392148
1988-09-02,0.0,0.009518447018447063
1988-09-05,0.0,0.0
1988-09-06,0.0,0.0021778970014076915
1988-09-07,0.0,0.0016696260567672372
1988-09-08,0.0,0.004683035241824562
1988-09-09,0.0,0.004924551655123288
1988-09-12,0.0,0.001231656184486285
1988-09-13,0.0,0.0008113696443059482
1988-09-14,0.0,0.0038443433233956714
1988-09-15,0.0,-0.0029959619643090685
1988-09-16,0.0,0.003161745492552992
1988-09-19,0.0,-0.0012242452658175473
1988-09-20,0.0,0.0017212601710829833
1988-09-21,0.0,0.002108825826607763
1988-09-22,0.0,-0.00012990049621997013
1988-09-23,0.0,0.0002858182196123771
1988-09-26,0.0,-0.0057666831181650835
1988-09-27,0.0,-0.0013847158719790809
1988-09-28,0.0,0.0027732719376274417
1988-09-29,0.0,0.007227092465038609
1988-09-30,0.0,0.004299961144929254
1988-10-03,0.0,-0.008330969023238932
1988-10-04,0.0,-0.0007282563462339686
1988-10-05,0.0,0.0008328995314939025
1988-10-06,0.0,0.0016384063247685265
1988-10-07,0.0,0.001350123328573316
1988-10-10,0.0,-0.00046672025306615517
1988-10-11,0.0,-0.0005447612130017321
1988-10-12,0.0,-0.007085755813953432
1988-10-13,0.0,0.0023787740164682436
1988-10-14,0.0,0.0029468523444426964
1988-10-17,0.0,0.0010920720767571002
1988-10-18,0.0,0.0032206955663489634
1988-10-19,0.0,-0.0012686084142394805
1988-10-20,0.0,0.00741393612608876
1988-10-21,0.0,-7.719623282387289e-05
1988-10-24,0.0,-0.0034998327285826747
1988-10-25,0.0,-0.002866513441623919
1988-10-26,0.0,-0.002408577644255727
1988-10-27,0.0,-0.008878735169656538
1988-10-28,0.0,0.002671765722817465
1988-10-31,0.0,-0.0008620914861935391
1988-11-01,0.0,-0.00028761177639480273
1988-11-02,0.0,-0.00149078069831321
1988-11-03,0.0,0.002593116454502553
1988-11-04,0.0,-0.0045719361496460165
1988-11-07,0.0,-0.011836648994803411
1988-11-08,0.0,0.006188414650341256
1988-11-09,0.0,-0.0029036004645759395
1988-11-10,0.0,0.0017472335468839972
1988-11-11,0.0,-0.012262156448202943
1988-11-14,0.0,-0.0037457191780820853
1988-11-15,0.0,-0.0006176818132990203
1988-11-16,0.0,-0.011662591030016323
1988-11-17,0.0,-0.0009788194350036639
1988-11-18,0.0,0.00040824102550129915
1988-11-21,0.0,-0.006828445508460734
1988-11-22,0.0,0.0007943682033582089
1988-11-23,0.0,0.0065688635865994716
1988-11-24,0.0,0.0
1988-11-25,0.0,-0.0037524472482053373
1988-11-28,0.0,-0.0007915279218299043
1988-11-29,0.0,0.0056270316042503765
1988-11-30,0.0,0.008963737606953792
1988-12-01,0.0,0.006515008749495177
1988-12-02,0.0,0.0001069890603686563
1988-12-05,0.0,0.004011660560027774
1988-12-06,0.0,0.004235369329532945
1988-12-07,0.0,-0.0016976127320954548
1988-12-08,0.0,-0.003029014773089589
1988-12-09,0.0,-5.330206278997274e-05
1988-12-12,0.0,-0.0026652452025586193
1988-12-13,0.0,-0.0032602886157134803
1988-12-14,0.0,-0.0005630328703952747
1988-12-15,0.0,0.000643828634278476
1988-12-16,0.0,0.007479692233452351
1988-12-19,0.0,0.001569984034060612
1988-12-20,0.0,-0.0009033183665877464
1988-12-21,0.0,-0.0011966493817311408
1988-12-22,0.0,0.0023961661341851404
1988-12-23,0.0,0.002231075697211038
1988-12-26,0.0,0.0
1988-12-27,0.0,-0.001855090899454015
1988-12-28,0.0,0.0003186066270177701
1988-12-29,0.0,0.006078139929929005
1988-12-30,0.0,0.006146946313151158
1989-01-02,0.0,0.0
1989-01-03,0.0,-0.007394200010488183
1989-01-04,0.0,0.011094674556213047
1989-01-05,0.0,0.0026909812937612188
1989-01-06,0.0,0.002475312019593945
1989-01-09,0.0,0.0014035452513385671
1989-01-10,0.0,-0.0017909053156146548
1989-01-11,0.0,0.0018721235601550923
1989-01-12,0.0,0.004412031870441924
1989-01-13,0.0,0.00020671300483177113
1989-01-16,0.0,0.0006975122064636352
1989-01-17,0.0,-0.003381866997108629
1989-01-18,0.0,0.007330656650692768
1989-01-19,0.0,0.005657272166220917
1989-01-20,0.0,0.0014830725171322001
1989-01-23,0.0,-0.004263902364295635
1989-01-24,0.0,0.005128336624016017
1989-01-25,0.0,0.005204214393224271
1989-01-26,0.0,0.007765906149278079
1989-01-27,0.0,0.00219093908182022
1989-01-30,0.0,0.0031661473514927874
1989-01-31,0.0,0.005210159811632753
1989-02-01,0.0,0.004809369548965936
1989-02-02,0.0,0.004786350221957614
1989-02-03,0.0,0.0029371112646856545
1989-02-06,0.0,-0.0008613264427218548
1989-02-07,0.0,0.007857142857142785
1989-02-08,0.0,-0.002981500036657758
1989-02-09,0.0,-0.0038728337867981466
1989-02-10,0.0,-0.009891975688378074
1989-02-13,0.0,-0.002733802221835724
1989-02-14,0.0,0.001869065716350482
1989-02-15,0.0,0.0053479926371822195
1989-02-16,0.0,0.0037855357893954444
1989-02-17,0.0,0.0036726645304412386
1989-02-20,0.0,0.0
1989-02-21,0.0,-0.001989243350769887
1989-02-22,0.0,-0.009572321472513412
1989-02-23,0.0,0.0014410295907971715
1989-02-24,0.0,-0.007715781377924502
1989-02-27,0.0,-0.002550255025502546
1989-02-28,0.0,0.00193011480423122
1989-03-01,0.0,0.0002251632433514228
1989-03-02,0.0,0.006828414207103561
1989-03-03,0.0,0.003627058852756493
1989-03-06,0.0,0.005618950964132674
1989-03-07,0.0,-0.00019691822970502315
1989-03-08,0.0,0.0005416317888620181
1989-03-09,0.0,-0.0017962598425196319
1989-03-10,0.0,0.0005669632952891579
1989-03-13,0.0,0.001626016260162677
1989-03-14,0.0,-0.0013528138528138278
1989-03-15,0.0,0.002389103716657237
1989-03-16,0.0,0.006216521696397859
1989-03-17,0.0,-0.01787502136699959
1989-03-20,0.0,-0.009174768144409318
1989-03-21,0.0,0.00820577164366365
1989-03-22,0.0,-0.0029867834830873408
1989-03-23,0.0,0.0009236837506554352
1989-03-24,0.0,0.0
1989-03-27,0.0,-0.0009477727340748698
1989-03-28,0.0,0.005092869982025183
1989-03-29,0.0,0.002732240437158362
1989-03-30,0.0,0.002130294773346586
1989-03-31,0.0,0.005363852086217147
1989-04-03,0.0,0.002261942812184836
1989-04-04,0.0,-0.0011529498344167166
1989-04-05,0.0,0.002750626258657185
1989-04-06,0.0,-0.0002449179524859346
1989-04-07,0.0,0.006148946594806359
1989-04-10,0.0,0.0010469674466169199
1989-04-11,0.0,0.005837427640219994
1989-04-12,0.0,0.00517483193886914
1989-04-13,0.0,-0.004378367975365616
1989-04-14,0.0,0.009230174455129747
1989-04-17,0.0,0.00019153418885275997
1989-04-18,0.0,0.007085407889697581
1989-04-19,0.0,0.002828484502757078
1989-04-20,0.0,-0.0009480694934939082
1989-04-21,0.0,0.005337951650020267
1989-04-24,0.0,-0.0013686992637341744
1989-04-25,0.0,-0.0011106384989839624
1989-04-26,0.0,0.0015850110004496099
1989-04-27,0.0,0.006613444187254958
1989-04-28,0.0,0.003214604157867562
1989-05-01,0.0,-0.0001871126184072036
1989-05-02,0.0,0.0013100334526399138
1989-05-03,0.0,0.0018923907202765822
1989-05-04,0.0,0.0009094300904768371
1989-05-05,0.0,0.0035179274514829384
1989-05-08,0.0,-0.003296652272832823
1989-05-09,0.0,-0.0008152427094008097
1989-05-10,0.0,0.0015618807842039395
1989-05-11,0.0,0.0023042547248859346
1989-05-12,0.0,0.009753152358172867
1989-05-15,0.0,0.0031736540717062223
1989-05-16,0.0,-0.0012608605946675677
1989-05-17,0.0,0.006564752329798473
1989-05-18,0.0,0.002941713034753324
1989-05-19,0.0,0.005093108387712819
1989-05-22,0.0,-0.0006107906345437231
1989-05-23,0.0,-0.003689619267508659
1989-05-24,0.0,0.0030444166761331992
1989-05-25,0.0,0.0031710797526556256
1989-05-26,0.0,0.005238321027794646
1989-05-29,0.0,0.0
1989-05-30,0.0,-0.0022461310392848377
1989-05-31,0.0,0.0044123275027578845
1989-06-01,0.0,0.004818791043772475
1989-06-02,0.0,0.007383119200571109
1989-06-05,0.0,-0.008391825166618738
1989-06-06,0.0,0.000267952840300012
1989-06-07,0.0,0.009465130815251355
1989-06-08,0.0,0.003958425475453442
1989-06-09,0.0,-0.0007489151743431677
1989-06-12,0.0,-0.0005731290642565501
1989-06-13,0.0,-0.005866913694611675
1989-06-14,0.0,-0.00019967608102422485
1989-06-15,0.0,-0.007855494407953079
1989-06-16,0.0,0.00024602997092371126
1989-06-19,0.0,-0.002504416269761389
1989-06-20,0.0,-0.0033849671590934216
1989-06-21,0.0,-0.001619506050654529
1989-06-22,0.0,0.00331185508944265
1989-06-23,0.0,0.006803943143287139
1989-06-26,0.0,-0.0023864751538942297
1989-06-27,0.0,0.002816964385521592
1989-06-28,0.0,-0.008137331401181669
1989-06-29,0.0,-0.015711395819285157
1989-06-30,0.0,-0.005982964536091928
1989-07-03,0.0,0.0016310965103722985
1989-07-04,0.0,0.0
1989-07-05,0.0,0.0021559633027523617
1989-07-06,0.0,0.006019133061747617
1989-07-07,0.0,0.006483608981504796
1989-07-10,0.0,0.0006102798246010455
1989-07-11,0.0,0.004088639906029146
1989-07-12,0.0,0.005196850393700769
1989-07-13,0.0,0.00241713480002681
1989-07-14,0.0,0.002255017973163076
1989-07-17,0.0,0.002183114279349585
1989-07-18,0.0,-0.004490086245220959
1989-07-19,0.0,0.007524672888849171
1989-07-20,0.0,-0.004410167763668205
1989-07-21,0.0,0.00011129908289553292
1989-07-24,0.0,-0.007367179327383178
1989-07-25,0.0,0.0010987039777567986
1989-07-26,0.0,0.00593544919031519
1989-07-27,0.0,0.007481296758104827
1989-07-28,0.0,0.0007514144271569823
1989-07-31,0.0,0.0022525506823902752
1989-08-01,0.0,-0.001211880839062096
1989-08-02,0.0,0.0017428136513049086
1989-08-03,0.0,0.00627642706131093
1989-08-04,0.0,0.0010723743242948558
1989-08-07,0.0,0.009422412662323465
1989-08-08,0.0,0.003400255560608967
1989-08-09,0.0,-0.0019210015109000222
1989-08-10,0.0,0.0024653446075992846
1989-08-11,0.0,-0.0023082731096968345
1989-08-14,0.0,-0.005384016606123532
1989-08-15,0.0,0.002000043479206015
1989-08-16,0.0,-0.00026035451606609694
1989-08-17,0.0,8.68074393973739e-05
1989-08-18,0.0,0.002473797278823131
1989-08-21,0.0,-0.007879299521614036
1989-08-22,0.0,6.545502149113425e-05
1989-08-23,0.0,0.007243214940221732
1989-08-24,0.0,0.009097210188875327
1989-08-25,0.0,0.0018674336739075148
1989-08-28,0.0,0.0009426888055703575
1989-08-29,0.0,-0.0013270831995547683
1989-08-30,0.0,0.0036436118910345705
1989-08-31,0.0,0.0022636513122771262
1989-09-01,0.0,0.004282700871454992
1989-09-04,0.0,0.0
1989-09-05,0.0,0.00016972885814925398
1989-09-06,0.0,-0.004603113996012098
1989-09-07,0.0,0.0009163558870537436
1989-09-08,0.0,0.0034704479645715214
1989-09-11,0.0,-0.0018883537374551063
1989-09-12,0.0,0.003061094341227033
1989-09-13,0.0,-6.357817996871518e-05
1989-09-14,0.0,-0.0064641926117458
1989-09-15,0.0,-0.002581168138572454
1989-09-18,0.0,-0.0014543276942490246
1989-09-19,0.0,0.0003426931397116917
1989-09-20,0.0,-0.0007065624665453241
1989-09-21,0.0,0.0005999314364071306
1989-09-22,0.0,0.0022912205567451327
1989-09-25,0.0,-0.00290554831542289
1989-09-26,0.0,0.0024212037453665847
1989-09-27,0.0,-0.00014962380300953537
1989-09-28,0.0,0.007204395322487622
1989-09-29,0.0,0.0037780702126757326
1989-10-02,0.0,0.004799966167639225
1989-10-03,0.0,0.004398240703718415
1989-10-04,0.0,0.00427422058330551
1989-10-05,0.0,0.002795627138446166
1989-10-06,0.0,0.0061998085965131455
1989-10-09,0.0,0.004321396079728812
1989-10-10,0.0,-0.0032734235068866413
1989-10-11,0.0,-0.004089726112281533
1989-10-12,0.0,6.222000995514954e-05
1989-10-13,0.0,-0.03090068230365617
1989-10-16,0.0,-0.0135033918979649
1989-10-17,0.0,-0.002277756084862692
1989-10-18,0.0,0.007283717087382735
1989-10-19,0.0,0.016232084268692937
1989-10-20,0.0,-0.00027612574341540075
1989-10-23,0.0,-0.007329976416597606
1989-10-24,0.0,-0.011814562732759826
1989-10-25,0.0,0.002577431232402061
1989-10-26,0.0,-0.010240013826179006
1989-10-27,0.0,-0.0117647058823529
1989-10-30,0.0,-0.0030700591925081344
1989-10-31,0.0,0.009437933402751675
1989-11-01,0.0,0.002216710927726462
1989-11-02,0.0,-0.007664681149264219
1989-11-03,0.0,-0.00037515999470350003
1989-11-06,0.0,-0.010927876018279492
1989-11-07,0.0,0.0030802196330521614
1989-11-08,0.0,0.010347129506008024
1989-11-09,0.0,4.40480123333753e-05
1989-11-10,0.0,0.004668883652300337
1989-11-13,0.0,-0.0005480172735045086
1989-11-14,0.0,-0.0041891476948722195
1989-11-15,0.0,0.003986520714490238
1989-11-16,0.0,-0.0012285012285012664
1989-11-17,0.0,0.003162888771744976
1989-11-20,0.0,-0.002211420564021793
1989-11-21,0.0,-0.0034451734655811528
1989-11-22,0.0,0.002201964152023672
1989-11-23,0.0,0.0
1989-11-24,0.0,0.003273717976886248
1989-11-27,0.0,-0.0010073801546108818
1989-11-28,0.0,0.0010741609487692205
1989-11-29,0.0,-0.001861341041475062
1989-11-30,0.0,0.0006142910423201364
1989-12-01,0.0,0.0022144752132255974
1989-12-04,0.0,0.002581492014876341
1989-12-05,0.0,0.0005891594658289367
1989-12-06,0.0,-0.004099880056700478
1989-12-07,0.0,-0.0007883154137561244
1989-12-08,0.0,-0.00019723433630636222
1989-12-11,0.0,-0.008329314804261134
1989-12-12,0.0,-0.004398567702577294
1989-12-13,0.0,0.0015762715627289925
1989-12-14,0.0,-0.00811278095491419
1989-12-15,0.0,-0.008134441762760458
1989-12-18,0.0,-0.017596431146359004
1989-12-19,0.0,-0.003852945898217941
1989-12-20,0.0,0.005962933118452751
1989-12-21,0.0,0.009497871561312765
1989-12-22,0.0,0.007889546351084853
1989-12-25,0.0,0.0
1989-12-26,0.0,0.0015520615426141138
1989-12-27,0.0,0.007972869783946512
1989-12-28,0.0,0.002606893785789044
1989-12-29,0.0,0.010756033601493353
1990-01-01,0.0,0.0
1990-01-02,0.0,0.009916010729519309
1990-01-03,0.0,0.003418021901465229
1990-01-04,0.0,-0.003276198741592462
1990-01-05,0.0,-0.0025468556128778186
1990-01-08,0.0,0.0010693553314999882
1990-01-09,0.0,-0.004229251596869488
1990-01-10,0.0,-0.013288963811108445
1990-01-11,0.0,-0.004082538273796232
1990-01-12,0.0,-0.020362696609187658
1990-01-15,0.0,-0.007004457381970419
1990-01-16,0.0,0.008061561011359464
1990-01-17,0.0,-0.003362413667757247
1990-01-18,0.0,-0.0026442965259415585
1990-01-19,0.0,0.0076796489303345705
1990-01-22,0.0,-0.02027762656505172
1990-01-23,0.0,-0.0035190072695281405
1990-01-24,0.0,-0.011058965661446929
1990-01-25,0.0,-0.0009867030023963386
1990-01-26,0.0,-0.009194807638039704
1990-01-29,0.0,-0.007642465525834807
1990-01-30,0.0,-0.01767477458085187
1990-01-31,0.0,0.012392871055707078
1990-02-01,0.0,0.004689641903754094
1990-02-02,0.0,0.010652049023362586
1990-02-05,0.0,0.005968593827716084
1990-02-06,0.0,-0.0017422833329409082
1990-02-07,0.0,0.00660392933795606
1990-02-08,0.0,0.001241828533939282
1990-02-09,0.0,0.0035570532621922446
1990-02-12,0.0,-0.005736405186083315
1990-02-13,0.0,-0.0014775552324217678
1990-02-14,0.0,0.0019025249559601054
1990-02-15,0.0,0.007150225056264059
1990-02-16,0.0,-0.0013966155350202403
1990-02-19,0.0,0.0
1990-02-20,0.0,-0.012074310622130047
1990-02-21,0.0,-0.0054502984687256895
1990-02-22,0.0,0.0029180110077813293
1990-02-23,0.0,-0.007640449438202301
1990-02-26,0.0,0.003408657513348512
1990-02-27,0.0,0.003943461218672173
1990-02-28,0.0,0.007619318047372259
1990-03-01,0.0,0.0032407298687269215
1990-03-02,0.0,0.00891833056342306
1990-03-05,0.0,-0.0020184678205187323
1990-03-06,0.0,0.005067999535045997
1990-03-07,0.0,0.00032382670645114686
1990-03-08,0.0,0.009318565449626393
1990-03-09,0.0,0.0005956471935852914
1990-03-12,0.0,-0.00045791739170253365
1990-03-13,0.0,-0.004535459043430445
1990-03-14,0.0,0.0036126835105159127
1990-03-15,0.0,0.004379227330047142
1990-03-16,0.0,0.009359448477377574
1990-03-19,0.0,0.0016962185634159521
1990-03-20,0.0,-0.006389559955747304
1990-03-21,0.0,-0.001772405017269496
1990-03-22,0.0,-0.01090371044844074
1990-03-23,0.0,0.006305953833053435
1990-03-26,0.0,0.0036363636363636598
1990-03-27,0.0,0.0015039649986328119
1990-03-28,0.0,-0.006393629124004541
1990-03-29,0.0,-0.0029082415443448806
1990-03-30,0.0,0.0002755959762987814
1990-04-02,0.0,-0.0054185608669697904
1990-04-03,0.0,0.010319035966572798
1990-04-04,0.0,-0.0050953958642749875
1990-04-05,0.0,-0.004593266271645802
1990-04-06,0.0,-0.0058142217710305255
1990-04-09,0.0,-0.0016709213274540557
1990-04-10,0.0,0.003998326282021347
1990-04-11,0.0,0.0037740217642971974
1990-04-12,0.0,0.006412474338569396
1990-04-13,0.0,0.0
1990-04-16,0.0,0.0008938598702756817
1990-04-17,0.0,-0.0029310739638195304
1990-04-18,0.0,-0.008956869229709286
1990-04-19,0.0,-0.0058398220244716414
1990-04-20,0.0,-0.007482517482517381
1990-04-23,0.0,-0.013410366612649494
1990-04-24,0.0,-0.0021186440677966045
1990-04-25,0.0,0.003268207733963191
1990-04-26,0.0,0.0011888910024728805
1990-04-27,0.0,-0.007314871989740124
1990-04-30,0.0,0.005000239245896765
1990-05-01,0.0,0.0042373890065943165
1990-05-02,0.0,0.004100983762000521
1990-05-03,0.0,0.004391142169129836
1990-05-04,0.0,0.007451109439639003
1990-05-07,0.0,0.006112783182846915
1990-05-08,0.0,0.0014145583563294206
1990-05-09,0.0,-0.0011578362356428062
1990-05-10,0.0,0.004312143552649861
1990-05-11,0.0,0.011311172668513558
1990-05-14,0.0,0.00801186943620169
1990-05-15,0.0,0.0020153529132038717
1990-05-16,0.0,0.0009717514124294446
1990-05-17,0.0,0.006344117580656006
1990-05-18,0.0,0.005765693004890826
1990-05-21,0.0,0.010216145078182581
1990-05-22,0.0,0.002208041687826956
1990-05-23,0.0,0.00656546740399655
1990-05-24,0.0,0.0031081051502614976
1990-05-25,0.0,-0.010037312618647598
1990-05-28,0.0,0.0
1990-05-29,0.0,0.008419846150455212
1990-05-30,0.0,0.0027540381631001587
1990-05-31,0.0,0.0004359482965321515
1990-06-01,0.0,0.00688498158921047
1990-06-04,0.0,0.007530348603207004
1990-06-05,0.0,-0.00214772019501297
1990-06-06,0.0,0.0007533199888076769
1990-06-07,0.0,-0.0018711286992429965
1990-06-08,0.0,-0.006938309379646124
1990-06-11,0.0,0.004166033805628411
1990-06-12,0.0,0.008146243436547795
1990-06-13,0.0,0.004929698216735279
1990-06-14,0.0,-0.0037537857782706796
1990-06-15,0.0,0.0009633911368014392
1990-06-18,0.0,-0.014458346700887637
1990-06-19,0.0,-0.0005642483560842626
1990-06-20,0.0,0.0005862810240375715
1990-06-21,0.0,0.0010199652777778123
1990-06-22,0.0,-0.004205779695189316
1990-06-25,0.0,-0.008033440010450033
1990-06-26,0.0,-0.0005706259327539209
1990-06-27,0.0,0.003315911985594333
1990-06-28,0.0,0.007638600100680737
1990-06-29,0.0,0.004148746687518967
1990-07-02,0.0,-0.0005407860866555314
1990-07-03,0.0,-0.0006060081378236326
1990-07-04,0.0,0.0
1990-07-05,0.0,-0.00556566181566176
1990-07-06,0.0,0.002918182016158788
1990-07-09,0.0,0.0024971228801597967
1990-07-10,0.0,-0.0015378617224051094
1990-07-11,0.0,0.006356162006204258
1990-07-12,0.0,0.007048932959689669
1990-07-13,0.0,0.0027184964787978494
1990-07-16,0.0,0.002476304329263046
1990-07-17,0.0,-0.010902896081771751
1990-07-18,0.0,-0.007879779538408571
1990-07-19,0.0,-0.005750618462740276
1990-07-20,0.0,-0.006329528341008861
1990-07-23,0.0,-0.023348782041425986
1990-07-24,0.0,-0.004677941705649502
1990-07-25,0.0,0.006530187997107806
1990-07-26,0.0,-4.489841733079647e-05
1990-07-27,0.0,-0.00637586152706382
1990-07-30,0.0,-0.00725276215007109
1990-07-31,0.0,-0.00259456506896083
1990-08-01,0.0,-0.005316721431179228
1990-08-02,0.0,-0.016104241701268673
1990-08-03,0.0,-0.026650190025414466
1990-08-06,0.0,-0.04172854884300281
1990-08-07,0.0,0.005099490050994859
1990-08-08,0.0,0.01405192996418636
1990-08-09,0.0,0.012876168052387671
1990-08-10,0.0,-0.011986052593346064
1990-08-13,0.0,0.0006617160502904174
1990-08-14,0.0,0.0049718344354641175
1990-08-15,0.0,0.002729510394072987
1990-08-16,0.0,-0.02231133795114837
1990-08-17,0.0,-0.02182613667437283
1990-08-20,0.0,-0.012452667157996533
1990-08-21,0.0,-0.022929051185053617
1990-08-22,0.0,-0.012747576906869007
1990-08-23,0.0,-0.03900330807811314
1990-08-24,0.0,0.019737937926822324
1990-08-27,0.0,0.03794952767266491
1990-08-28,0.0,0.004170273034857175
1990-08-29,0.0,-0.0028208744710861433
1990-08-30,0.0,-0.00811985960500805
1990-08-31,0.0,0.006681102778071102
1990-09-03,0.0,0.0
1990-09-04,0.0,0.0012066839799587115
1990-09-05,0.0,0.00201744962926087
1990-09-06,0.0,-0.009570128647631071
1990-09-07,0.0,0.00422408786102757
1990-09-10,0.0,0.003549082496451028
1990-09-11,0.0,-0.0058680219002960055
1990-09-12,0.0,0.0021871459063480536
1990-09-13,0.0,-0.010885570046276771
1990-09-14,0.0,-0.004678611303099545
1990-09-17,0.0,-0.0008279472250414255
1990-09-18,0.0,-0.00507872016251909
1990-09-19,0.0,-0.0014239273528383611
1990-09-20,0.0,-0.019506026689625533
1990-09-21,0.0,-0.005981944406333151
1990-09-24,0.0,-0.027853692201518232
1990-09-25,0.0,0.007439800090867532
1990-09-26,0.0,-0.013388578837589482
1990-09-27,0.0,-0.025254978144730433
1990-09-28,0.0,0.00973064861221018
1990-10-01,0.0,0.02943310789236886
1990-10-02,0.0,0.004906245594247904
1990-10-03,0.0,-0.013861219450601814
1990-10-04,0.0,-0.0044387537345284
1990-10-05,0.0,-0.007230843979536328
1990-10-08,0.0,0.002245508982035904
1990-10-09,0.0,-0.025937841098408576
1990-10-10,0.0,-0.017280528442098486
1990-10-11,0.0,-0.022925731432858143
1990-10-12,0.0,0.005958047971499569
1990-10-15,0.0,0.006075408334605514
1990-10-16,0.0,-0.012441585240031583
1990-10-17,0.0,0.004117502458210298
1990-10-18,0.0,0.022186180304792247
1990-10-19,0.0,0.009969164446307355
1990-10-22,0.0,0.011145364002845604
1990-10-23,0.0,-8.794559099445376e-05
1990-10-24,0.0,-0.00032249552903917955
1990-10-25,0.0,-0.003636576925332924
1990-10-26,0.0,-0.01583563901807261
1990-10-29,0.0,-0.010647206603660697
1990-10-30,0.0,-0.002932285368802967
1990-10-31,0.0,3.0318649000937725e-05
1990-11-01,0.0,0.0023041474654379446
1990-11-02,0.0,0.017695099818511695
1990-11-05,0.0,0.012810224401842873
1990-11-06,0.0,-0.0006749618499823917
1990-11-07,0.0,-0.010953513640501455
1990-11-08,0.0,-0.0012767220902613063
1990-11-09,0.0,0.016588875345601606
1990-11-12,0.0,0.027811083491738442
1990-11-13,0.0,0.004011836339839592
1990-11-14,0.0,0.011335619349902126
1990-11-15,0.0,-0.006753159413792176
1990-11-16,0.0,-0.01018450600914056
1990-11-19,0.0,0.005358415277183948
1990-11-20,0.0,-0.0125875315397046
1990-11-21,0.0,0.001378161876596895
1990-11-22,0.0,0.0
1990-11-23,0.0,0.0007741491527368805
1990-11-26,0.0,-0.0005157002062801119
1990-11-27,0.0,0.01487702803416835
1990-11-28,0.0,0.002852704420279517
1990-11-29,0.0,0.001943333521094992
1990-11-30,0.0,0.009304286718200938
1990-12-03,0.0,0.006294212666406729
1990-12-04,0.0,0.007721687147127287
1990-12-05,0.0,0.01856581802202628
1990-12-06,0.0,0.0038288349017177037
1990-12-07,0.0,-0.0020145585430713098
1990-12-10,0.0,-0.00018840501695638334
1990-12-11,0.0,-0.009368185856193034
1990-12-12,0.0,0.006603440310878117
1990-12-13,0.0,0.0029156093083526624
1990-12-14,0.0,-0.007187079407806274
1990-12-17,0.0,-0.008432068974866369
1990-12-18,0.0,0.012167778628458858
1990-12-19,0.0,0.002836534565199722
1990-12-20,0.0,0.00290932600614191
1990-12-21,0.0,0.0034918076819769883
1990-12-24,0.0,-0.0031852248394004246
1990-12-25,0.0,0.0
1990-12-26,0.0,-2.685212534581094e-05
1990-12-27,0.0,-0.003625134264231944
1990-12-28,0.0,0.0004042581862282457
1990-12-31,0.0,0.007112068965517304
1991-01-01,0.0,0.0
1991-01-02,0.0,-0.0044136528996361335
1991-01-03,0.0,-0.012574222843171556
1991-01-04,0.0,-0.0007346738864247859
1991-01-07,0.0,-0.01906110445485243
1991-01-08,0.0,-0.003442149677992501
1991-01-09,0.0,-0.0043175487465181295
1991-01-10,0.0,0.012505245488879657
1991-01-11,0.0,-0.0003315649867373649
1991-01-14,0.0,-0.0167219458264235
1991-01-15,0.0,0.004356992269852533
1991-01-16,0.0,0.02211027148054856
1991-01-17,0.0,0.02905257393209215
1991-01-18,0.0,0.0031398845161119127
1991-01-21,0.0,0.00718851958937905
1991-01-22,0.0,-0.0017645509612852495
1991-01-23,0.0,0.012874970318972334
1991-01-24,0.0,0.019327446536948623
1991-01-25,0.0,0.0075383947052358735
1991-01-28,0.0,0.006391396976767938
1991-01-29,0.0,0.00960181451612896
1991-01-30,0.0,0.019769850977259473
1991-01-31,0.0,0.013879029691821865
1991-02-01,0.0,0.008425881216803432
1991-02-04,0.0,0.017022193492781668
1991-02-05,0.0,0.017419962335216477
1991-02-06,0.0,0.01628875520592321
1991-02-07,0.0,-0.009630270467170576
1991-02-08,0.0,0.004114847934530319
1991-02-11,0.0,0.016712454212454153
1991-02-12,0.0,-0.0002702094122944976
1991-02-13,0.0,0.00898689130140995
1991-02-14,0.0,-0.008170189968078279
1991-02-15,0.0,0.00990299565618602
1991-02-18,0.0,0.0
1991-02-19,0.0,0.003588063559983201
1991-02-20,0.0,-0.009548765322437425
1991-02-21,0.0,0.0008071386933321545
1991-02-22,0.0,0.005757426407993149
1991-02-25,0.0,0.004766677803764274
1991-02-26,0.0,-0.0074929614932718325
1991-02-27,0.0,0.006946460878693772
1991-02-28,0.0,0.004946541857060449
1991-03-01,0.0,0.008122723761174289
1991-03-04,0.0,0.009633700435705883
1991-03-05,0.0,0.02584954351267532
1991-03-06,0.0,0.001585456082866532
1991-03-07,0.0,0.0040945546644153286
1991-03-08,0.0,-0.0013242527430950002
1991-03-11,0.0,-0.016754014859716726
1991-03-12,0.0,-0.012308680295408325
1991-03-13,0.0,0.01469440832249691
1991-03-14,0.0,-0.0008330129437396083
1991-03-15,0.0,-0.0032065670493169884
1991-03-18,0.0,-4.2891762637053965e-05
1991-03-19,0.0,-0.0074205932185213985
1991-03-20,0.0,0.007087141591581858
1991-03-21,0.0,-0.003196807483533126
1991-03-22,0.0,-0.0009685751183815539
1991-03-25,0.0,0.009350425508994897
1991-03-26,0.0,0.021515934171487006
1991-03-27,0.0,0.007940322209917028
1991-03-28,0.0,-0.00014511681903928153
1991-03-29,0.0,0.0
1991-04-01,0.0,-0.0029856935517312833
1991-04-02,0.0,0.021503140207128846
1991-04-03,0.0,0.007837947882736174
1991-04-04,0.0,0.005090394909605056
1991-04-05,0.0,-0.0035773860964285475
1991-04-08,0.0,-0.00028237761955673957
1991-04-09,0.0,-0.006435993140320839
1991-04-10,0.0,-0.0034520570198595113
1991-04-11,0.0,0.01742195777977007
1991-04-12,0.0,0.0046263844104865726
1991-04-15,0.0,-0.0015549619233683476
1991-04-16,0.0,0.011800175704816063
1991-04-17,0.0,0.008998519980266462
1991-04-18,0.0,-0.00917251765074023
1991-04-19,0.0,-0.010718092455884065
1991-04-22,0.0,-0.013587661365949022
1991-04-23,0.0,0.0034386504308425714
1991-04-24,0.0,0.004777455249153295
1991-04-25,0.0,-0.004855050657036841
1991-04-26,0.0,-0.002802249863919526
1991-04-29,0.0,-0.013949539058709326
1991-04-30,0.0,-0.006191823512527117
1991-05-01,0.0,0.00645733619409139
1991-05-02,0.0,0.006723378087526877
1991-05-03,0.0,0.0019750371592044402
1991-05-06,0.0,-0.0012599065230644024
1991-05-07,0.0,6.10401237080005e-05
1991-05-08,0.0,0.002034546601289877
1991-05-09,0.0,0.010761202818216908
1991-05-10,0.0,-0.00881862558004054
1991-05-13,0.0,0.0010336022050179139
1991-05-14,0.0,-0.010406332881177427
1991-05-15,0.0,-0.021911250230160273
1991-05-16,0.0,0.007718373493975861
1991-05-17,0.0,-0.0008095149137554714
1991-05-20,0.0,-0.0026590219784784486
1991-05-21,0.0,0.0072901478858571345
1991-05-22,0.0,0.007630272952853678
1991-05-23,0.0,0.004740503601551538
1991-05-24,0.0,0.006270424836601229
1991-05-27,0.0,0.0
1991-05-28,0.0,0.009133903018247569
1991-05-29,0.0,0.003781402739505557
1991-05-30,0.0,0.008295761947700653
1991-05-31,0.0,0.005802977006697407
1991-06-03,0.0,0.0019560965007607845
1991-06-04,0.0,0.00029579964504033995
1991-06-05,0.0,-0.004041399704287851
1991-06-06,0.0,-0.00447347585114799
1991-06-07,0.0,-0.008748558476160184
1991-06-10,0.0,-0.0053957556063706225
1991-06-11,0.0,0.0015528889785216826
1991-06-12,0.0,-0.011215818936007427
1991-06-13,0.0,0.00018328072497708625
1991-06-14,0.0,0.00800179174980653
1991-06-17,0.0,-0.0015149372815965734
1991-06-18,0.0,-0.005522738307169428
1991-06-19,0.0,-0.012673162594845189
1991-06-20,0.0,0.0010713697049611337
1991-06-21,0.0,-0.0001234872808101306
1991-06-24,0.0,-0.021798196863035635
1991-06-25,0.0,-0.004061191423100463
1991-06-26,0.0,-0.00046482146630044685
1991-06-27,0.0,0.006679631351991233
1991-06-28,0.0,-0.0006719301192675831
1991-07-01,0.0,0.01132543284585652
1991-07-02,0.0,-0.005256487502856899
1991-07-03,0.0,-0.009315343163874834
1991-07-04,0.0,0.0
1991-07-05,0.0,-0.0005692359588462814
1991-07-08,0.0,0.0115177723868789
1991-07-09,0.0,0.008612959062376246
1991-07-10,0.0,0.00729881730212556
1991-07-11,0.0,0.0024632058624298736
1991-07-12,0.0,0.00888670475254405
1991-07-15,0.0,0.007062978222483807
1991-07-16,0.0,-0.005219774683085099
1991-07-17,0.0,-0.000364667747163705
1991-07-18,0.0,0.0068501479469822435
1991-07-19,0.0,0.0015096618357488545
1991-07-22,0.0,-0.005145211536529026
1991-07-23,0.0,-0.01078809672922687
1991-07-24,0.0,-0.004554273460635083
1991-07-25,0.0,0.0058676295597226424
1991-07-26,0.0,0.004915558456392244
1991-07-29,0.0,0.0013395847287340779
1991-07-30,0.0,0.009972636059592421
1991-07-31,0.0,0.0075661789792682566
1991-08-01,0.0,0.004202852362361398
1991-08-02,0.0,0.0030149757016761924
1991-08-05,0.0,-0.006051377380505096
1991-08-06,0.0,0.005153100813752198
1991-08-07,0.0,0.00447347585114799
1991-08-08,0.0,0.003803255428999286
1991-08-09,0.0,-0.002120182963937234
1991-08-12,0.0,0.0033247427750782155
1991-08-13,0.0,0.008627450980392082
1991-08-14,0.0,0.0063763608087090695
1991-08-15,0.0,-0.0038827074640704895
1991-08-16,0.0,-0.006205519033490314
1991-08-19,0.0,-0.02893827931391113
1991-08-20,0.0,0.008861827827345126
1991-08-21,0.0,0.031709989044915954
1991-08-22,0.0,0.0006371025348956838
1991-08-23,0.0,0.005325101292687595
1991-08-26,0.0,0.0006141327294362231
1991-08-27,0.0,0.0007096551459588873
1991-08-28,0.0,0.00870148538572102
1991-08-29,0.0,0.0001900093104563183
1991-08-30,0.0,-0.0013488098178157104
1991-09-02,0.0,0.0
1991-09-03,0.0,-0.009073961345305137
1991-09-04,0.0,-0.005739955078612469
1991-09-05,0.0,-0.0019114921223355452
1991-09-06,0.0,1.9344979010904595e-05
1991-09-09,0.0,0.002185940341238757
1991-09-10,0.0,-0.013106336981489108
1991-09-11,0.0,0.006806446565482682
1991-09-12,0.0,0.012374698888802493
1991-09-13,0.0,-0.008481568898355385
1991-09-16,0.0,-0.0019933812002865814
1991-09-17,0.0,-0.0009889854173130708
1991-09-18,0.0,0.006560941048585844
1991-09-19,0.0,0.007945231896634875
1991-09-20,0.0,0.008647904031224396
1991-09-23,0.0,-0.004742123333143611
1991-09-24,0.0,0.003392479368770074
1991-09-25,0.0,0.00256424867513827
1991-09-26,0.0,-0.0016672350422491933
1991-09-27,0.0,-0.004668463202641693
1991-09-30,0.0,0.004575960951799907
1991-10-01,0.0,0.0030936835712116473
1991-10-02,0.0,-0.004124803693402068
1991-10-03,0.0,-0.011057701442061196
1991-10-04,0.0,-0.0002113311944055285
1991-10-07,0.0,-0.00807071483474242
1991-10-08,0.0,0.0020340953118944682
1991-10-09,0.0,-0.006650555824069704
1991-10-10,0.0,0.004145501255327977
1991-10-11,0.0,0.006027832693723978
1991-10-14,0.0,0.012734803968789121
1991-10-15,0.0,0.016075029486740666
1991-10-16,0.0,0.012787628016700747
1991-10-17,0.0,-0.008633120124228344
1991-10-18,0.0,0.004904245995487333
1991-10-21,0.0,-0.0035999257747262314
1991-10-22,0.0,0.0003352205005957565
1991-10-23,0.0,-0.0036675726998548486
1991-10-24,0.0,-0.011996188127137097
1991-10-25,0.0,-0.006846335697399564
1991-10-28,0.0,0.008150362767314734
1991-10-29,0.0,0.009633365444551512
1991-10-30,0.0,0.012740640960880123
1991-10-31,0.0,0.003066577994531805
1991-11-01,0.0,-0.003775461342959363
1991-11-04,0.0,-0.006340931358955748
1991-11-05,0.0,0.0024558139534884837
1991-11-06,0.0,0.0012248988530492166
1991-11-07,0.0,0.010751093645732901
1991-11-08,0.0,0.005134976525821733
1991-11-11,0.0,0.004798569551890175
1991-11-12,0.0,0.009024713551596841
1991-11-13,0.0,0.0008818024762453636
1991-11-14,0.0,-0.0023913551611915995
1991-11-15,0.0,-0.04246269194722818
1991-11-18,0.0,0.006493750941123366
1991-11-19,0.0,-0.021057356048847065
1991-11-20,0.0,0.005062372246738001
1991-11-21,0.0,0.00800197673534564
1991-11-22,0.0,-0.007297343163690573
1991-11-25,0.0,-0.006800136762527109
1991-11-26,0.0,-0.0012431150550795689
1991-11-27,0.0,0.0010531758037646277
1991-11-28,0.0,0.0
1991-11-29,0.0,0.0021423925934427324
1991-12-02,0.0,0.01338041610994467
1991-12-03,0.0,0.004577046957111586
1991-12-04,0.0,0.003637454531818296
1991-12-05,0.0,-0.0023352264235539932
1991-12-06,0.0,0.004250697526356095
1991-12-09,0.0,-0.0017713966063769293
1991-12-10,0.0,-0.0020920892873821373
1991-12-11,0.0,-0.004848099133332173
1991-12-12,0.0,0.00823865773831911
1991-12-13,0.0,0.009104137905302068
1991-12-16,0.0,0.005232020706230411
1991-12-17,0.0,-0.007411766869586001
1991-12-18,0.0,0.00025940337224383825
1991-12-19,0.0,-0.009836247777119222
1991-12-20,0.0,0.0023010869361870245
1991-12-23,0.0,0.015193370165745845
1991-12-24,0.0,0.010406324692038948
1991-12-25,0.0,0.0
1991-12-26,0.0,0.017723269524710705
1991-12-27,0.0,0.011460754514571958
1991-12-30,0.0,0.024818369836135057
1991-12-31,0.0,0.011366968520914345
1992-01-01,0.0,0.0
1992-01-02,0.0,0.00018760446157517485
1992-01-03,0.0,0.010572086281865234
1992-01-06,0.0,0.008858516831181884
1992-01-07,0.0,0.0073423649439705585
1992-01-08,0.0,0.013332447824138116
1992-01-09,0.0,0.015532835233975417
1992-01-10,0.0,-0.006615037108744559
1992-01-13,0.0,0.0031346434952086444
1992-01-14,0.0,0.013147029775108177
1992-01-15,0.0,0.008102277267279412
1992-01-16,0.0,-0.00551662914936113
1992-01-17,0.0,-0.0007810756527560914
1992-01-20,0.0,-0.011916726489590856
1992-01-21,0.0,-0.023426652458910513
1992-01-22,0.0,0.026137847802006897
1992-01-23,0.0,0.0035122768576401064
1992-01-24,0.0,0.0029220049449314445
1992-01-27,0.0,-0.005891016200294419
1992-01-28,0.0,0.0004669887278583307
1992-01-29,0.0,-0.008015580485763563
1992-01-30,0.0,0.008210153980951151
1992-01-31,0.0,-0.0018668426219482503
1992-02-03,0.0,0.005191789877621922
1992-02-04,0.0,0.012142501964935937
1992-02-05,0.0,0.009461172741680013
1992-02-06,0.0,0.0010989528549223415
1992-02-07,0.0,-0.004265529192215234
1992-02-10,0.0,-0.0012914402708875672
1992-02-11,0.0,-0.0011984924226893234
1992-02-12,0.0,0.018235786349211303
1992-02-13,0.0,-0.009024375116293393
1992-02-14,0.0,-0.004177749960882604
1992-02-17,0.0,0.0
1992-02-18,0.0,-0.015744072403877873
1992-02-19,0.0,-0.006385594099711067
1992-02-20,0.0,0.015777381468806917
1992-02-21,0.0,-0.003922623096025202
1992-02-24,0.0,-0.0076538308852720505
1992-02-25,0.0,-0.005648632646856444
1992-02-26,0.0,0.01770196330865792
1992-02-27,0.0,0.002450980392157076
1992-02-28,0.0,-0.0007571575045350887
1992-03-02,0.0,0.003157213443414797
1992-03-03,0.0,-0.0019198388594269256
1992-03-04,0.0,-0.006243594797004426
1992-03-05,0.0,-0.013200272890256715
1992-03-06,0.0,-0.009678923420743724
1992-03-09,0.0,-0.0002110560922152782
1992-03-10,0.0,0.01240622259751234
1992-03-11,0.0,-0.010136977512591128
1992-03-12,0.0,-0.0019768610039861967
1992-03-13,0.0,0.004383686193012215
1992-03-16,0.0,-0.0010992208464000175
1992-03-17,0.0,0.008625432889924456
1992-03-18,0.0,0.0026794166252186447
1992-03-19,0.0,0.0016321566870418636
1992-03-20,0.0,-0.002683877564061743
1992-03-23,0.0,-0.003924521048247476
1992-03-24,0.0,-0.005065693195889676
1992-03-25,0.0,0.0012930755802678107
1992-03-26,0.0,-0.00658616904500553
1992-03-27,0.0,-0.01743581410464745
1992-03-30,0.0,-0.004299866042634659
1992-03-31,0.0,0.0028235919411363497
1992-04-01,0.0,-0.002782516521191769
1992-04-02,0.0,-0.013735488049959277
1992-04-03,0.0,-0.006416085682530159
1992-04-06,0.0,0.01064388739173916
1992-04-07,0.0,-0.024618893491421878
1992-04-08,0.0,-0.01363456611818925
1992-04-09,0.0,0.022782736020080963
1992-04-10,0.0,-0.004277801448657859
1992-04-13,0.0,0.0066924551554155
1992-04-14,0.0,0.011323641928079553
1992-04-15,0.0,0.008775911635648503
1992-04-16,0.0,-0.013699315034248372
1992-04-17,0.0,0.0
1992-04-20,0.0,-0.024686977239316454
1992-04-21,0.0,-0.0037248787248789217
1992-04-22,0.0,0.0055299539170508005
1992-04-23,0.0,-0.003770126074399527
1992-04-24,0.0,-0.0054856349275236305
1992-04-27,0.0,-0.010385937963657832
1992-04-28,0.0,-0.011659082089815476
1992-04-29,0.0,0.017150607677618668
1992-04-30,0.0,0.015334947538337085
1992-05-01,0.0,-0.0009331582221606682
1992-05-04,0.0,0.00934029819766824
1992-05-05,0.0,0.007762963978476423
1992-05-06,0.0,0.002193616406210186
1992-05-07,0.0,-0.003732862766390732
1992-05-08,0.0,-0.002384358607534498
1992-05-11,0.0,0.002338841846490025
1992-05-12,0.0,-0.005399144993442628
1992-05-13,0.0,-0.002705664771559757
1992-05-14,0.0,-0.010165184243964398
1992-05-15,0.0,-0.003521493251916974
1992-05-18,0.0,0.0036557979214177916
1992-05-19,0.0,0.0026364629767747783
1992-05-20,0.0,0.003875097309921305
1992-05-21,0.0,-0.002050698788536698
1992-05-22,0.0,0.002072180970471349
1992-05-25,0.0,0.0
1992-05-26,0.0,-0.00801309667413408
1992-05-27,0.0,0.0029531833579432565
1992-05-28,0.0,0.0054386420715337724
1992-05-29,0.0,0.008303329945390958
1992-06-01,0.0,0.005227998838222669
1992-06-02,0.0,0.0013766847391947223
1992-06-03,0.0,0.0012729556332529146
1992-06-04,0.0,-0.0028308443374637227
1992-06-05,0.0,-0.0048107979464863115
1992-06-08,0.0,-0.005841859829526896
1992-06-09,0.0,-0.014106286833559634
1992-06-10,0.0,-0.007127919135587191
1992-06-11,0.0,-0.003563216373242639
1992-06-12,0.0,0.0032412626832019065
1992-06-15,0.0,-0.0008954909397387301
1992-06-16,0.0,-0.008681745487776893
1992-06-17,0.0,-0.019199744712535716
1992-06-18,0.0,-0.007356662569590111
1992-06-19,0.0,0.009159276726696808
1992-06-22,0.0,-0.008083724287260896
1992-06-23,0.0,0.006621552790511576
1992-06-24,0.0,-0.0035600693942461348
1992-06-25,0.0,-0.005785378770017502
1992-06-26,0.0,-0.0006566946369938043
1992-06-29,0.0,0.02000584112149517
1992-06-30,0.0,0.008589835361489051
1992-07-01,0.0,0.009563520227111377
1992-07-02,0.0,-0.00991230074342253
1992-07-03,0.0,0.0
1992-07-06,0.0,-0.00031951717404821167
1992-07-07,0.0,-0.010227817532894146
1992-07-08,0.0,0.0002870418542906261
1992-07-09,0.0,0.012877306885234141
1992-07-10,0.0,0.005400619743249235
1992-07-13,0.0,0.004262064107080077
1992-07-14,0.0,0.008751008382729575
1992-07-15,0.0,0.0004520088315571602
1992-07-16,0.0,0.001251151232905423
1992-07-17,0.0,-0.009840504000416694
1992-07-20,0.0,-0.010937390450816764
1992-07-21,0.0,0.00770893882469692
1992-07-22,0.0,-0.008353410829537666
1992-07-23,0.0,0.0024118606795773267
1992-07-24,0.0,0.0006545892010474397
1992-07-27,0.0,-0.0015558423648803776
1992-07-28,0.0,0.012218228179838198
1992-07-29,0.0,0.010251386386298744
1992-07-30,0.0,0.002268437548702096
1992-07-31,0.0,0.003507256392536462
1992-08-03,0.0,0.002634161458602291
1992-08-04,0.0,-0.0017858369393501938
1992-08-05,0.0,-0.00765499208697451
1992-08-06,0.0,-0.004940454521816018
1992-08-07,0.0,-0.00048778788195524836
1992-08-10,0.0,-0.0010457698609126487
1992-08-11,0.0,-0.002686952577031776
1992-08-12,0.0,-0.0013121063680895384
1992-08-13,0.0,0.0002452483139179229
1992-08-14,0.0,0.0038354437030418964
1992-08-17,0.0,-0.001238703374158101
1992-08-18,0.0,-0.0027949062832987037
1992-08-19,0.0,-0.005710582093996885
1992-08-20,0.0,0.00044044326209902174
1992-08-21,0.0,-0.007325749304405993
1992-08-24,0.0,-0.014741883980840975
1992-08-25,0.0,-0.0021066277750768636
1992-08-26,0.0,0.008263866334668357
1992-08-27,0.0,0.007999284180386645
1992-08-28,0.0,0.0005148507820404991
1992-08-31,0.0,-0.0007807509404499369
1992-09-01,0.0,0.004421792868305241
1992-09-02,0.0,0.009971535156733324
1992-09-03,0.0,0.0063544857768051966
1992-09-04,0.0,-0.002504870581686469
1992-09-07,0.0,0.0
1992-09-08,0.0,-0.003958565848214413
1992-09-09,0.0,0.006512947108566758
1992-09-10,0.0,0.011045591330515414
1992-09-11,0.0,0.003045213681095449
1992-09-14,0.0,0.019210648187852675
1992-09-15,0.0,-0.010686457649652481
1992-09-16,0.0,-0.003351138026060685
1992-09-17,0.0,0.0032941337111063174
1992-09-18,0.0,0.002211561362321701
1992-09-21,0.0,-0.0009166214014122431
1992-09-22,0.0,-0.009480444459546766
1992-09-23,0.0,-6.861063464835837e-05
1992-09-24,0.0,0.005094689172498779
1992-09-25,0.0,-0.014899390712200922
1992-09-28,0.0,-0.003222453222453292
1992-09-29,0.0,0.0039802551534744435
1992-09-30,0.0,0.009764035801464566
1992-10-01,0.0,-0.008469490973305627
1992-10-02,0.0,-0.01158508118202417
1992-10-05,0.0,-0.01123104105802697
1992-10-06,0.0,0.009447815856053365
1992-10-07,0.0,-0.002366137937078072
1992-10-08,0.0,0.008222066057624655
1992-10-09,0.0,-0.005854882553844032
1992-10-12,0.0,0.0058192526116527254
1992-10-13,0.0,0.004530879687717926
1992-10-14,0.0,-0.00038165290403169294
1992-10-15,0.0,0.004199784804414852
1992-10-16,0.0,0.006860915249550681
1992-10-19,0.0,0.013834297385901362
1992-10-20,0.0,0.003436775187499075
1992-10-21,0.0,0.007508014172431077
1992-10-22,0.0,-5.0238633509169794e-05
1992-10-23,0.0,0.0003014469453375135
1992-10-26,0.0,0.0027122049221497413
1992-10-27,0.0,-0.003289253990516161
1992-10-28,0.0,0.007437808861713524
1992-10-29,0.0,0.007366268145463151
1992-10-30,0.0,-0.00107292595160291
1992-11-02,0.0,0.003965827783928733
1992-11-03,0.0,-0.004921243642707851
1992-11-04,0.0,0.0015547983724237824
1992-11-05,0.0,0.014136609855991633
1992-11-06,0.0,0.004461959353830203
1992-11-09,0.0,0.008478972795953332
1992-11-10,0.0,0.009179326420705847
1992-11-11,0.0,0.011405632725882464
1992-11-12,0.0,-0.0008662508662508062
1992-11-13,0.0,0.004398064221195819
1992-11-16,0.0,-0.004943813170946054
1992-11-17,0.0,-0.010946199586757244
1992-11-18,0.0,0.01242285550257538
1992-11-19,0.0,0.00584380808367202
1992-11-20,0.0,0.006310976087194886
1992-11-23,0.0,-0.0058512293806410876
1992-11-24,0.0,0.011113893932753083
1992-11-25,0.0,0.0037000340588908553
1992-11-26,0.0,0.0
1992-11-27,0.0,0.001789212283867636
1992-11-30,0.0,0.004988529461577462
1992-12-01,0.0,0.0018690729704471387
1992-12-02,0.0,-0.0015903356525729384
1992-12-03,0.0,0.005284036084605814
1992-12-04,0.0,0.007983423730879347
1992-12-07,0.0,0.007451632406287656
1992-12-08,0.0,0.0008851814621997356
1992-12-09,0.0,-0.004796738218011853
1992-12-10,0.0,-0.007515965779009481
1992-12-11,0.0,-0.004765301321839943
1992-12-14,0.0,-0.0016163710944051557
1992-12-15,0.0,-0.006078841659920897
1992-12-16,0.0,-0.0017210910487898134
1992-12-17,0.0,0.013592352569924415
1992-12-18,0.0,0.004297907238100862
1992-12-21,0.0,0.00176926915574116
1992-12-22,0.0,-0.0024454306675120163
1992-12-23,0.0,0.0032080382543429042
1992-12-24,0.0,0.004404488958609898
1992-12-25,0.0,0.0
1992-12-28,0.0,0.0005556556736949769
1992-12-29,0.0,0.004142589118198758
1992-12-30,0.0,0.004245078548900771
1992-12-31,0.0,0.00759098012949333
1993-01-01,0.0,0.0
1993-01-04,0.0,-0.007607651968387752
1993-01-05,0.0,0.0037808871688003176
1993-01-06,0.0,0.011136815256398869
1993-01-07,0.0,-0.005338417540514784
1993-01-08,0.0,-0.001474469559575975
1993-01-11,0.0,0.007663797049659582
1993-01-12,0.0,-0.0043229777256740265
1993-01-13,0.0,0.010788137464125214
1993-01-14,0.0,0.012988147587291499
1993-01-15,0.0,0.002084231709069906
1993-01-18,0.0,0.0014057233020152715
1993-01-19,0.0,-0.0018907653302394634
1993-01-20,0.0,0.0009041202049340225
1993-01-21,0.0,0.0047746042670335775
1993-01-22,0.0,0.0012272214849380347
1993-01-25,0.0,0.007582343970468752
1993-01-26,0.0,0.0002970507107997733
1993-01-27,0.0,-0.01309463204932404
1993-01-28,0.0,-0.004628170224960648
1993-01-29,0.0,0.002404019174572225
1993-02-01,0.0,0.007797914811729756
1993-02-02,0.0,0.004773643786425863
1993-02-03,0.0,0.005034604039028778
1993-02-04,0.0,0.0002539969238151141
1993-02-05,0.0,-0.011102489948508154
1993-02-08,0.0,-0.0036234985306284884
1993-02-09,0.0,-0.0089198785865644
1993-02-10,0.0,0.004059461724043256
1993-02-11,0.0,0.0012373744640441497
1993-02-12,0.0,-0.007673736851181334
1993-02-15,0.0,0.0
1993-02-16,0.0,-0.03642077214933237
1993-02-17,0.0,-0.00895715294789523
1993-02-18,0.0,0.004579712782251555
1993-02-19,0.0,0.0017510755528717947
1993-02-22,0.0,-0.016862313708352894
1993-02-23,0.0,-0.0013181692774593134
1993-02-24,0.0,0.01672908097489123
1993-02-25,0.0,0.006958910726685419
1993-02-26,0.0,0.005546644280210344
1993-03-01,0.0,-0.0018784382128002042
1993-03-02,0.0,0.012262699586264691
1993-03-03,0.0,0.009148320840465018
1993-03-04,0.0,-0.004664288220844415
1993-03-05,0.0,0.000940167173475448
1993-03-08,0.0,0.008600319943643076
1993-03-09,0.0,0.002517352269254758
1993-03-10,0.0,0.005675220622387345
1993-03-11,0.0,0.0020350137832494397
1993-03-12,0.0,-0.002160511609149096
1993-03-15,0.0,0.00350760703253572
1993-03-16,0.0,0.0003739877159418814
1993-03-17,0.0,-0.011603663709433998
1993-03-18,0.0,1.4547570555745182e-05
1993-03-19,0.0,-0.006822711336756715
1993-03-22,0.0,-0.00893484883993445
1993-03-23,0.0,-0.002335136413348815
1993-03-24,0.0,-0.001007347712728035
1993-03-25,0.0,0.009861201732012548
1993-03-26,0.0,0.0007782558259055161
1993-03-29,0.0,-0.0011444669425124676
1993-03-30,0.0,0.008064516129032251
1993-03-31,0.0,0.005653916211293186
1993-04-01,0.0,-0.005057018242939804
1993-04-02,0.0,-0.024452405918676368
1993-04-05,0.0,0.0012838695230275032
1993-04-06,0.0,-0.009795589748177402
1993-04-07,0.0,0.007137049417291541
1993-04-08,0.0,-0.0038123430211696174
1993-04-09,0.0,0.0
1993-04-12,0.0,0.010190146023741908
1993-04-13,0.0,0.0010547896363204412
1993-04-14,0.0,0.00016324592256200532
1993-04-15,0.0,-0.00537139804730391
1993-04-16,0.0,-0.005281059792338061
1993-04-19,0.0,-0.005624043912534904
1993-04-20,0.0,-0.0015987210231813709
1993-04-21,0.0,0.0031270299258272516
1993-04-22,0.0,-0.0007981446900788836
1993-04-23,0.0,-0.007686395080707231
1993-04-26,0.0,-0.019045883264227403
1993-04-27,0.0,0.010296189635685238
1993-04-28,0.0,0.008643413228713204
1993-04-29,0.0,0.00044062234107222764
1993-04-30,0.0,0.004510593059457779
1993-05-03,0.0,0.007997943817846576
1993-05-04,0.0,0.017173883697559456
1993-05-05,0.0,0.007520349180134556
1993-05-06,0.0,-0.004712700875215914
1993-05-07,0.0,0.002058702429269088
1993-05-10,0.0,0.002025123268372786
1993-05-11,0.0,0.0003514835534985661
1993-05-12,0.0,-0.0020056803209086427
1993-05-13,0.0,-0.008875001833678176
1993-05-14,0.0,0.0010804570481321996
1993-05-17,0.0,0.002350784334018474
1993-05-18,0.0,0.0041595374358367465
1993-05-19,0.0,0.014174917006962495
1993-05-20,0.0,0.010138609272482446
1993-05-21,0.0,-0.0045022439527980795
1993-05-24,0.0,0.0005761281308964694
1993-05-25,0.0,0.0005038218485942103
1993-05-26,0.0,0.013020833333333481
1993-05-27,0.0,0.0007101364882331485
1993-05-28,0.0,-0.005762216324387337
1993-05-31,0.0,0.0
1993-06-01,0.0,0.00535308980343463
1993-06-02,0.0,0.002243425910149366
1993-06-03,0.0,0.0005100161505113832
1993-06-04,0.0,-0.00596131517090992
1993-06-07,0.0,-0.010541160382330661
1993-06-08,0.0,-0.009890442118598908
1993-06-09,0.0,0.0021810567947189163
1993-06-10,0.0,-0.001726539376704861
1993-06-11,0.0,0.0074703873265025145
1993-06-14,0.0,0.00464519107315442
1993-06-15,0.0,0.0013354202265907222
1993-06-16,0.0,-0.0015630825709124219
1993-06-17,0.0,-0.000445242369838339
1993-06-18,0.0,-0.009124349800270215
1993-06-21,0.0,-0.001232616482257587
1993-06-22,0.0,-0.002860295612277519
1993-06-23,0.0,-0.002883061286893751
1993-06-24,0.0,0.005738985674440533
1993-06-25,0.0,0.008842490417005244
1993-06-28,0.0,0.011557116333961837
1993-06-29,0.0,-0.0025183541061977177
1993-06-30,0.0,0.004108006333176428
1993-07-01,0.0,-0.0005113999573833627
1993-07-02,0.0,0.0012791540527863354
1993-07-05,0.0,0.0
1993-07-06,0.0,-0.0032221891013356485
1993-07-07,0.0,-0.004884509128193493
1993-07-08,0.0,0.005609696761545102
1993-07-09,0.0,0.004411492649883941
1993-07-12,0.0,0.0026352701151868274
1993-07-13,0.0,0.001130470417002316
1993-07-14,0.0,0.0056741993309525895
1993-07-15,0.0,-0.005333408188185063
1993-07-16,0.0,-0.012643045619382343
1993-07-19,0.0,-0.0055735783802323136
1993-07-20,0.0,0.008723395082131935
1993-07-21,0.0,-0.0025929619603931586
1993-07-22,0.0,-0.006513541309564719
1993-07-23,0.0,0.006786289394985046
1993-07-26,0.0,0.006140751742259809
1993-07-27,0.0,-0.005024555028813049
1993-07-28,0.0,0.006547788873038529
1993-07-29,0.0,0.0023384685157101792
1993-07-30,0.0,-0.0035914258243311403
1993-08-02,0.0,0.004200368951326805
1993-08-03,0.0,0.0019076957861119404
1993-08-04,0.0,0.0067417948971100206
1993-08-05,0.0,0.0023956625898373662
1993-08-06,0.0,0.0036058700209644634
1993-08-09,0.0,0.0005709670231728303
1993-08-10,0.0,-0.001962449025038615
1993-08-11,0.0,0.002356780275561965
1993-08-12,0.0,-0.002295588296673423
1993-08-13,0.0,0.0015896921017402033
1993-08-16,0.0,0.01201514771809653
1993-08-17,0.0,0.0056679827759358314
1993-08-18,0.0,0.0052256467079794255
1993-08-19,0.0,-0.005919736537702613
1993-08-20,0.0,0.0006571021793888576
1993-08-23,0.0,-0.00013680639159463492
1993-08-24,0.0,0.005856114714172245
1993-08-25,0.0,-0.002013221971325252
1993-08-26,0.0,-0.0030940762751138218
1993-08-27,0.0,0.0036642557322359437
1993-08-30,0.0,0.004509106760935522
1993-08-31,0.0,0.00740459464590848
1993-09-01,0.0,0.004455872058585886
1993-09-02,0.0,0.0033505327347047587
1993-09-03,0.0,0.0014158819207907847
1993-09-06,0.0,0.0
1993-09-07,0.0,-0.013818676554934628
1993-09-08,0.0,-0.011658889565158592
1993-09-09,0.0,0.009552091743872504
1993-09-10,0.0,0.008946605034498623
1993-09-13,0.0,-0.005360669613467373
1993-09-14,0.0,-0.010373892370866722
1993-09-15,0.0,0.009431644463856692
1993-09-16,0.0,0.00033804340477328054
1993-09-17,0.0,0.0004190321708570366
1993-09-20,0.0,0.00013511505046559513
1993-09-21,0.0,-0.008983936990854091
1993-09-22,0.0,0.016331315775124144
1993-09-23,0.0,0.009013600879899109
1993-09-24,0.0,0.0031770930263472774
1993-09-27,0.0,0.007023123302193124
1993-09-28,0.0,0.004881900125008221
1993-09-29,0.0,-0.0006416468061702929
1993-09-30,0.0,-0.0005110263768229872
1993-10-01,0.0,0.0005899472980415155
1993-10-04,0.0,0.0021094558652043904
1993-10-05,0.0,-0.0033601799069087335
1993-10-06,0.0,0.0032796778044525965
1993-10-07,0.0,-0.002981288491964884
1993-10-08,0.0,0.0023344568453356196
1993-10-11,0.0,0.0044225208368771085
1993-10-12,0.0,0.0062658763759526614
1993-10-13,0.0,0.00842762084768145
1993-10-14,0.0,0.008267327368191246
1993-10-15,0.0,0.0025591729160565624
1993-10-18,0.0,-0.005727565974956161
1993-10-19,0.0,-0.018137461521758436
1993-10-20,0.0,-0.000598405120266432
1993-10-21,0.0,0.003944028636511554
1993-10-22,0.0,0.0018151644020329982
1993-10-25,0.0,-0.003791996686856036
1993-10-26,0.0,-0.0055732380643065405
1993-10-27,0.0,0.008387113631019183
1993-10-28,0.0,0.002085816448152533
1993-10-29,0.0,0.007459695665102295
1993-11-01,0.0,0.005787542027051229
1993-11-02,0.0,0.002411421718106155
1993-11-03,0.0,-0.01617748135325703
1993-11-04,0.0,-0.020298855035901453
1993-11-05,0.0,0.007566753822993544
1993-11-08,0.0,0.004220238797363107
1993-11-09,0.0,0.00473760457315886
1993-11-10,0.0,0.0086511482905538
1993-11-11,0.0,0.0031938184159692184
1993-11-12,0.0,0.0004364682020077115
1993-11-15,0.0,-0.008815377508597289
1993-11-16,0.0,-0.0009838824519385891
1993-11-17,0.0,-0.012090347160129133
1993-11-18,0.0,-0.010519964321317965
1993-11-19,0.0,-0.003685340827743522
1993-11-22,0.0,-0.01786949811059657
1993-11-23,0.0,0.01177299391706077
1993-11-24,0.0,0.008516108299188474
1993-11-25,0.0,0.0
1993-11-26,0.0,0.002243819538490177
1993-11-29,0.0,-0.0044113555976526
1993-11-30,0.0,0.0037922133219789878
1993-12-01,0.0,0.012486909953737468
1993-12-02,0.0,0.0038229402600125084
1993-12-03,0.0,0.007160278063986114
1993-12-06,0.0,-0.0014633135634922745
1993-12-07,0.0,-0.002256545928490894
1993-12-08,0.0,-0.0018977058555924575
1993-12-09,0.0,-0.008334527080701593
1993-12-10,0.0,-0.000984911161013291
1993-12-13,0.0,-0.0013407997476141409
1993-12-14,0.0,-0.010859263939346109
1993-12-15,0.0,0.0019960876681703876
1993-12-16,0.0,0.0033998698487323065
1993-12-17,0.0,0.004897224464945227
1993-12-20,0.0,0.0012117540139351402
1993-12-21,0.0,-0.005946194829967721
1993-12-22,0.0,0.0005822955679366526
1993-12-23,0.0,0.003478513894216162
1993-12-24,0.0,0.0
1993-12-27,0.0,0.003110583893501939
1993-12-28,0.0,0.004598848973799807
1993-12-29,0.0,0.005127131945171115
1993-12-30,0.0,0.0033833021028524257
1993-12-31,0.0,0.007418166727187758
1994-01-03,0.0,-0.007775489186405693
1994-01-04,0.0,0.004566920961129206
1994-01-05,0.0,0.004869039623908611
1994-01-06,0.0,0.0030332240858557125
1994-01-07,0.0,0.00324188567547834
1994-01-10,0.0,0.0047896390528010535
1994-01-11,0.0,-0.001487244022423173
1994-01-12,0.0,0.0017186067827681395
1994-01-13,0.0,0.0011946064788337374
1994-01-14,0.0,0.005712037166321737
1994-01-17,0.0,-0.00016407719200817183
1994-01-18,0.0,0.0010603650685450106
1994-01-19,0.0,-0.004716148394744102
1994-01-20,0.0,0.004738495844313739
1994-01-21,0.0,0.0015888628281757189
1994-01-24,0.0,-0.004570176763861622
1994-01-25,0.0,-0.005387971921836487
1994-01-26,0.0,0.0030646371393328042
1994-01-27,0.0,0.005172413793103514
1994-01-28,0.0,0.004603470890929273
1994-01-31,0.0,0.004946455249645432
1994-02-01,0.0,-0.004035129361500189
1994-02-02,0.0,0.002922582911043081
1994-02-03,0.0,-0.002226196580662254
1994-02-04,0.0,-0.0257085197859086
1994-02-07,0.0,0.002470152326060182
1994-02-08,0.0,0.0044917864476385905
1994-02-09,0.0,0.004893318001788494
1994-02-10,0.0,-0.0039540767675740884
1994-02-11,0.0,-0.002591202675448656
1994-02-14,0.0,0.00519586890029311
1994-02-15,0.0,0.005945636259468978
1994-02-16,0.0,0.003164076342833999
1994-02-17,0.0,-0.003002699906638706
1994-02-18,0.0,-0.0017589593035026718
1994-02-21,0.0,0.0
1994-02-22,0.0,0.002915636686315448
1994-02-23,0.0,-0.0025785249320608994
1994-02-24,0.0,-0.01225431181964487
1994-02-25,0.0,0.005568100174484059
1994-02-28,0.0,0.011125570951032282
1994-03-01,0.0,-0.004870662460567887
1994-03-02,0.0,-0.006555589369040327
1994-03-03,0.0,0.0014167740947323981
1994-03-04,0.0,0.007609166687909452
1994-03-07,0.0,0.005692239580039171
1994-03-08,0.0,-0.0036853028111438757
1994-03-09,0.0,0.0011740645356763668
1994-03-10,0.0,-0.0049933799886513475
1994-03-11,0.0,0.00013940108225929393
1994-03-14,0.0,0.004561581348200505
1994-03-15,0.0,0.000908173562058634
1994-03-16,0.0,0.006893336021776442
1994-03-17,0.0,0.006082679382720668
1994-03-18,0.0,9.95210549230574e-05
1994-03-21,0.0,-0.008246986677944546
1994-03-22,0.0,-0.0012040637150381173
1994-03-23,0.0,0.0014692216892282506
1994-03-24,0.0,-0.013579767024864964
1994-03-25,0.0,-0.004105862612498012
1994-03-28,0.0,-0.013976641776756726
1994-03-29,0.0,-0.0222783171521036
1994-03-30,0.0,-0.0137430655774603
1994-03-31,0.0,-0.0019465438777838129
1994-04-01,0.0,0.0
1994-04-04,0.0,-0.02158824953595362
1994-04-05,0.0,0.03236139178730024
1994-04-06,0.0,-0.0003062787136294265
1994-04-07,0.0,0.005927642796248911
1994-04-08,0.0,-0.008554365242263273
1994-04-11,0.0,-0.0008013783707978561
1994-04-12,0.0,-0.011883279196909569
1994-04-13,0.0,-0.01601688266010126
1994-04-14,0.0,-9.623580521878061e-05
1994-04-15,0.0,0.0009074534930086919
1994-04-18,0.0,-0.010330096020440327
1994-04-19,0.0,-0.010548962454021815
1994-04-20,0.0,-0.010282668163007713
1994-04-21,0.0,0.018737952148769832
1994-04-22,0.0,0.005314856554525793
1994-04-25,0.0,0.011403897254207207
1994-04-26,0.0,0.004666119321291795
1994-04-27,0.0,0.0
1994-04-28,0.0,-0.0034322605249179627
1994-04-29,0.0,0.002938402875534596
1994-05-02,0.0,0.009320832879101681
1994-05-03,0.0,-0.0017686450288922906
1994-05-04,0.0,0.001257827609992157
1994-05-05,0.0,0.000337700932054652
1994-05-06,0.0,-0.010384173924785522
1994-05-09,0.0,-0.013508719264252345
1994-05-10,0.0,0.0028217328759543303
1994-05-11,0.0,-0.011034482758620734
1994-05-12,0.0,0.003640167364016733
1994-05-13,0.0,-0.0037381359347424814
1994-05-16,0.0,-0.006988227417284998
1994-05-17,0.0,-0.0005478220561587754
1994-05-18,0.0,0.014588486620193297
1994-05-19,0.0,0.007494112757999716
1994-05-20,0.0,-0.0008387070162653165
1994-05-23,0.0,-0.0024081464153020704
1994-05-24,0.0,0.008993723705083001
1994-05-25,0.0,0.0008202660396188222
1994-05-26,0.0,-0.00058737552419863
1994-05-27,0.0,0.002050188617352733
1994-05-30,0.0,0.0
1994-05-31,0.0,0.002796191723272612
1994-06-01,0.0,0.000448863559079804
1994-06-02,0.0,0.005411137698499102
1994-06-03,0.0,0.0038945233265719192
1994-06-06,0.0,0.0014143699991917558
1994-06-07,0.0,-0.005555331369463179
1994-06-08,0.0,-0.012863519545516011
1994-06-09,0.0,-0.0012469340495210313
1994-06-10,0.0,0.007367467895949886
1994-06-13,0.0,-0.003472931562819137
1994-06-14,0.0,0.005849391827251527
1994-06-15,0.0,-0.00019022256039569196
1994-06-16,0.0,-0.001182322243966083
1994-06-17,0.0,-0.007646570608324188
1994-06-20,0.0,-0.014396380338657755
1994-06-21,0.0,-0.01399457466787235
1994-06-22,0.0,0.005572877721186975
1994-06-23,0.0,-0.01668210006453963
1994-06-24,0.0,-0.010073482200185557
1994-06-27,0.0,0.012813675607892927
1994-06-28,0.0,-0.0008965674275630553
1994-06-29,0.0,0.0027918239441635517
1994-06-30,0.0,0.002769847019218563
1994-07-01,0.0,0.0012606946569211352
1994-07-04,0.0,0.0
1994-07-05,0.0,-0.004612011034872965
1994-07-06,0.0,-0.0036811211074632144
1994-07-07,0.0,0.007888730385164022
1994-07-08,0.0,0.0013162923018130712
1994-07-11,0.0,-0.0008905097107964055
1994-07-12,0.0,0.0039047578625694968
1994-07-13,0.0,0.013754421567383934
1994-07-14,0.0,0.003072217974560365
1994-07-15,0.0,-0.0002771772271189521
1994-07-18,0.0,0.001746700676499957
1994-07-19,0.0,-0.004566715562813073
1994-07-20,0.0,-0.009105822165378474
1994-07-21,0.0,0.0031707282854216423
1994-07-22,0.0,0.002307595485504077
1994-07-25,0.0,0.00027906457554283115
1994-07-26,0.0,-0.0017018189934159267
1994-07-27,0.0,-0.00493250985104654
1994-07-28,0.0,0.0004212713970763726
1994-07-29,0.0,0.013657482138596189
1994-08-01,0.0,0.0037249363022044957
1994-08-02,0.0,-6.897978892195233e-05
1994-08-03,0.0,-0.0015314569536422074
1994-08-04,0.0,-0.004850143017037789
1994-08-05,0.0,-0.002096698047710288
1994-08-08,0.0,0.0025046266019175256
1994-08-09,0.0,0.0029702832872986473
1994-08-10,0.0,0.007735846445523942
1994-08-11,0.0,0.0
1994-08-12,0.0,0.00468277945619322
1994-08-15,0.0,0.0017495660256146017
1994-08-16,0.0,0.0035748884552935234
1994-08-17,0.0,0.009721145871572023
1994-08-18,0.0,-0.000659790482858913
1994-08-19,0.0,0.00035032404974599807
1994-08-22,0.0,-0.0001885699661920981
1994-08-23,0.0,0.00766546767435905
1994-08-24,0.0,0.005000133693414233
1994-08-25,0.0,0.004097270260203123
1994-08-26,0.0,0.01078431372549038
1994-08-29,0.0,0.0003538941463285816
1994-08-30,0.0,0.004258329948507056
1994-08-31,0.0,-0.0010959476032670334
1994-09-01,0.0,-0.008711893628693068
1994-09-02,0.0,0.00036893075960198196
1994-09-05,0.0,0.0
1994-09-06,0.0,0.00032928098204765277
1994-09-07,0.0,0.006320113762047663
1994-09-08,0.0,0.006568273407651537
1994-09-09,0.0,-0.007240348368646732
1994-09-12,0.0,-0.0048708313147316495
1994-09-13,0.0,0.0076577939763951
1994-09-14,0.0,0.0036300484441715852
1994-09-15,0.0,0.013075551970440191
1994-09-16,0.0,-0.0009631931780237357
1994-09-19,0.0,-0.0015297399442094628
1994-09-20,0.0,-0.012848903079616836
1994-09-21,0.0,-0.007864465138117227
1994-09-22,0.0,-0.00035493157707933154
1994-09-23,0.0,-0.00391878386197464
1994-09-26,0.0,-0.002415969160087683
1994-09-27,0.0,-0.00034408374468986036
1994-09-28,0.0,0.006142685041767626
1994-09-29,0.0,-0.0008815673477979846
1994-09-30,0.0,0.006518818974372342
1994-10-03,0.0,-0.004461657224351989
1994-10-04,0.0,-0.01784775523078541
1994-10-05,0.0,-0.0013649136892813774
1994-10-06,0.0,-0.002800557431526962
1994-10-07,0.0,0.007753396310081984
1994-10-10,0.0,0.009133820470424991
1994-10-11,0.0,0.011574899908827874
1994-10-12,0.0,0.0018678892851078377
1994-10-13,0.0,0.0011603650586702319
1994-10-14,0.0,-0.0010548385836511853
1994-10-17,0.0,-0.001694738488814851
1994-10-18,0.0,-0.0012666823369636981
1994-10-19,0.0,0.007596657993488742
1994-10-20,0.0,-0.003088422309309391
1994-10-21,0.0,-0.0037227949599083487
1994-10-24,0.0,-0.00544827405994408
1994-10-25,0.0,-0.0038754088884802584
1994-10-26,0.0,0.006567668082188227
1994-10-27,0.0,0.005542162360463232
1994-10-28,0.0,0.011309888334397389
1994-10-31,0.0,0.001726470398763169
1994-11-01,0.0,-0.006816807933220925
1994-11-02,0.0,-0.00047915668423570423
1994-11-03,0.0,0.0003627788862687886
1994-11-04,0.0,-0.00779691749773348
1994-11-07,0.0,-0.004921157059315062
1994-11-08,0.0,0.00686072595138465
1994-11-09,0.0,-0.00037783047137607273
1994-11-10,0.0,-0.0037406321277289045
1994-11-11,0.0,-0.0029566446008529867
1994-11-14,0.0,0.007899018527266044
1994-11-15,0.0,0.0011456244955345696
1994-11-16,0.0,0.0008062209045278657
1994-11-17,0.0,-0.004937373317395077
1994-11-18,0.0,-0.0015277342525854554
1994-11-21,0.0,-0.009062732943622698
1994-11-22,0.0,-0.021814870536067787
1994-11-23,0.0,-0.006084645377153586
1994-11-24,0.0,0.0
1994-11-25,0.0,0.007900095018324782
1994-11-28,0.0,0.004323115875666694
1994-11-29,0.0,0.007710565486167997
1994-11-30,0.0,-0.0015436205887049415
1994-12-01,0.0,-0.01215481394604967
1994-12-02,0.0,0.0051538046411223615
1994-12-05,0.0,0.0009261496335668529
1994-12-06,0.0,-0.006007697362245379
1994-12-07,0.0,-0.00938979803839568
1994-12-08,0.0,-0.02063273727647863
1994-12-09,0.0,-9.734119479365422e-05
1994-12-12,0.0,9.735067102423223e-05
1994-12-13,0.0,0.0005145177439092041
1994-12-14,0.0,0.008589417504065278
1994-12-15,0.0,0.006903964612013702
1994-12-16,0.0,-0.002203426944763609
1994-12-19,0.0,-0.0016185002811802685
1994-12-20,0.0,0.0008517770542251224
1994-12-21,0.0,0.011818643532690132
1994-12-22,0.0,0.0030117212936835447
1994-12-23,0.0,0.0038547894067682
1994-12-26,0.0,0.0
1994-12-27,0.0,0.0053894555302551606
1994-12-28,0.0,-0.004998726865811709
1994-12-29,0.0,0.009522398513051034
1994-12-30,0.0,0.003242031673182044
1995-01-02,0.0,0.0
1995-01-03,0.0,-0.011144209798393478
1995-01-04,0.0,0.003039350170795263
1995-01-05,0.0,-0.00024133862490627322
1995-01-06,0.0,0.005404607998283462
1995-01-09,0.0,0.0032013232135950087
1995-01-10,0.0,0.005890252496376647
1995-01-11,0.0,-0.0010310368529582448
1995-01-12,0.0,0.0010188689231747095
1995-01-13,0.0,0.007468506695218702
1995-01-16,0.0,0.007872362758475804
1995-01-17,0.0,0.005181212247448386
1995-01-18,0.0,0.0003108244618852396
1995-01-19,0.0,-0.004958699085942153
1995-01-20,0.0,-0.008457484874113574
1995-01-23,0.0,-0.0033331146250245025
1995-01-24,0.0,0.004858395544495853
1995-01-25,0.0,-0.0029088050314465264
1995-01-26,0.0,-0.004494204841126059
1995-01-27,0.0,0.0017820370663710339
1995-01-30,0.0,-0.009329169466735121
1995-01-31,0.0,0.004482396286394463
1995-02-01,0.0,0.0041181144067794495
1995-02-02,0.0,0.007028787698962313
1995-02-03,0.0,0.011026137970771455
1995-02-06,0.0,0.008794653265290275
1995-02-07,0.0,0.00015407331321815043
1995-02-08,0.0,0.006161983131571125
1995-02-09,0.0,0.0021307271265806893
1995-02-10,0.0,0.006353126909757423
1995-02-13,0.0,-0.0012777855091532508
1995-02-14,0.0,0.0015201033670291242
1995-02-15,0.0,0.006336798967898627
1995-02-16,0.0,-0.0029159282581099344
1995-02-17,0.0,-0.007991831692528706
1995-02-20,0.0,0.0
1995-02-21,0.0,-0.002986136701526143
1995-02-22,0.0,0.004218602635670754
1995-02-23,0.0,0.004340487099107948
1995-02-24,0.0,-0.0003411891072218065
1995-02-27,0.0,-0.008317742832583352
1995-02-28,0.0,0.011765455704270344
1995-03-01,0.0,-0.0023433661320599875
1995-03-02,0.0,0.0022857287180975128
1995-03-03,0.0,0.006438363068239195
1995-03-06,0.0,-0.0012769313586800113
1995-03-07,0.0,-0.00807250209960253
1995-03-08,0.0,0.0056613549340982505
1995-03-09,0.0,0.0005403299782611448
1995-03-10,0.0,0.007510298402491733
1995-03-13,0.0,0.00011218867642281971
1995-03-14,0.0,0.007391158031184952
1995-03-15,0.0,-0.0010640403840443957
1995-03-16,0.0,0.00242760534073172
1995-03-17,0.0,-0.0012479304124347612
1995-03-20,0.0,0.002672175967735946
1995-03-21,0.0,-0.0008760132759195738
1995-03-22,0.0,-0.0008397342488082327
1995-03-23,0.0,0.0028303052774687476
1995-03-24,0.0,0.008959932954559546
1995-03-27,0.0,0.004849388024332546
1995-03-28,0.0,0.004266802815360515
1995-03-29,0.0,-0.008448931173893115
1995-03-30,0.0,-0.0028077542848771175
1995-03-31,0.0,0.00042846999485846027
1995-04-03,0.0,0.0010278875686786648
1995-04-04,0.0,-0.0052930749954158696
1995-04-05,0.0,0.0031952022808829916
1995-04-06,0.0,-0.0030870246961977044
1995-04-07,0.0,0.0010936347997052565
1995-04-10,0.0,0.008064417140261959
1995-04-11,0.0,0.004346979032218812
1995-04-12,0.0,0.004485772825915557
1995-04-13,0.0,0.004960592857229162
1995-04-14,0.0,0.0
1995-04-17,0.0,-0.0021858186010760283
1995-04-18,0.0,-0.006114441154522088
1995-04-19,0.0,-0.011129411194807148
1995-04-20,0.0,0.003012675280142041
1995-04-21,0.0,0.005408969365453542
1995-04-24,0.0,0.006642864082385902
1995-04-25,0.0,0.0028591765089092114
1995-04-26,0.0,0.006772687902993013
1995-04-27,0.0,0.004827281308623421
1995-04-28,0.0,0.003603067958856121
1995-05-01,0.0,-0.0027844261712363094
1995-05-02,0.0,0.00019010729180268804
1995-05-03,0.0,0.010061891920787769
1995-05-04,0.0,-0.004128149036765172
1995-05-05,0.0,-0.003802775317390039
1995-05-08,0.0,0.006828447121027148
1995-05-09,0.0,-0.0013187486017732786
1995-05-10,0.0,-0.0006484549088036085
1995-05-11,0.0,0.007326396262476109
1995-05-12,0.0,0.005984797910591144
1995-05-15,0.0,0.004796609774838645
1995-05-16,0.0,0.006013486895465103
1995-05-17,0.0,0.004238410596026476
1995-05-18,0.0,-0.009025953918319174
1995-05-19,0.0,0.0003009050297433369
1995-05-22,0.0,0.007936875231395746
1995-05-23,0.0,0.009710966734773674
1995-05-24,0.0,-0.0018871356464007505
1995-05-25,0.0,-0.000751725551834892
1995-05-26,0.0,-0.00621210048784937
1995-05-29,0.0,0.0
1995-05-30,0.0,-0.015105462970396943
1995-05-31,0.0,0.006847560265517583
1995-06-01,0.0,0.004904115292974742
1995-06-02,0.0,0.004776593540664287
1995-06-05,0.0,0.011317685602025174
1995-06-06,0.0,-0.003907798606784918
1995-06-07,0.0,0.0024789629292700788
1995-06-08,0.0,0.005161187867238404
1995-06-09,0.0,-0.001974879532348539
1995-06-12,0.0,0.004070648363825535
1995-06-13,0.0,0.007038446811865162
1995-06-14,0.0,0.0016662379924627935
1995-06-15,0.0,0.00777028535703117
1995-06-16,0.0,0.006613639384942749
1995-06-19,0.0,0.01479117371925387
1995-06-20,0.0,0.008393974557798112
1995-06-21,0.0,-0.0006882978608993007
1995-06-22,0.0,0.011730647122762727
1995-06-23,0.0,-0.0012977480879490244
1995-06-26,0.0,-0.012664160107363043
1995-06-27,0.0,-0.008004487691212425
1995-06-28,0.0,0.0010439775544826002
1995-06-29,0.0,0.006833094337982848
1995-06-30,0.0,0.007164359469578496
1995-07-03,0.0,0.001156998232363815
1995-07-04,0.0,0.0
1995-07-05,0.0,0.007800712657699771
1995-07-06,0.0,0.011796309273534034
1995-07-07,0.0,0.017661318250028923
1995-07-10,0.0,0.00707391519551237
1995-07-11,0.0,-0.00655321414675103
1995-07-12,0.0,0.018975077817402264
1995-07-13,0.0,0.005583484215530454
1995-07-14,0.0,0.005210481315696791
1995-07-17,0.0,0.0065643981467582435
1995-07-18,0.0,-0.01725834832834605
1995-07-19,0.0,-0.036073766097134086
1995-07-20,0.0,0.00808085048327678
1995-07-21,0.0,0.001249258252912222
1995-07-24,0.0,0.01746779375526386
1995-07-25,0.0,0.015512431405009242
1995-07-26,0.0,0.006470440251572285
1995-07-27,0.0,0.01047811393949094
1995-07-28,0.0,-0.005323254111174847
1995-07-31,0.0,-0.004048623269138907
1995-08-01,0.0,-0.010087793769538833
1995-08-02,0.0,-0.0074260172937413715
1995-08-03,0.0,-0.0010673443456161724
1995-08-04,0.0,0.008537702248906154
1995-08-07,0.0,0.004167129120463242
1995-08-08,0.0,0.0019091256204657459
1995-08-09,0.0,0.008003048780487854
1995-08-10,0.0,-0.004467217192319128
1995-08-11,0.0,0.0034978663015561295
1995-08-14,0.0,0.008295903835237262
1995-08-15,0.0,-6.913989964840717e-05
1995-08-16,0.0,0.013216511749656767
1995-08-17,0.0,0.0034023884962222084
1995-08-18,0.0,0.0019820450040806126
1995-08-21,0.0,-0.011228764254130774
1995-08-22,0.0,0.005482004511130567
1995-08-23,0.0,0.002828468043187815
1995-08-24,0.0,-0.007060951769614632
1995-08-25,0.0,-0.0009403191208015027
1995-08-28,0.0,-0.011588576134592188
1995-08-29,0.0,-0.004473540643753382
1995-08-30,0.0,0.008937467617871064
1995-08-31,0.0,0.007406602739455481
1995-09-01,0.0,-0.0006273833214065494
1995-09-04,0.0,0.0
1995-09-05,0.0,0.019451283510059092
1995-09-06,0.0,0.004791686712210197
1995-09-07,0.0,0.006511663538514512
1995-09-08,0.0,0.008515051185447486
1995-09-11,0.0,0.006160203013122256
1995-09-12,0.0,-0.0014626462646264438
1995-09-13,0.0,0.0022535211267606936
1995-09-14,0.0,-0.00041221660108681224
1995-09-15,0.0,-0.014864662217890179
1995-09-18,0.0,-0.0008752735229757835
1995-09-19,0.0,0.009655487630691795
1995-09-20,0.0,0.004498641919420621
1995-09-21,0.0,-0.006177881681360242
1995-09-22,0.0,-0.0048369878413996314
1995-09-25,0.0,-0.006873047968938395
1995-09-26,0.0,-0.007742675524542553
1995-09-27,0.0,-0.011088097875824876
1995-09-28,0.0,0.0199797377598534
1995-09-29,0.0,-0.003352275440523411
1995-10-02,0.0,-0.015303677865726284
1995-10-03,0.0,-0.006928968342789221
1995-10-04,0.0,-0.017815669557548208
1995-10-05,0.0,0.011902980234866911
1995-10-06,0.0,-0.002129757444291114
1995-10-09,0.0,-0.02697521837081529
1995-10-10,0.0,-0.0012896805248086007
1995-10-11,0.0,0.018404221786124664
1995-10-12,0.0,0.014037960402168537
1995-10-13,0.0,0.0027076789775803967
1995-10-16,0.0,-0.00024548793181322637
1995-10-17,0.0,0.017001758125190447
1995-10-18,0.0,0.009358340415668742
1995-10-19,0.0,0.0017605465348806693
1995-10-20,0.0,-0.0071062208086192236
1995-10-23,0.0,-0.0025107500505034963
1995-10-24,0.0,0.002237395363190897
1995-10-25,0.0,-0.012287825718794498
1995-10-26,0.0,-0.008670492074780545
1995-10-27,0.0,0.007842212329372877
1995-10-30,0.0,0.013787723660474871
1995-10-31,0.0,-0.0034914253287038344
1995-11-01,0.0,0.004285466092697421
1995-11-02,0.0,0.016165305141758735
1995-11-03,0.0,0.007887867438429286
1995-11-06,0.0,-0.003303117316967863
1995-11-07,0.0,-0.01717287739845974
1995-11-08,0.0,0.0038701025002394474
1995-11-09,0.0,0.016842567322556512
1995-11-10,0.0,-0.0016141292617235514
1995-11-13,0.0,-0.005085207779145784
1995-11-14,0.0,-0.01685467566086596
1995-11-15,0.0,0.001181987661202033
1995-11-16,0.0,0.0025243557133944883
1995-11-17,0.0,0.0005265778186274161
1995-11-20,0.0,-0.014889524702640045
1995-11-21,0.0,-0.004351753815069914
1995-11-22,0.0,-0.003658572278753991
1995-11-23,0.0,0.0
1995-11-24,0.0,0.008744271669734793
1995-11-27,0.0,-0.0008251065358145793
1995-11-28,0.0,0.02013950957913968
1995-11-29,0.0,0.007161563735060161
1995-11-30,0.0,0.001541269135849177
1995-12-01,0.0,-0.0036725830815711458
1995-12-04,0.0,0.013721086694904905
1995-12-05,0.0,-0.003645575299825121
1995-12-06,0.0,-0.0039028417566541185
1995-12-07,0.0,-0.0080623133941774
1995-12-08,0.0,0.00877351234843382
1995-12-11,0.0,-0.0008565431424780723
1995-12-12,0.0,-0.008883655204898755
1995-12-13,0.0,0.004248766717043662
1995-12-14,0.0,-0.01736801256932996
1995-12-15,0.0,-0.007426386306938038
1995-12-18,0.0,-0.027094169707320925
1995-12-19,0.0,0.02378909990424516
1995-12-20,0.0,-0.0011106672772089876
1995-12-21,0.0,0.01499117305685349
1995-12-22,0.0,0.006005919434194373
1995-12-25,0.0,0.0
1995-12-26,0.0,0.002368921281127756
1995-12-27,0.0,-0.0011816613777788643
1995-12-28,0.0,-0.005638613530764336
1995-12-29,0.0,0.009508549058740101
1996-01-01,0.0,0.0
1996-01-02,0.0,0.006196952848032122
1996-01-03,0.0,-0.011703584754168106
1996-01-04,0.0,-0.01571311146368981
1996-01-05,0.0,0.0035443087141442398
1996-01-08,0.0,-0.0010643753568078118
1996-01-09,0.0,-0.032507724943576344
1996-01-10,0.0,-0.008610246192969573
1996-01-11,0.0,0.0210965350784178
1996-01-12,0.0,-0.002838492730689368
1996-01-15,0.0,-0.01949951895896762
1996-01-16,0.0,0.007384403734687517
1996-01-17,0.0,0.0024400775201582903
1996-01-18,0.0,0.008955223880596996
1996-01-19,0.0,0.011129422977641967
1996-01-22,0.0,0.010790907751976109
1996-01-23,0.0,-0.0013599626981660728
1996-01-24,0.0,0.014999416365122142
1996-01-25,0.0,-0.0071972092844958535
1996-01-26,0.0,0.004836140740383188
1996-01-29,0.0,0.0014890101444819948
1996-01-30,0.0,0.008431573797853309
1996-01-31,0.0,0.00807571578046229
1996-02-01,0.0,0.009124449183328887
1996-02-02,0.0,0.002477886035943344
1996-02-05,0.0,0.01047467144229608
1996-02-06,0.0,0.005298428932745125
1996-02-07,0.0,-0.0038564660080065982
1996-02-08,0.0,0.007641398126981835
1996-02-09,0.0,0.0013081222499700118
1996-02-12,0.0,0.0007125890736343621
1996-02-13,0.0,-0.007449469590461777
1996-02-14,0.0,0.0007450194072955441
1996-02-15,0.0,0.0023069216841447027
1996-02-16,0.0,0.00015588607478878025
1996-02-19,0.0,0.0
1996-02-20,0.0,-0.006848749896856243
1996-02-21,0.0,0.012564159373730677
1996-02-22,0.0,0.018471076263846475
1996-02-23,0.0,0.0006087135555137291
1996-02-26,0.0,-0.00424051029263095
1996-02-27,0.0,-0.0061812137819503565
1996-02-28,0.0,0.0012475478452678157
1996-02-29,0.0,-0.006771703309105703
1996-03-01,0.0,-0.012699422753511214
1996-03-04,0.0,-0.0011048909840893906
1996-03-05,0.0,0.010996607919769863
1996-03-06,0.0,-0.004549557352686473
1996-03-07,0.0,0.0011906724551664638
1996-03-08,0.0,-0.02688634367681486
1996-03-11,0.0,0.015765278783149927
1996-03-12,0.0,-0.006894956038870914
1996-03-13,0.0,0.014528679931037791
1996-03-14,0.0,0.0022321428571427937
1996-03-15,0.0,0.007808848194891249
1996-03-18,0.0,0.013486845096808864
1996-03-19,0.0,-0.0017228692952387936
1996-03-20,0.0,-0.009600000000000053
1996-03-21,0.0,-0.0018424062006497932
1996-03-22,0.0,0.0022095127251566815
1996-03-25,0.0,-0.013726842191214228
1996-03-26,0.0,0.0011590576677182884
1996-03-27,0.0,0.005081086047687089
1996-03-28,0.0,0.0008684682049218129
1996-03-29,0.0,0.006000931651489516
1996-04-01,0.0,0.004694025785364042
1996-04-02,0.0,0.0042654328239515316
1996-04-03,0.0,0.0041033393623626235
1996-04-04,0.0,0.002114979611955059
1996-04-05,0.0,0.0
1996-04-08,0.0,-0.011223294372255666
1996-04-09,0.0,0.0031564857189370077
1996-04-10,0.0,-0.003489158364513467
1996-04-11,0.0,-0.007364649681528501
1996-04-12,0.0,0.0034635506863298637
1996-04-15,0.0,0.008628989772376361
1996-04-16,0.0,0.013039876085155555
1996-04-17,0.0,-0.003600256018205905
1996-04-18,0.0,0.013766092410359976
1996-04-19,0.0,0.002112118278623676
1996-04-22,0.0,0.012997277597259993
1996-04-23,0.0,0.0114954486345904
1996-04-24,0.0,0.008630738112379577
1996-04-25,0.0,0.006237094567609791
1996-04-26,0.0,0.002296967496220992
1996-04-29,0.0,0.001103724860770594
1996-04-30,0.0,0.0019525332435617049
1996-05-01,0.0,0.007677317474717116
1996-05-02,0.0,-0.017780037677342042
1996-05-03,0.0,0.005321090017227803
1996-05-06,0.0,0.001443525240587551
1996-05-07,0.0,-0.003068337955508982
1996-05-08,0.0,0.0006426137468609205
1996-05-09,0.0,0.003709556120767399
1996-05-10,0.0,0.012577663282315577
1996-05-13,0.0,0.015888456549935093
1996-05-14,0.0,0.010328431011482397
1996-05-15,0.0,-0.0007533475362295761
1996-05-16,0.0,0.004661305489801926
1996-05-17,0.0,0.0020737345781121075
1996-05-20,0.0,0.005016587754050228
1996-05-21,0.0,-0.0029564701829164486
1996-05-22,0.0,0.002378618151428036
1996-05-23,0.0,0.0010181340088826207
1996-05-24,0.0,-0.0006807351940096851
1996-05-27,0.0,0.0
1996-05-28,0.0,-0.009216220548164733
1996-05-29,0.0,-0.00863059128043342
1996-05-30,0.0,0.006404869332506502
1996-05-31,0.0,0.008066608295229871
1996-06-03,0.0,-0.0037798669808514207
1996-06-04,0.0,0.003996028190162537
1996-06-05,0.0,0.0043982374887430176
1996-06-06,0.0,-0.013313052875955744
1996-06-07,0.0,-0.0022393145750170262
1996-06-10,0.0,0.00022768670309658567
1996-06-11,0.0,0.0005853468179897181
1996-06-12,0.0,0.0038269037017777396
1996-06-13,0.0,-0.007948392109885294
1996-06-14,0.0,-0.010174193285195643
1996-06-17,0.0,-0.004566511152508279
1996-06-18,0.0,-0.02033718657878192
1996-06-19,0.0,-0.0032204077492645755
1996-06-20,0.0,-0.010116427959670049
1996-06-21,0.0,0.006938852433738374
1996-06-24,0.0,0.006346559586197564
1996-06-25,0.0,-0.008724321582551542
1996-06-26,0.0,-0.016450903136672967
1996-06-27,0.0,0.011029316130374944
1996-06-28,0.0,0.016303462234457777
1996-07-01,0.0,0.010489274442625485
1996-07-02,0.0,-0.005261180007515964
1996-07-03,0.0,-0.008017462116442275
1996-07-04,0.0,0.0
1996-07-05,0.0,-0.01967670954637779
1996-07-08,0.0,-0.008227219752233728
1996-07-09,0.0,0.004152086488744988
1996-07-10,0.0,-0.010749052956422922
1996-07-11,0.0,-0.03052077217641247
1996-07-12,0.0,-0.002594092338840781
1996-07-15,0.0,-0.039239141269970634
1996-07-16,0.0,-0.0063384864977032995
1996-07-17,0.0,0.031495913504893336
1996-07-18,0.0,0.021322412920443456
1996-07-19,0.0,-0.01093871078192854
1996-07-22,0.0,-0.014840390642081425
1996-07-23,0.0,-0.029887459658402782
1996-07-24,0.0,-0.006386609091862394
1996-07-25,0.0,0.01920623195218618
1996-07-26,0.0,0.01604872033810545
1996-07-29,0.0,-0.012015489513080846
1996-07-30,0.0,0.0051384474012396986
1996-07-31,0.0,0.008060077428984513
1996-08-01,0.0,0.016898175996446385
1996-08-02,0.0,0.02372480320334902
1996-08-05,0.0,-0.0039024997333144684
1996-08-06,0.0,0.0074429064817540525
1996-08-07,0.0,0.010842701108187747
1996-08-08,0.0,-0.0031548229355626844
1996-08-09,0.0,-0.00021098715615686103
1996-08-12,0.0,0.0008792986713797024
1996-08-13,0.0,-0.010647737355811815
1996-08-14,0.0,0.0065355414465213535
1996-08-15,0.0,0.001041014194846257
1996-08-16,0.0,-0.000916549894684815
1996-08-19,0.0,-0.002416971728487649
1996-08-20,0.0,-0.005517680452025386
1996-08-21,0.0,0.0019294548623149943
1996-08-22,0.0,0.01519292889851287
1996-08-23,0.0,-0.000795482359523092
1996-08-26,0.0,-0.0033506845719784017
1996-08-27,0.0,0.008602377065009437
1996-08-28,0.0,0.004229691389183943
1996-08-29,0.0,-0.007669775019932823
1996-08-30,0.0,-0.0030828886579390424
1996-09-02,0.0,0.0
1996-09-03,0.0,0.0006920718353042865
1996-09-04,0.0,0.0013394146845371324
1996-09-05,0.0,-0.015876623944326762
1996-09-06,0.0,0.012197288701739417
1996-09-09,0.0,0.008179815515319655
1996-09-10,0.0,0.0006267900514489444
1996-09-11,0.0,0.003932383877226053
1996-09-12,0.0,0.01027774166991624
1996-09-13,0.0,0.019608684090889783
1996-09-16,0.0,0.004450352074166997
1996-09-17,0.0,0.007831083118362336
1996-09-18,0.0,0.0019944985082813727
1996-09-19,0.0,0.005291488002919342
1996-09-20,0.0,0.006270161456657597
1996-09-23,0.0,-0.006739417392944147
1996-09-24,0.0,0.003136685184115029
1996-09-25,0.0,0.0077266780221680875
1996-09-26,0.0,0.0027109565103784483
1996-09-27,0.0,0.0016856952067623165
1996-09-30,0.0,-0.0025446120076418888
1996-10-01,0.0,-0.00440941544680995
1996-10-02,0.0,0.01195241954629922
1996-10-03,0.0,-0.0024431482635040025
1996-10-04,0.0,0.011734747666431566
1996-10-07,0.0,0.0026531790054185045
1996-10-08,0.0,-0.008570035255462072
1996-10-09,0.0,-0.0017497883320566343
1996-10-10,0.0,-0.0008158451671270717
1996-10-11,0.0,0.009135225591566432
1996-10-14,0.0,0.006480969662012059
1996-10-15,0.0,0.0013849533573180306
1996-10-16,0.0,-0.005651379063667306
1996-10-17,0.0,-0.007218283119769131
1996-10-18,0.0,0.0004186930335920991
1996-10-21,0.0,-0.004885390509303922
1996-10-22,0.0,-0.013272296406531825
1996-10-23,0.0,0.006459016393442818
1996-10-24,0.0,-0.0007166824119622106
1996-10-25,0.0,-0.003585982070089755
1996-10-28,0.0,-0.005488303615245993
1996-10-29,0.0,-0.01056016580447261
1996-10-30,0.0,0.0026432816591164254
1996-10-31,0.0,0.012667567545161296
1996-11-01,0.0,0.00022103789571925603
1996-11-04,0.0,-0.0010640213459051084
1996-11-05,0.0,0.007038214472994131
1996-11-06,0.0,0.013359694728534599
1996-11-07,0.0,0.006945057768428464
1996-11-08,0.0,0.0026871003237276536
1996-11-11,0.0,0.004103347090679277
1996-11-12,0.0,-0.00486271155567175
1996-11-13,0.0,0.003334580153279365
1996-11-14,0.0,0.007646424265498997
1996-11-15,0.0,-0.006738247425926436
1996-11-18,0.0,-0.005729909652876897
1996-11-19,0.0,0.006416541125644715
1996-11-20,0.0,0.0018374491137478355
1996-11-21,0.0,-0.005423182127215598
1996-11-22,0.0,0.012940353554622863
1996-11-25,0.0,0.004716092783828785
1996-11-26,0.0,0.0006482501152011988
1996-11-27,0.0,0.004776771776459521
1996-11-28,0.0,0.0
1996-11-29,0.0,0.0041093123698847656
1996-12-02,0.0,0.005577861845413645
1996-12-03,0.0,0.00042313551107064917
1996-12-04,0.0,-0.0025761898536569294
1996-12-05,0.0,0.0023900942159720273
1996-12-06,0.0,-0.009568347537150301
1996-12-09,0.0,0.02220272117296207
1996-12-10,0.0,-0.0028261678834889947
1996-12-11,0.0,-0.002613233781570301
1996-12-12,0.0,-0.008242177951601093
1996-12-13,0.0,-0.010336355163941269
1996-12-16,0.0,-0.018623872489123783
1996-12-17,0.0,0.004234801503592456
1996-12-18,0.0,0.015051487775601835
1996-12-19,0.0,0.008153230951158275
1996-12-20,0.0,-0.005633324587532518
1996-12-23,0.0,-0.0070155832867696555
1996-12-24,0.0,0.00633831436788812
1996-12-25,0.0,0.0
1996-12-26,0.0,0.005389747054666216
1996-12-27,0.0,-0.002464138671527838
1996-12-30,0.0,-0.002810946429401162
1996-12-31,0.0,0.002547078237235434
1997-01-01,0.0,0.0
1997-01-02,0.0,-0.008001363252596705
1997-01-03,0.0,0.023409073163114025
1997-01-06,0.0,0.0043641468550676965
1997-01-07,0.0,0.008606806441810999
1997-01-08,0.0,-0.005558359003713154
1997-01-09,0.0,0.004430643390010314
1997-01-10,0.0,0.004388478359221848
1997-01-13,0.0,-0.0008333208210086207
1997-01-14,0.0,0.011608598628006339
1997-01-15,0.0,-0.009529397783653692
1997-01-16,0.0,0.005286720208769191
1997-01-17,0.0,0.006318160796073391
1997-01-20,0.0,0.011289425892294647
1997-01-21,0.0,0.009301609640249842
1997-01-22,0.0,0.008053915481092577
1997-01-23,0.0,-0.006980966240652475
1997-01-24,0.0,-0.010548691570478108
1997-01-27,0.0,-0.00808018594692883
1997-01-28,0.0,0.0011531552841861359
1997-01-29,0.0,0.0005906805378148583
1997-01-30,0.0,0.011695949585660781
1997-01-31,0.0,0.006440460387156843
1997-02-03,0.0,-0.002753922527810926
1997-02-04,0.0,-0.0016714508920460114
1997-02-05,0.0,-0.018424021838034488
1997-02-06,0.0,-0.001512859304084735
1997-02-07,0.0,0.00840017825311934
1997-02-10,0.0,-0.016476272547156667
1997-02-11,0.0,-0.0028681833840069615
1997-02-12,0.0,0.02061569195875368
1997-02-13,0.0,0.0087199034555836
1997-02-14,0.0,-0.0026407744326346627
1997-02-17,0.0,0.0
1997-02-18,0.0,-0.0010239981275463883
1997-02-19,0.0,-0.00015375716618226676
1997-02-20,0.0,-0.013313024502409121
1997-02-21,0.0,-0.009707584978477235
1997-02-24,0.0,0.008064032615864303
1997-02-25,0.0,0.001940405031671144
1997-02-26,0.0,-0.00529795427731905
1997-02-27,0.0,-0.02080489351385617
1997-02-28,0.0,-0.0027882315298707327
1997-03-03,0.0,0.0016653934300994155
1997-03-04,0.0,0.004720938391372442
1997-03-05,0.0,0.008896513507974158
1997-03-06,0.0,-0.010277708808282271
1997-03-07,0.0,-0.0027595539101282762
1997-03-10,0.0,0.008324439701173914
1997-03-11,0.0,-0.0045058666989235
1997-03-12,0.0,-0.009591725143534013
1997-03-13,0.0,-0.008319722727028855
1997-03-14,0.0,-0.00023970060621048006
1997-03-17,0.0,-0.01047201404518272
1997-03-18,0.0,-0.007886324378825083
1997-03-19,0.0,-0.015795610317172692
1997-03-20,0.0,0.007980532942711394
1997-03-21,0.0,-0.00412146816384229
1997-03-24,0.0,-0.0091143237618313
1997-03-25,0.0,0.004361681581149579
1997-03-26,0.0,0.01684213899972753
1997-03-27,0.0,-0.015420619661487
1997-03-28,0.0,0.0
1997-03-31,0.0,-0.022256724636057323
1997-04-01,0.0,-0.003904395514447101
1997-04-02,0.0,-0.013090317438143595
1997-04-03,0.0,0.01062447960033297
1997-04-04,0.0,0.01892466385446867
1997-04-07,0.0,0.0118214970122823
1997-04-08,0.0,0.004810804331322194
1997-04-09,0.0,-0.006314768127122394
1997-04-10,0.0,-0.010932985441361343
1997-04-11,0.0,-0.023361952466882885
1997-04-14,0.0,0.007879691772309183
1997-04-15,0.0,-0.0029019820619692327
1997-04-16,0.0,-0.002151902908779202
1997-04-17,0.0,0.005618580977798215
1997-04-18,0.0,0.0045190498492280184
1997-04-21,0.0,-0.015230211767015334
1997-04-22,0.0,0.00730096764815813
1997-04-23,0.0,0.011873938354470148
1997-04-24,0.0,0.0007823068272567735
1997-04-25,0.0,-0.015316342317400866
1997-04-28,0.0,0.006400449850738843
1997-04-29,0.0,0.021034814260946888
1997-04-30,0.0,0.014590022774277012
1997-05-01,0.0,0.007725498905422068
1997-05-02,0.0,0.027414403778040164
1997-05-05,0.0,0.025978105153486197
1997-05-06,0.0,-0.008168812162121841
1997-05-07,0.0,-0.004057818263946356
1997-05-08,0.0,0.005986801823253174
1997-05-09,0.0,0.0031709534651307436
1997-05-12,0.0,0.006846185536122373
1997-05-13,0.0,-0.007885789955289213
1997-05-14,0.0,0.001469717079462196
1997-05-15,0.0,0.013500056156639628
1997-05-16,0.0,-0.00949334357777143
1997-05-19,0.0,0.0003803897876530904
1997-05-20,0.0,0.016879902180072293
1997-05-21,0.0,0.007236707041675228
1997-05-22,0.0,-0.0008371246587808301
1997-05-23,0.0,0.012472679586186919
1997-05-26,0.0,0.0
1997-05-27,0.0,0.01402440779437586
1997-05-28,0.0,0.0006883289218782007
1997-05-29,0.0,-0.0050631834233928474
1997-05-30,0.0,-0.0019386475082677768
1997-06-02,0.0,0.0031921275137112293
1997-06-03,0.0,-0.014151581375152045
1997-06-04,0.0,-0.0037836393700674265
1997-06-05,0.0,0.007523538237404592
1997-06-06,0.0,0.010639905039387054
1997-06-09,0.0,0.005125138805842644
1997-06-10,0.0,-0.007329820684966348
1997-06-11,0.0,0.0043946949753510545
1997-06-12,0.0,0.002464751216393779
1997-06-13,0.0,0.008297196950372676
1997-06-16,0.0,0.00626831479308243
1997-06-17,0.0,0.0077935682111804905
1997-06-18,0.0,-0.00740068324659926
1997-06-19,0.0,0.010269262721389616
1997-06-20,0.0,-2.764072584560129e-05
1997-06-23,0.0,-0.008831456015479189
1997-06-24,0.0,0.012626192202576991
1997-06-25,0.0,-0.0042618232892462915
1997-06-26,0.0,-0.006817678946786088
1997-06-27,0.0,0.001232264442556863
1997-06-30,0.0,0.002725724020442799
1997-07-01,0.0,-0.002648969883570107
1997-07-02,0.0,0.012070224230835924
1997-07-03,0.0,0.008243966447056605
1997-07-04,0.0,0.0
1997-07-07,0.0,0.0021327191828892644
1997-07-08,0.0,0.009763792376626723
1997-07-09,0.0,0.0010302336542995505
1997-07-10,0.0,0.0028924480200183122
1997-07-11,0.0,0.007840743696887031
1997-07-14,0.0,0.014148620409684565
1997-07-15,0.0,0.011962884216604852
1997-07-16,0.0,0.024978762863868464
1997-07-17,0.0,-0.007452724546541667
1997-07-18,0.0,-0.013296363578417236
1997-07-21,0.0,-0.007596948300699569
1997-07-22,0.0,0.017985588095532412
1997-07-23,0.0,0.002423490593787214
1997-07-24,0.0,0.0009440882850126897
1997-07-25,0.0,0.00028678312185714816
1997-07-28,0.0,-0.0038545343340256055
1997-07-29,0.0,0.005621894047443954
1997-07-30,0.0,0.010004324819375299
1997-07-31,0.0,0.0036270898271464347
1997-08-01,0.0,0.0003262622269906146
1997-08-04,0.0,0.006974716652136115
1997-08-05,0.0,0.010015883397178404
1997-08-06,0.0,0.0054948104567908995
1997-08-07,0.0,-0.0038394543804126657
1997-08-08,0.0,-0.015798741518797232
1997-08-11,0.0,-0.007369316617871546
1997-08-12,0.0,-0.006617341215321981
1997-08-13,0.0,0.004542455463635076
1997-08-14,0.0,0.0020778072502209977
1997-08-15,0.0,-0.015541788251013156
1997-08-18,0.0,0.004795042348738399
1997-08-19,0.0,0.01987231765125652
1997-08-20,0.0,0.017485990591674883
1997-08-21,0.0,-0.013102474366058936
1997-08-22,0.0,-0.005393937885725619
1997-08-25,0.0,0.0018014749576213962
1997-08-26,0.0,-0.006412457775807456
1997-08-27,0.0,0.002664488154339173
1997-08-28,0.0,-0.008912343156548874
1997-08-29,0.0,0.003794298434219412
1997-09-01,0.0,0.0
1997-09-02,0.0,0.0193848751354484
1997-09-03,0.0,9.270188926446821e-05
1997-09-04,0.0,0.00394873442752619
1997-09-05,0.0,0.006856945889217814
1997-09-08,0.0,0.005856569077559826
1997-09-09,0.0,0.00660649709788208
1997-09-10,0.0,-0.010246223327818771
1997-09-11,0.0,0.000372121396980285
1997-09-12,0.0,0.005774883221738358
1997-09-15,0.0,-0.008736881036542021
1997-09-16,0.0,0.02060039634966837
1997-09-17,0.0,-0.0012765192376842371
1997-09-18,0.0,0.0021302513696614955
1997-09-19,0.0,0.006191542616255985
1997-09-22,0.0,0.005409555095336804
1997-09-23,0.0,0.004681997099647672
1997-09-24,0.0,-0.005862044586887771
1997-09-25,0.0,-0.005049158177324986
1997-09-26,0.0,0.0019953659858595874
1997-09-29,0.0,0.0075732356857523
1997-09-30,0.0,-0.005480890629977919
1997-10-01,0.0,0.0027347851621590813
1997-10-02,0.0,0.007164408684849022
1997-10-03,0.0,0.00790643851951045
1997-10-06,0.0,0.0035200801925554526
1997-10-07,0.0,0.00892032684635069
1997-10-08,0.0,0.0025902709423406556
1997-10-09,0.0,0.0023424447544737603
1997-10-10,0.0,-0.003906406621416503
1997-10-13,0.0,0.0017768526132384554
1997-10-14,0.0,-0.005355543820173114
1997-10-15,0.0,-0.005436319461677441
1997-10-16,0.0,-0.013757927781033574
1997-10-17,0.0,-0.019303860772154513
1997-10-20,0.0,0.011158772535021289
1997-10-21,0.0,0.01607285888041754
1997-10-22,0.0,-0.0026043187312413396
1997-10-23,0.0,-0.021562221909980805
1997-10-24,0.0,-0.012164547494390332
1997-10-27,0.0,-0.07016087999418519
1997-10-28,0.0,0.04425147711209121
1997-10-29,0.0,-0.0001684320844406173
1997-10-30,0.0,-0.02017781937295271
1997-10-31,0.0,0.014773212091109933
1997-11-03,0.0,0.022822396947810297
1997-11-04,0.0,0.000717800218407616
1997-11-05,0.0,0.0037887380069274723
1997-11-06,0.0,-0.00848332345953462
1997-11-07,0.0,-0.012960134036367199
1997-11-10,0.0,-0.007289066400399391
1997-11-11,0.0,-0.0036838664252666353
1997-11-12,0.0,-0.027220069911537803
1997-11-13,0.0,0.011370417455828452
1997-11-14,0.0,0.015558762225428957
1997-11-17,0.0,0.01932415962008438
1997-11-18,0.0,-0.008469063446729042
1997-11-19,0.0,0.00048736597435694584
1997-11-20,0.0,0.015825433107255593
1997-11-21,0.0,-0.0035719555380679946
1997-11-24,0.0,-0.020829862717877567
1997-11-25,0.0,0.0012917535712260175
1997-11-26,0.0,0.003436036852439317
1997-11-27,0.0,0.0
1997-11-28,0.0,0.003794292881781125
1997-12-01,0.0,0.0188497703914281
1997-12-02,0.0,-0.01493205455259039
1997-12-03,0.0,0.005453289092799407
1997-12-04,0.0,-0.0010587383058948685
1997-12-05,0.0,0.012693532992029466
1997-12-08,0.0,0.010796254360731838
1997-12-09,0.0,-0.018764304830642953
1997-12-10,0.0,-0.014772762333775558
1997-12-11,0.0,-0.023844270047162386
1997-12-12,0.0,-0.014090109974719933
1997-12-15,0.0,-1.3015918468251009e-05
1997-12-16,0.0,0.010699224241162097
1997-12-17,0.0,-0.0036252414681262612
1997-12-18,0.0,-0.015626514666821634
1997-12-19,0.0,0.0010176012184952565
1997-12-22,0.0,0.004800818500203308
1997-12-23,0.0,-0.014457658316253896
1997-12-24,0.0,-0.006874581928724255
1997-12-25,0.0,0.0
1997-12-26,0.0,0.007902476109181045
1997-12-29,0.0,0.017249136550701927
1997-12-30,0.0,0.01793879475755311
1997-12-31,0.0,0.0033992958601432033
1998-01-01,0.0,0.0
1998-01-02,0.0,0.007119431973763746
1998-01-05,0.0,0.007960645703843694
1998-01-06,0.0,-0.008769728753167727
1998-01-07,0.0,-0.011669852038426964
1998-01-08,0.0,-0.003944419542805999
1998-01-09,0.0,-0.03363462206050627
1998-01-12,0.0,0.002900440387967107
1998-01-13,0.0,0.02258586609002511
1998-01-14,0.0,0.004624974864267051
1998-01-15,0.0,-0.00109765231540071
1998-01-16,0.0,0.010225847736998084
1998-01-19,0.0,0.0
1998-01-20,0.0,0.017442158067157987
1998-01-21,0.0,-0.0013961034877432166
1998-01-22,0.0,-0.0071855005289939156
1998-01-23,0.0,-0.00036790125022989617
1998-01-26,0.0,-0.009181879905833412
1998-01-27,0.0,0.011169034109103082
1998-01-28,0.0,0.02021660649819479
1998-01-29,0.0,0.005382351845643951
1998-01-30,0.0,-8.02721844531673e-05
1998-02-02,0.0,0.02070571089813278
1998-02-03,0.0,0.008137262612756935
1998-02-04,0.0,0.008461658485063195
1998-02-05,0.0,-0.0021065911308942864
1998-02-06,0.0,0.010406106506052781
1998-02-09,0.0,-0.0023135715761205544
1998-02-10,0.0,0.01100903320456914
1998-02-11,0.0,-0.00028671066797736344
1998-02-12,0.0,0.003388838488777024
1998-02-13,0.0,-0.0022865942578483844
1998-02-16,0.0,0.0
1998-02-17,0.0,-0.0040867155435506675
1998-02-18,0.0,0.007220725242598647
1998-02-19,0.0,0.006574461016593425
1998-02-20,0.0,0.000648519695890748
1998-02-23,0.0,0.013673739822814168
1998-02-24,0.0,-0.00744965063707359
1998-02-25,0.0,0.015971611136992303
1998-02-26,0.0,0.006017616955753757
1998-02-27,0.0,-0.0037138950318212904
1998-03-02,0.0,-0.006760763847704965
1998-03-03,0.0,-0.000796114959000005
1998-03-04,0.0,0.00145691293806971
1998-03-05,0.0,-0.02715235551514461
1998-03-06,0.0,0.024282676760596145
1998-03-09,0.0,-0.016156351048480455
1998-03-10,0.0,0.01353497646595092
1998-03-11,0.0,0.004769775408776544
1998-03-12,0.0,0.004103936021857324
1998-03-13,0.0,0.004308243483781782
1998-03-16,0.0,0.009324588239278508
1998-03-17,0.0,-0.0049659430258699455
1998-03-18,0.0,0.005046928567414177
1998-03-19,0.0,0.00654259959290493
1998-03-20,0.0,-0.006011177901976694
1998-03-23,0.0,0.0018723870419636857
1998-03-24,0.0,0.011118487484030881
1998-03-25,0.0,0.006659530798260871
1998-03-26,0.0,0.002208812229036905
1998-03-27,0.0,-0.0026906712459120463
1998-03-30,0.0,-0.002697930489904632
1998-03-31,0.0,0.009336339143344086
1998-04-01,0.0,0.006526191928876601
1998-04-02,0.0,0.00286849312102877
1998-04-03,0.0,0.0013168120196873634
1998-04-06,0.0,-0.01415328231109192
1998-04-07,0.0,-0.0166362334211706
1998-04-08,0.0,0.004614418110757024
1998-04-09,0.0,0.007321486876110228
1998-04-10,0.0,0.0
1998-04-13,0.0,0.0025875708697753463
1998-04-14,0.0,0.009907120743034126
1998-04-15,0.0,0.010976489802119405
1998-04-16,0.0,-0.0026942026340929237
1998-04-17,0.0,0.00449888066127091
1998-04-20,0.0,0.011003964427301005
1998-04-21,0.0,0.008865267017815315
1998-04-22,0.0,0.007216879303733936
1998-04-23,0.0,-0.018888095076683875
1998-04-24,0.0,-0.006606817299975032
1998-04-27,0.0,-0.02603051964729053
1998-04-28,0.0,0.0062956309639568
1998-04-29,0.0,0.010847431719047673
1998-04-30,0.0,0.009056836102049992
1998-05-01,0.0,0.002692128601324173
1998-05-04,0.0,0.0028930737039882803
1998-05-05,0.0,-0.007424714986747238
1998-05-06,0.0,-0.0044130815964309456
1998-05-07,0.0,-0.011601352952582022
1998-05-08,0.0,0.015927940102662408
1998-05-11,0.0,-0.008742899746294941
1998-05-12,0.0,0.006541959990693069
1998-05-13,0.0,0.003236280750043008
1998-05-14,0.0,-0.00043940027221389677
1998-05-15,0.0,-0.009965904704721806
1998-05-18,0.0,-0.008203512077844088
1998-05-19,0.0,0.0077799980345267805
1998-05-20,0.0,-0.0076495094454105406
1998-05-21,0.0,-0.005874164050771125
1998-05-22,0.0,-0.0087809378415038
1998-05-25,0.0,0.0
1998-05-26,0.0,-0.01490858725761779
1998-05-27,0.0,0.0016928276971357459
1998-05-28,0.0,0.007590814665094703
1998-05-29,0.0,-0.008776231179859817
1998-06-01,0.0,-0.01801705577136048
1998-06-02,0.0,0.008569858371211714
1998-06-03,0.0,-0.011056936411263596
1998-06-04,0.0,0.01586399664812821
1998-06-05,0.0,0.007327890618379129
1998-06-08,0.0,0.002720256657617881
1998-06-09,0.0,0.0072660353401163835
1998-06-10,0.0,-0.015276883093804816
1998-06-11,0.0,-0.013252502467221206
1998-06-12,0.0,-0.002686098014001992
1998-06-15,0.0,-0.01679034984670924
1998-06-16,0.0,0.02178056243625237
1998-06-17,0.0,0.013279182257917466
1998-06-18,0.0,-0.0020828642197703306
1998-06-19,0.0,0.004845715575111376
1998-06-22,0.0,0.013770918828489354
1998-06-23,0.0,0.021458395631901217
1998-06-24,0.0,0.017993353464493156
1998-06-25,0.0,-0.007727292092706173
1998-06-26,0.0,0.0033704548503958875
1998-06-29,0.0,0.01152696132182962
1998-06-30,0.0,0.0019354019925121868
1998-07-01,0.0,0.010407760431510482
1998-07-02,0.0,-0.01068708669807672
1998-07-03,0.0,0.0
1998-07-06,0.0,0.008167898627243986
1998-07-07,0.0,-0.000712239521961644
1998-07-08,0.0,0.014296869677324686
1998-07-09,0.0,0.002288944347134114
1998-07-10,0.0,0.0016599478302110615
1998-07-13,0.0,0.011574645915678472
1998-07-14,0.0,0.0014652536465991073
1998-07-15,0.0,0.013274673467417841
1998-07-16,0.0,0.0030182397946394435
1998-07-17,0.0,0.004098852321350099
1998-07-20,0.0,0.0027330293315279697
1998-07-21,0.0,-0.017430805510735947
1998-07-22,0.0,-0.004744484978323915
1998-07-23,0.0,-0.01753014341921566
1998-07-24,0.0,-0.002185797997126926
1998-07-27,0.0,0.0011755627942142688
1998-07-28,0.0,-0.018998996513660882
1998-07-29,0.0,-0.007930272655850445
1998-07-30,0.0,0.020244593380777998
1998-07-31,0.0,-0.02458350264120268
1998-08-03,0.0,-0.011370494394864372
1998-08-04,0.0,-0.03536275727945537
1998-08-05,0.0,0.001433659640241114
1998-08-06,0.0,0.023101442791634064
1998-08-07,0.0,0.00943422009171857
1998-08-10,0.0,-0.0040936337497360364
1998-08-11,0.0,-0.02528803127429713
1998-08-12,0.0,0.018313158922296013
1998-08-13,0.0,-0.012593602953662741
1998-08-14,0.0,-0.006851442963817678
1998-08-17,0.0,0.015557007915360854
1998-08-18,0.0,0.020395590856086665
1998-08-19,0.0,-0.00670037517788602
1998-08-20,0.0,-0.005557093162713245
1998-08-21,0.0,-0.019012797074954402
1998-08-24,0.0,-0.003777237554308255
1998-08-25,0.0,0.004104265085268288
1998-08-26,0.0,-0.01670587319330208
1998-08-27,0.0,-0.046218321051053946
1998-08-28,0.0,-0.027709750297970293
1998-08-31,0.0,-0.08564475995316168
1998-09-01,0.0,0.050585292646323055
1998-09-02,0.0,0.01127554615926707
1998-09-03,0.0,-0.013177637567881484
1998-09-04,0.0,-0.003397249118878176
1998-09-07,0.0,0.0
1998-09-08,0.0,0.060222659142557866
1998-09-09,0.0,-0.021862167792589315
1998-09-10,0.0,-0.024142070111723313
1998-09-11,0.0,0.035519418669930136
1998-09-14,0.0,0.01464998416217922
1998-09-15,0.0,0.0074563694324873975
1998-09-16,0.0,0.007031720209044856
1998-09-17,0.0,-0.02583569539206232
1998-09-18,0.0,0.010642369020501086
1998-09-21,0.0,0.010013403294926615
1998-09-22,0.0,0.010336640026659794
1998-09-23,0.0,0.03679467546236315
1998-09-24,0.0,-0.022684020065103727
1998-09-25,0.0,0.013514770336096271
1998-09-28,0.0,-0.002506323160834767
1998-09-29,0.0,-0.0029725969112590622
1998-09-30,0.0,-0.023188489374585508
1998-10-01,0.0,-0.04812142823407173
1998-10-02,0.0,0.0016435841297997023
1998-10-05,0.0,-0.04847738052483619
1998-10-06,0.0,-0.016789332916853694
1998-10-07,0.0,-0.0319546757209328
1998-10-08,0.0,-0.029734515694546104
1998-10-09,0.0,0.05170105417441806
1998-10-12,0.0,0.0359064382340919
1998-10-13,0.0,-0.02369217634275067
1998-10-14,0.0,0.020881778131107254
1998-10-15,0.0,0.04545189069222633
1998-10-16,0.0,0.006170042395764241
1998-10-19,0.0,0.017138098028933735
1998-10-20,0.0,-0.00578627185773295
1998-10-21,0.0,0.021693641371653083
1998-10-22,0.0,0.016653231825645598
1998-10-23,0.0,-0.0051566978339521174
1998-10-26,0.0,0.018372238555724785
1998-10-27,0.0,-0.004260918967176397
1998-10-28,0.0,0.011480935940802128
1998-10-29,0.0,0.011419690908567759
1998-10-30,0.0,0.008081084003437322
1998-11-02,0.0,0.0166648789933328
1998-11-03,0.0,-0.006929829919318564
1998-11-04,0.0,0.019648518533014858
1998-11-05,0.0,0.0074195122753719644
1998-11-06,0.0,0.01059278210222625
1998-11-09,0.0,0.0024184513293403764
1998-11-10,0.0,0.002455603019800634
1998-11-11,0.0,-0.0018814120774862664
1998-11-12,0.0,-0.005934128488649937
1998-11-13,0.0,-0.0016585091785247252
1998-11-16,0.0,0.007408048744852458
1998-11-17,0.0,0.009045593227622328
1998-11-18,0.0,0.010071758618486859
1998-11-19,0.0,0.01172105573825788
1998-11-20,0.0,0.004443448908151293
1998-11-23,0.0,0.025521079135571334
1998-11-24,0.0,-0.00583588716610528
1998-11-25,0.0,0.00983274665798528
1998-11-26,0.0,0.0
1998-11-27,0.0,0.015731333209081155
1998-11-30,0.0,-0.03317728273591081
1998-12-01,0.0,0.027806559496086347
1998-12-02,0.0,-0.004262008733624478
1998-12-03,0.0,-0.020489071325825448
1998-12-04,0.0,0.02498554491820726
1998-12-07,0.0,0.018710437508736133
1998-12-08,0.0,-0.002886349380586517
1998-12-09,0.0,0.0077011917926035345
1998-12-10,0.0,-0.016806312852976513
1998-12-11,0.0,0.006622155201492008
1998-12-14,0.0,-0.03074444022845202
1998-12-15,0.0,0.02322412706159871
1998-12-16,0.0,-0.001609857895259914
1998-12-17,0.0,0.017179599474459684
1998-12-18,0.0,0.020676360647396086
1998-12-21,0.0,0.024873690164610496
1998-12-22,0.0,-0.00797463085176553
1998-12-23,0.0,0.024309517298607197
1998-12-24,0.0,-0.0043773647435719765
1998-12-25,0.0,0.0
1998-12-28,0.0,0.00798417035362431
1998-12-29,0.0,0.0006742191441544421
1998-12-30,0.0,-0.006792650004354361
1998-12-31,0.0,0.011878446664667086
1999-01-01,0.0,0.0
1999-01-04,0.0,0.0070050941993624605
1999-01-05,0.0,0.019573832114308853
1999-01-06,0.0,0.030911441097691617
1999-01-07,0.0,0.0022534750049549856
1999-01-08,0.0,0.007875877545580723
1999-01-11,0.0,0.017138640425522933
1999-01-12,0.0,-0.026771897894397045
1999-01-13,0.0,-0.0016977270279004975
1999-01-14,0.0,-0.017260802569049605
1999-01-15,0.0,0.03135074358095924
1999-01-18,0.0,0.0
1999-01-19,0.0,0.0255387105016609
1999-01-20,0.0,0.0030396525162259547
1999-01-21,0.0,-0.02929840322253452
1999-01-22,0.0,-0.0024907025145858297
1999-01-25,0.0,0.013010500752496768
1999-01-26,0.0,0.027054290067572317
1999-01-27,0.0,-0.010795550277183041
1999-01-28,0.0,0.029163239362895554
1999-01-29,0.0,0.011524457684451761
1999-02-01,0.0,0.0016760512233180425
1999-02-02,0.0,-0.01859295881820977
1999-02-03,0.0,0.012174131897930485
1999-02-04,0.0,-0.03342410594326628
1999-02-05,0.0,-0.015124042040272845
1999-02-08,0.0,0.013186609482562561
1999-02-09,0.0,-0.039140595113350996
1999-02-10,0.0,-0.0005582506415554578
1999-02-11,0.0,0.0415890885473047
1999-02-12,0.0,-0.034777909417804787
1999-02-15,0.0,0.0
1999-02-16,0.0,-0.003454082665414804
1999-02-17,0.0,-0.028074178756801405
1999-02-18,0.0,0.0051758407406257145
1999-02-19,0.0,0.010196633562628454
1999-02-22,0.0,0.025578034682081086
1999-02-23,0.0,0.014662618861575938
1999-02-24,0.0,-0.015557472594525112
1999-02-25,0.0,-0.005368943908214963
1999-02-26,0.0,-0.016670821120671087
1999-03-01,0.0,0.003124959025886831
1999-03-02,0.0,-0.01575039866154271
1999-03-03,0.0,0.0027312607623624086
1999-03-04,0.0,0.012224086173406423
1999-03-05,0.0,0.019285704940053883
1999-03-08,0.0,0.025890950789650313
1999-03-09,0.0,-0.0019519356695388845
1999-03-10,0.0,0.005457721463973275
1999-03-11,0.0,0.002597672485453062
1999-03-12,0.0,-0.012734998445434687
1999-03-15,0.0,0.02095711580370585
1999-03-16,0.0,0.0032203138880662063
1999-03-17,0.0,-0.004222574786719058
1999-03-18,0.0,0.01399358575857268
1999-03-19,0.0,-0.01692678728034558
1999-03-22,0.0,-0.010461452047892172
1999-03-23,0.0,-0.030509945991969656
1999-03-24,0.0,0.018270737545418525
1999-03-25,0.0,0.029391869038760676
1999-03-26,0.0,-0.006419418432725532
1999-03-29,0.0,0.03045259324479055
1999-03-30,0.0,-0.0050344185747982495
1999-03-31,0.0,-0.007616044897975627
1999-04-01,0.0,0.012988543105549644
1999-04-02,0.0,0.0
1999-04-05,0.0,0.026746932865960638
1999-04-06,0.0,0.0012148152777669008
1999-04-07,0.0,-0.007311259104936574
1999-04-08,0.0,0.011381724001053195
1999-04-09,0.0,0.007639728140701685
1999-04-12,0.0,0.00222132238097994
1999-04-13,0.0,-0.0058911578761048355
1999-04-14,0.0,-0.029502612734662148
1999-04-15,0.0,0.00577917105389103
1999-04-16,0.0,-0.014961713399715304
1999-04-19,0.0,-0.05572776605851748
1999-04-20,0.0,0.02729780313010255
1999-04-21,0.0,0.032967580219451786
1999-04-22,0.0,0.02913928037668545
1999-04-23,0.0,0.011352235508137465
1999-04-26,0.0,0.023684809838305565
1999-04-27,0.0,-0.018717595822099975
1999-04-28,0.0,-0.019996849074511713
1999-04-29,0.0,-0.008598752337895976
1999-04-30,0.0,0.005699166284349078
1999-05-03,0.0,-0.0028589967949348427
1999-05-04,0.0,-0.0199007722099086
1999-05-05,0.0,0.019850148081380414
1999-05-06,0.0,-0.024529976918068908
1999-05-07,0.0,0.012676557671461142
1999-05-10,0.0,0.00909483068516792
1999-05-11,0.0,0.015947656537589117
1999-05-12,0.0,0.015529789455639209
1999-05-13,0.0,-0.009414779746330315
1999-05-14,0.0,-0.020968241673121613
1999-05-17,0.0,0.013442200121842163
1999-05-18,0.0,-0.00135839865096965
1999-05-19,0.0,0.00744226770274703
1999-05-20,0.0,-0.013645534259331127
1999-05-21,0.0,-0.008689221667591118
1999-05-24,0.0,-0.0263794868539049
1999-05-25,0.0,-0.029653660246325764
1999-05-26,0.0,0.019438027636607957
1999-05-27,0.0,-0.0033083660873934884
1999-05-28,0.0,0.021234731207242064
1999-05-31,0.0,0.0
1999-06-01,0.0,-0.023675177695383853
1999-06-02,0.0,0.00844931447784636
1999-06-03,0.0,-0.011959332513844179
1999-06-04,0.0,0.031215152372551236
1999-06-07,0.0,0.01850835639984827
1999-06-08,0.0,-0.01966952036478742
1999-06-09,0.0,0.018100187508082177
1999-06-10,0.0,-0.013785301764344005
1999-06-11,0.0,-0.014786969435970021
1999-06-14,0.0,-0.02025017566220577
1999-06-15,0.0,0.006821470118541839
1999-06-16,0.0,0.04272219392297916
1999-06-17,0.0,0.010453446022964386
1999-06-18,0.0,0.007582100112021761
1999-06-21,0.0,0.02607433760883815
1999-06-22,0.0,-0.019016986784676893
1999-06-23,0.0,0.0069217830761239
1999-06-24,0.0,-0.016985358643942572
1999-06-25,0.0,-0.0005246692430274091
1999-06-28,0.0,0.019505220065422213
1999-06-29,0.0,0.015243386975300144
1999-06-30,0.0,0.016657141451339896
1999-07-01,0.0,0.007468020788349072
1999-07-02,0.0,0.012874236007952122
1999-07-05,0.0,0.0
1999-07-06,0.0,-0.0015468694135758465
1999-07-07,0.0,0.0022873595977754846
1999-07-08,0.0,0.010506591227251505
1999-07-09,0.0,0.0076519016111924465
1999-07-12,0.0,-0.000941616214416463
1999-07-13,0.0,-0.004375654018721087
1999-07-14,0.0,0.014361661921439284
1999-07-15,0.0,0.007536912775492954
1999-07-16,0.0,0.008843511060552256
1999-07-19,0.0,-0.01193584874043463
1999-07-20,0.0,-0.034664292351667236
1999-07-21,0.0,0.010830179563571907
1999-07-22,0.0,-0.02800015931811839
1999-07-23,0.0,0.002965236697411777
1999-07-26,0.0,-0.027191353439310673
1999-07-27,0.0,0.022961297194934227
1999-07-28,0.0,0.009894264610929016
1999-07-29,0.0,-0.024328859060402608
1999-07-30,0.0,-0.0005757553948660954
1999-08-02,0.0,-0.005632009217393152
1999-08-03,0.0,-0.01358423253278862
1999-08-04,0.0,-0.018543348312783148
1999-08-05,0.0,0.010169291338582687
1999-08-06,0.0,-0.0069607105692894855
1999-08-09,0.0,-0.011377684980592329
1999-08-10,0.0,-0.011460988177754428
1999-08-11,0.0,0.030066944833762266
1999-08-12,0.0,-0.0060390334427560255
1999-08-13,0.0,0.03464222256215965
1999-08-16,0.0,0.002831894639871768
1999-08-17,0.0,0.009806145285186973
1999-08-18,0.0,-0.005050126908303976
1999-08-19,0.0,-0.013658272284995165
1999-08-20,0.0,0.01026157478933265
1999-08-23,0.0,0.02689997092507368
1999-08-24,0.0,0.012060730188963698
1999-08-25,0.0,0.01933969633443189
1999-08-26,0.0,-0.011042201311662447
1999-08-27,0.0,-0.005665640700348029
1999-08-30,0.0,-0.01674942912030153
1999-08-31,0.0,0.009827883023861839
1999-09-01,0.0,0.0041798236808003875
1999-09-02,0.0,-0.006020066889632303
1999-09-03,0.0,0.039817280121715815
1999-09-06,0.0,0.0
1999-09-07,0.0,-0.002057605931532702
1999-09-08,0.0,-0.010051951530702263
1999-09-09,0.0,0.015409044624992152
1999-09-10,0.0,0.012286028849727515
1999-09-13,0.0,-0.014648119540293547
1999-09-14,0.0,0.008267803724026912
1999-09-15,0.0,-0.018868384995938348
1999-09-16,0.0,-0.002647316970900926
1999-09-17,0.0,0.022410500513054377
1999-09-20,0.0,0.005760344575240106
1999-09-21,0.0,-0.022538676090986365
1999-09-22,0.0,0.01313671971925845
1999-09-23,0.0,-0.03790200688554868
1999-09-24,0.0,-0.003425666313917608
1999-09-27,0.0,0.007787155936520573
1999-09-28,0.0,-0.001991490902507498
1999-09-29,0.0,-0.0094258503401361
1999-09-30,0.0,0.005819937222325988
1999-10-01,0.0,-0.003390188481370293
1999-10-04,0.0,0.02160147614958796
1999-10-05,0.0,0.0013233332260360609
1999-10-06,0.0,0.020552422249765057
1999-10-07,0.0,0.0012214712954243812
1999-10-08,0.0,0.009043241164750082
1999-10-11,0.0,0.010178169938716009
1999-10-12,0.0,-0.014924810096195062
1999-10-13,0.0,-0.024773449657606972
1999-10-14,0.0,0.001988383840186847
1999-10-15,0.0,-0.02672400279317677
1999-10-18,0.0,-0.015623226921148037
1999-10-19,0.0,-0.00036070877414806635
1999-10-20,0.0,0.03718128994338188
1999-10-21,0.0,0.004956727268814465
1999-10-22,0.0,0.005199950034797229
1999-10-25,0.0,-0.00020237740190032216
1999-10-26,0.0,-0.001590937339086329
1999-10-27,0.0,-0.00318338804966789
1999-10-28,0.0,0.025940938869303265
1999-10-29,0.0,0.031722789908250615
1999-11-01,0.0,0.0004112687641375512
1999-11-02,0.0,0.0047107981062457505
1999-11-03,0.0,0.01572294349064096
1999-11-04,0.0,0.009060561134022871
1999-11-05,0.0,0.015163860665259543
1999-11-08,0.0,0.013435236551063934
1999-11-09,0.0,-0.006021049819177615
1999-11-10,0.0,0.009894273353301175
1999-11-11,0.0,0.013095856728222222
1999-11-12,0.0,0.007462569863853519
1999-11-15,0.0,-0.0004998214923241928
1999-11-16,0.0,0.02359964466973552
1999-11-17,0.0,-0.007928945963004308
1999-11-18,0.0,0.023772018633445358
1999-11-19,0.0,0.006614661603592253
1999-11-22,0.0,0.006918453661794111
1999-11-23,0.0,-0.014646756431721197
1999-11-24,0.0,0.02322256025511016
1999-11-25,0.0,0.0
1999-11-26,0.0,0.007984212834381
1999-11-29,0.0,-0.007668636032728049
1999-11-30,0.0,-0.024905228022692683
1999-12-01,0.0,0.005260539062874825
1999-12-02,0.0,0.029540419416109298
1999-12-03,0.0,0.019650832083133007
1999-12-06,0.0,0.007208937036837115
1999-12-07,0.0,0.011536910499406305
1999-12-08,0.0,-0.00023418420260279404
1999-12-09,0.0,0.0022559452103689814
1999-12-10,0.0,0.007253413166321998
1999-12-13,0.0,0.010477205931098466
1999-12-14,0.0,-0.02364843623997792
1999-12-15,0.0,0.014080287597363572
1999-12-16,0.0,0.02570714670274299
1999-12-17,0.0,0.010228636953373504
1999-12-20,0.0,0.00820930121021246
1999-12-21,0.0,0.03363751925938274
1999-12-22,0.0,0.006686013065211105
1999-12-23,0.0,0.008162954308790216
1999-12-24,0.0,0.0
1999-12-27,0.0,0.0014964327461808313
1999-12-28,0.0,-0.0008225628744924496
1999-12-29,0.0,0.01745923451263942
1999-12-30,0.0,-0.0011357281774408978
1999-12-31,0.0,0.008035928826045868
2000-01-03,0.0,0.015196679535351088
2000-01-04,0.0,-0.05554385582706989
2000-01-05,0.0,-0.006189625521248465
2000-01-06,0.0,-0.038790057613847906
2000-01-07,0.0,0.04171842677878157
2000-01-10,0.0,0.0430250706996822
2000-01-11,0.0,-0.03172604187501693
2000-01-12,0.0,-0.018150102392386014
2000-01-13,0.0,0.02784141381083738
2000-01-14,0.0,0.027054414600185428
2000-01-17,0.0,0.0
2000-01-18,0.0,0.01637194379310447
2000-01-19,0.0,0.004957865406542528
2000-01-20,0.0,0.009206776688692075
2000-01-21,0.0,0.010953548266980917
2000-01-24,0.0,-0.0328941776455588
2000-01-25,0.0,0.01741421065994797
2000-01-26,0.0,-0.02339582618460867
2000-01-27,0.0,-0.00745716735750912
2000-01-28,0.0,-0.03774916079969104
2000-01-31,0.0,0.013706982380044641
2000-02-01,0.0,0.02832997068788301
2000-02-02,0.0,0.0054245085118880265
2000-02-03,0.0,0.033633123545641075
2000-02-04,0.0,0.0078746515063004
2000-02-07,0.0,0.018291102555523686
2000-02-08,0.0,0.02446451338224831
2000-02-09,0.0,-0.014513833992094938
2000-02-10,0.0,0.02805025623160784
2000-02-11,0.0,-0.02010419941011632
2000-02-14,0.0,0.005255434597140285
2000-02-15,0.0,0.0005024272668636698
2000-02-16,0.0,0.001556289967584723
2000-02-17,0.0,0.027389247117545423
2000-02-18,0.0,-0.030156608601602186
2000-02-21,0.0,0.0
2000-02-22,0.0,-0.006713904264530557
2000-02-23,0.0,0.03838553029127456
2000-02-24,0.0,0.01479453138563569
2000-02-25,0.0,-0.0058796140894177285
2000-02-28,0.0,-0.002755691101187119
2000-02-29,0.0,0.02595978461504833
2000-03-01,0.0,0.01860672090344484
2000-03-02,0.0,-0.006180916707078432
2000-03-03,0.0,0.03371115004490477
2000-03-06,0.0,-0.0020224668805787216
2000-03-07,0.0,-0.011623189292231162
2000-03-08,0.0,0.010194230832700768
2000-03-09,0.0,0.030547694016654026
2000-03-10,0.0,0.0003487316866328527
2000-03-13,0.0,-0.028003692098038657
2000-03-14,0.0,-0.04088041342995241
2000-03-15,0.0,-0.026347938971196028
2000-03-16,0.0,0.029408940736958433
2000-03-17,0.0,0.017115396437436647
2000-03-20,0.0,-0.03920902518272751
2000-03-21,0.0,0.022056399132321047
2000-03-22,0.0,0.032487350584080366
2000-03-23,0.0,0.01559381263168702
2000-03-24,0.0,0.004537901190338811
2000-03-27,0.0,-0.0009006594761666875
2000-03-28,0.0,-0.025142380045819812
2000-03-29,0.0,-0.0391444571556242
2000-03-30,0.0,-0.040213836505069156
2000-03-31,0.0,0.02578349847124972
2000-04-03,0.0,-0.07635315548577126
2000-04-04,0.0,-0.01770730737177062
2000-04-05,0.0,0.0049001058114339635
2000-04-06,0.0,0.023587145797055564
2000-04-07,0.0,0.041918567050023725
2000-04-10,0.0,-0.05808004138132672
2000-04-11,0.0,-0.031588749343393285
2000-04-12,0.0,-0.07058112872605338
2000-04-13,0.0,-0.024631064587240625
2000-04-14,0.0,-0.09668514297836694
2000-04-17,0.0,0.0655980055942118
2000-04-18,0.0,0.07188428892731613
2000-04-19,0.0,-0.022975719441054254
2000-04-20,0.0,-0.01687077252651481
2000-04-21,0.0,0.0
2000-04-24,0.0,-0.04429344544825853
2000-04-25,0.0,0.0656859479451426
2000-04-26,0.0,-0.021863371442890855
2000-04-27,0.0,0.039651909456790424
2000-04-28,0.0,0.02295424254709144
2000-05-01,0.0,0.02523402734247515
2000-05-02,0.0,-0.043614580806855874
2000-05-03,0.0,-0.020642195775931516
2000-05-04,0.0,0.00348770402259313
2000-05-05,0.0,0.025960690708126455
2000-05-08,0.0,-0.03862901577753208
2000-05-09,0.0,-0.022992985190958715
2000-05-10,0.0,-0.055865952954106124
2000-05-11,0.0,0.03393180549113217
2000-05-12,0.0,0.008423868007017887
2000-05-15,0.0,0.022269386182156126
2000-05-16,0.0,0.030468587584715934
2000-05-17,0.0,-0.019531575733610973
2000-05-18,0.0,-0.029149839778762954
2000-05-19,0.0,-0.04191075278844547
2000-05-22,0.0,-0.007724752241623389
2000-05-23,0.0,-0.059348257094533285
2000-05-24,0.0,0.033515033733074295
2000-05-25,0.0,-0.019953464338456794
2000-05-26,0.0,-7.487481866252921e-05
2000-05-29,0.0,0.0
2000-05-30,0.0,0.07936389078689965
2000-05-31,0.0,-0.016930290101402568
2000-06-01,0.0,0.053394532639793546
2000-06-02,0.0,0.06444661549197495
2000-06-05,0.0,0.0021975255547572736
2000-06-06,0.0,-0.01710991794356531
2000-06-07,0.0,0.02206651634423662
2000-06-08,0.0,-0.0035683959929778686
2000-06-09,0.0,0.012881774171624505
2000-06-12,0.0,-0.027595978156517487
2000-06-13,0.0,0.022067936866857263
2000-06-14,0.0,-0.013931229323874472
2000-06-15,0.0,0.012727095573035196
2000-06-16,0.0,0.003853614648936299
2000-06-19,0.0,0.03348477941024108
2000-06-20,0.0,0.0058974943794598556
2000-06-21,0.0,0.01262034803755463
2000-06-22,0.0,-0.03129175371123594
2000-06-23,0.0,-0.02324199103849789
2000-06-26,0.0,0.017366474746056237
2000-06-27,0.0,-0.013588540228827273
2000-06-28,0.0,0.021088583452536502
2000-06-29,0.0,-0.016016384372922188
2000-06-30,0.0,0.022923582041818547
2000-07-03,0.0,0.006510157307790143
2000-07-04,0.0,0.0
2000-07-05,0.0,-0.032272609990656176
2000-07-06,0.0,0.025231032072687842
2000-07-07,0.0,0.015813380397265986
2000-07-10,0.0,-0.010665639292105733
2000-07-11,0.0,-0.005997050466172049
2000-07-12,0.0,0.036186754692373535
2000-07-13,0.0,0.01836037262262802
2000-07-14,0.0,0.017083207580613546
2000-07-17,0.0,0.006709560122274638
2000-07-18,0.0,-0.022808778221476755
2000-07-19,0.0,-0.029096254162507162
2000-07-20,0.0,0.03179037535475393
2000-07-21,0.0,-0.02153392471370963
2000-07-24,0.0,-0.027569026364957394
2000-07-25,0.0,0.012055545927862621
2000-07-26,0.0,-0.01038572353874001
2000-07-27,0.0,-0.036484507437834046
2000-07-28,0.0,-0.046647389666938266
2000-07-31,0.0,0.02838929838929838
2000-08-01,0.0,-0.021627347033042255
2000-08-02,0.0,-0.007342247498317689
2000-08-03,0.0,0.027722046981516923
2000-08-04,0.0,0.007308743896081715
2000-08-07,0.0,0.019969054961767485
2000-08-08,0.0,-0.00373803711632692
2000-08-09,0.0,0.0012861986982108942
2000-08-10,0.0,-0.02426625145971195
2000-08-11,0.0,0.007840446384165922
2000-08-14,0.0,0.015891404338865378
2000-08-15,0.0,0.0005117295158829638
2000-08-16,0.0,0.0024768541356194884
2000-08-17,0.0,0.02063348181912361
2000-08-18,0.0,-0.0026719988225949454
2000-08-21,0.0,0.00580356915686675
2000-08-22,0.0,0.0012799919051895703
2000-08-23,0.0,0.013339362994889248
2000-08-24,0.0,0.010538492798571886
2000-08-25,0.0,-0.0026151659890262247
2000-08-28,0.0,0.006903836069142244
2000-08-29,0.0,0.0028447964545679216
2000-08-30,0.0,0.0053011021099074185
2000-08-31,0.0,0.024986536901074885
2000-09-01,0.0,0.006651847801538047
2000-09-04,0.0,0.0
2000-09-05,0.0,-0.021526428029936207
2000-09-06,0.0,-0.03133824743313107
2000-09-07,0.0,0.021181858501896134
2000-09-08,0.0,-0.02926543609013399
2000-09-11,0.0,-0.020626330619518796
2000-09-12,0.0,-0.01202150730812157
2000-09-13,0.0,0.011528740021457207
2000-09-14,0.0,0.005128547545000028
2000-09-15,0.0,-0.020090141190538313
2000-09-18,0.0,-0.028345105769406298
2000-09-19,0.0,0.037332417375996796
2000-09-20,0.0,0.008226322161401622
2000-09-21,0.0,-0.0175935999014738
2000-09-22,0.0,-0.006558070657922466
2000-09-25,0.0,-0.016441626180411117
2000-09-26,0.0,-0.013931284447319281
2000-09-27,0.0,-0.008891057439483818
2000-09-28,0.0,0.03337253507644333
2000-09-29,0.0,-0.02792246289356115
2000-10-02,0.0,-0.028294335143023597
2000-10-03,0.0,-0.03168203087786159
2000-10-04,0.0,0.019465656586116875
2000-10-05,0.0,-0.014475887712525948
2000-10-06,0.0,-0.0319950462256271
2000-10-09,0.0,-0.0016215363834086727
2000-10-10,0.0,-0.03427743804312844
2000-10-11,0.0,-0.0222339486628772
2000-10-12,0.0,-0.02960716303349542
2000-10-13,0.0,0.07873664901713351
2000-10-16,0.0,-0.007986685841948615
2000-10-17,0.0,-0.023195594295926214
2000-10-18,0.0,-0.013192447945836294
2000-10-19,0.0,0.0778922675276521
2000-10-20,0.0,0.018879073304861604
2000-10-23,0.0,-0.0041485556136129365
2000-10-24,0.0,-0.014097541146657733
2000-10-25,0.0,-0.05562329850663339
2000-10-26,0.0,0.013193706902157043
2000-10-27,0.0,0.001888649157442579
2000-10-30,0.0,-0.026525457850876677
2000-10-31,0.0,0.0558469637149841
2000-11-01,0.0,-0.010754890002759976
2000-11-02,0.0,0.028688512295291124
2000-11-03,0.0,0.006579139229284214
2000-11-06,0.0,-0.0102474808638362
2000-11-07,0.0,-0.00012294326168471592
2000-11-08,0.0,-0.05389382836766898
2000-11-09,0.0,-0.009700776681003775
2000-11-10,0.0,-0.05354414360929283
2000-11-13,0.0,-0.020558007784773125
2000-11-14,0.0,0.057824803149606474
2000-11-15,0.0,0.008673568558473344
2000-11-16,0.0,-0.04220831530031677
2000-11-17,0.0,-0.0015468949958441502
2000-11-20,0.0,-0.05006292964762704
2000-11-21,0.0,-0.0014570669485749477
2000-11-22,0.0,-0.04043601664664187
2000-11-23,0.0,0.0
2000-11-24,0.0,0.05409132811195705
2000-11-27,0.0,-0.008225507681501876
2000-11-28,0.0,-0.05051571086863682
2000-11-29,0.0,-0.010256016497378506
2000-11-30,0.0,-0.04026701835658841
2000-12-01,0.0,0.018229898419126034
2000-12-04,0.0,-0.01116701760487504
2000-12-05,0.0,0.10476918665774648
2000-12-06,0.0,-0.03228597134749811
2000-12-07,0.0,-0.015676738780618704
2000-12-08,0.0,0.05985846417646923
2000-12-11,0.0,0.033478095447020184
2000-12-12,0.0,-0.027637557626612685
2000-12-13,0.0,-0.037178905575812604
2000-12-14,0.0,-0.0333927312533433
2000-12-15,0.0,-0.027575489919406615
2000-12-18,0.0,-0.010835685776419246
2000-12-19,0.0,-0.04298309786170418
2000-12-20,0.0,-0.07123831971047612
2000-12-21,0.0,0.003146460446334265
2000-12-22,0.0,0.07559441396167732
2000-12-25,0.0,0.0
2000-12-26,0.0,-0.009336437533273512
2000-12-27,0.0,0.018379640026949806
2000-12-28,0.0,0.007249886782050741
2000-12-29,0.0,-0.0341079694732892
2001-01-01,0.0,0.0
2001-01-02,0.0,-0.07231675922477854
2001-01-03,0.0,0.14173204296946573
2001-01-04,0.0,-0.019054607156369308
2001-01-05,0.0,-0.06201423545774354
2001-01-08,0.0,-0.004871970593732455
2001-01-09,0.0,0.018940532238138186
2001-01-10,0.0,0.03394912546594009
2001-01-11,0.0,0.046110023849329496
2001-01-12,0.0,-0.005328395005623876
2001-01-15,0.0,0.0
2001-01-16,0.0,-0.0030268418046829337
2001-01-17,0.0,0.02452884229821839
2001-01-18,0.0,0.03194820298347212
2001-01-19,0.0,0.0006826826176002943
2001-01-22,0.0,-0.004501187562717113
2001-01-23,0.0,0.029906704714802057
2001-01-24,0.0,0.0066047268156839145
2001-01-25,0.0,-0.03667873318993409
2001-01-26,0.0,0.00981018632818742
2001-01-29,0.0,0.02050839535469029
2001-01-30,0.0,3.5231860875395427e-06
2001-01-31,0.0,-0.02311906565434141
2001-02-01,0.0,0.0036281931525967703
2001-02-02,0.0,-0.04394510545172292
2001-02-05,0.0,-0.006498778425108043
2001-02-06,0.0,0.008050816999027655
2001-02-07,0.0,-0.021268610503323182
2001-02-08,0.0,-0.017547223351304986
2001-02-09,0.0,-0.03555342185585042
2001-02-12,0.0,0.007563831207987093
2001-02-13,0.0,-0.024878899126788423
2001-02-14,0.0,0.026230372530605006
2001-02-15,0.0,0.02468892991892102
2001-02-16,0.0,-0.04995475751201561
2001-02-19,0.0,0.0
2001-02-20,0.0,-0.04412916738820316
2001-02-21,0.0,-0.021312571440895378
2001-02-22,0.0,-0.010568811868096994
2001-02-23,0.0,0.007817511225144402
2001-02-26,0.0,0.020326981980190117
2001-02-27,0.0,-0.043612735542560066
2001-02-28,0.0,-0.025359857234738437
2001-03-01,0.0,0.014657291700552522
2001-03-02,0.0,-0.030109418009773736
2001-03-05,0.0,0.011942596204247202
2001-03-06,0.0,0.028703824687809076
2001-03-07,0.0,0.008841287770534834
2001-03-08,0.0,-0.024816540163315248
2001-03-09,0.0,-0.053464469989348506
2001-03-12,0.0,-0.06303646761952086
2001-03-13,0.0,0.047520510767502966
2001-03-14,0.0,-0.02118841759398049
2001-03-15,0.0,-0.015912052695363776
2001-03-16,0.0,-0.02566071180135099
2001-03-19,0.0,0.03187354236848927
2001-03-20,0.0,-0.048042722865138
2001-03-21,0.0,-0.014649194590404035
2001-03-22,0.0,0.03686421925113237
2001-03-23,0.0,0.016325025030299756
2001-03-26,0.0,-0.005283406267499013
2001-03-27,0.0,0.02802725059812672
2001-03-28,0.0,-0.059895754109498656
2001-03-29,0.0,-0.018100133216117587
2001-03-30,0.0,0.010815294111184981
2001-04-02,0.0,-0.03113147055307397
2001-04-03,0.0,-0.061677986730006684
2001-04-04,0.0,-0.020442319187089053
2001-04-05,0.0,0.08921161825726154
2001-04-06,0.0,-0.036212885154061736
2001-04-09,0.0,0.014735287962984511
2001-04-10,0.0,0.06090358650634986
2001-04-11,0.0,0.025334362834295465
2001-04-12,0.0,0.032902393427947096
2001-04-13,0.0,0.0
2001-04-16,0.0,-0.026439893343122134
2001-04-17,0.0,0.007148206140649593
2001-04-18,0.0,0.08122835661026828
2001-04-19,0.0,0.04938829684915169
2001-04-20,0.0,-0.0085833172940325
2001-04-23,0.0,-0.048113857290111306
2001-04-24,0.0,-0.02073985587475491
2001-04-25,0.0,0.02141713072929341
2001-04-26,0.0,-0.012098261967181334
2001-04-27,0.0,0.020050322377732188
2001-04-30,0.0,0.01954058429044947
2001-05-01,0.0,0.024571882206176898
2001-05-02,0.0,0.024148618234143937
2001-05-03,0.0,-0.03350445825452586
2001-05-04,0.0,0.021121051160190252
2001-05-07,0.0,-0.00819518783680806
2001-05-08,0.0,0.01159382950629606
2001-05-09,0.0,-0.019165260577504672
2001-05-10,0.0,-0.0128765713172867
2001-05-11,0.0,-0.010066420525539632
2001-05-14,0.0,-0.01210479114371521
2001-05-15,0.0,0.0017579926221948927
2001-05-16,0.0,0.03877098936506873
2001-05-17,0.0,0.01257362308672283
2001-05-18,0.0,0.0023704460085336443
2001-05-21,0.0,0.04852925125518448
2001-05-22,0.0,0.0035825970792724426
2001-05-23,0.0,-0.030412515936642293
2001-05-24,0.0,0.01717866885374497
2001-05-25,0.0,-0.013580073794269842
2001-05-28,0.0,0.0
2001-05-29,0.0,-0.0335357591857951
2001-05-30,0.0,-0.04184708164409756
2001-05-31,0.0,0.012468217798033088
2001-06-01,0.0,0.018455429781709665
2001-06-04,0.0,0.003019391097215829
2001-06-05,0.0,0.03605404628165099
2001-06-06,0.0,-0.007131792663162662
2001-06-07,0.0,0.020863675920874014
2001-06-08,0.0,-0.02159893992932871
2001-06-11,0.0,-0.020008126043970842
2001-06-12,0.0,-0.0003823510443252687
2001-06-13,0.0,-0.022253968985460504
2001-06-14,0.0,-0.03657042127390808
2001-06-15,0.0,-0.007651401370794453
2001-06-18,0.0,-0.019621086258830744
2001-06-19,0.0,0.002026520770580742
2001-06-20,0.0,0.019361055072114608
2001-06-21,0.0,0.013548374391997076
2001-06-22,0.0,-0.011618644232450737
2001-06-25,0.0,0.007877769259499567
2001-06-26,0.0,0.006704471760764941
2001-06-27,0.0,0.0049016283868217325
2001-06-28,0.0,0.02444643666194324
2001-06-29,0.0,0.01650466252011329
2001-07-02,0.0,-0.005470854508595191
2001-07-03,0.0,-0.003685915335641554
2001-07-04,0.0,0.0
2001-07-05,0.0,-0.028349215246636805
2001-07-06,0.0,-0.03651249212782015
2001-07-09,0.0,0.011251596678907738
2001-07-10,0.0,-0.03153879933488268
2001-07-11,0.0,0.0047126794002414485
2001-07-12,0.0,0.0525851402608466
2001-07-13,0.0,0.004359890930463406
2001-07-16,0.0,-0.026702929311825163
2001-07-17,0.0,0.018825894969247914
2001-07-18,0.0,-0.024742178279124727
2001-07-19,0.0,0.015088013411567402
2001-07-20,0.0,-0.008413995964018262
2001-07-23,0.0,-0.02010968921389389
2001-07-24,0.0,-0.014744337611135694
2001-07-25,0.0,0.012800881974643241
2001-07-26,0.0,0.019472665699080904
2001-07-27,0.0,0.003020326650057248
2001-07-30,0.0,-0.005534555239592565
2001-07-31,0.0,0.004603932918368248
2001-08-01,0.0,0.02034896627251337
2001-08-02,0.0,0.009185932952358922
2001-08-03,0.0,-0.010084412038057322
2001-08-06,0.0,-0.015520270237570966
2001-08-07,0.0,-0.003180517731263488
2001-08-08,0.0,-0.03029406398098422
2001-08-09,0.0,-0.0015460037836407814
2001-08-10,0.0,-0.0034889880406657747
2001-08-13,0.0,0.013176792897412248
2001-08-14,0.0,-0.0089393366124354
2001-08-15,0.0,-0.023232019872437615
2001-08-16,0.0,0.005956568641245719
2001-08-17,0.0,-0.03279767085250107
2001-08-20,0.0,0.007680730151418569
2001-08-21,0.0,-0.026603237037233884
2001-08-22,0.0,0.01567738764811888
2001-08-23,0.0,-0.009161241068596393
2001-08-24,0.0,0.04006033739019088
2001-08-27,0.0,-0.0022902754590984342
2001-08-28,0.0,-0.02480116711374658
2001-08-29,0.0,-0.011694495383328452
2001-08-30,0.0,-0.027935567527683336
2001-08-31,0.0,0.007674361493123838
2001-09-03,0.0,0.0
2001-09-04,0.0,-0.01919210382014258
2001-09-05,0.0,-0.006646788420921812
2001-09-06,0.0,-0.03034093040971908
2001-09-07,0.0,-0.010518046012054194
2001-09-10,0.0,0.0045505717840848
2001-09-11,0.0,0.0
2001-09-12,0.0,0.0
2001-09-13,0.0,0.0
2001-09-14,0.0,0.0
2001-09-17,0.0,-0.0683209663910157
2001-09-18,0.0,-0.015491753980564127
2001-09-19,0.0,-0.01754250585178896
2001-09-20,0.0,-0.037223458567875345
2001-09-21,0.0,-0.03245565730524225
2001-09-24,0.0,0.053548718020784314
2001-09-25,0.0,0.0014939309056956063
2001-09-26,0.0,-0.02503929037585584
2001-09-27,0.0,-0.0022745280183601446
2001-09-28,0.0,0.026076360126239928
2001-10-01,0.0,-0.012236455831331705
2001-10-02,0.0,0.008017778258108788
2001-10-03,0.0,0.05928983535813126
2001-10-04,0.0,0.01043768700855896
2001-10-05,0.0,0.005002159881300372
2001-10-08,0.0,0.00040490873979948105
2001-10-09,0.0,-0.02226719387278553
2001-10-10,0.0,0.03570905431826721
2001-10-11,0.0,0.04624721754209049
2001-10-12,0.0,0.0011343132702898995
2001-10-15,0.0,-0.004162263707878422
2001-10-16,0.0,0.015185903519993493
2001-10-17,0.0,-0.04397614498829894
2001-10-18,0.0,0.0038752627039373433
2001-10-19,0.0,0.01124812430417732
2001-10-22,0.0,0.02200070603299209
2001-10-23,0.0,-0.0021310477261017313
2001-10-24,0.0,0.015899650325033488
2001-10-25,0.0,0.025370479457592632
2001-10-26,0.0,-0.003666634750235098
2001-10-29,0.0,-0.039254703328509444
2001-10-30,0.0,-0.018893569949162026
2001-10-31,0.0,0.013667904114764706
2001-11-01,0.0,0.033191338303159235
2001-11-02,0.0,-0.000326404397869795
2001-11-05,0.0,0.027449834739621926
2001-11-06,0.0,0.023098151813341516
2001-11-07,0.0,0.0013350916581293948
2001-11-08,0.0,-0.005311477907843698
2001-11-09,0.0,0.0003884515010095235
2001-11-12,0.0,0.006371412320615999
2001-11-13,0.0,0.02824800421709317
2001-11-14,0.0,0.005855896327380705
2001-11-15,0.0,-0.0013766360689159152
2001-11-16,0.0,-0.0010470543047612635
2001-11-19,0.0,0.018877266167346196
2001-11-20,0.0,-0.027868818560602193
2001-11-21,0.0,-0.0029034676763218803
2001-11-22,0.0,0.0
2001-11-23,0.0,0.015012932988453631
2001-11-26,0.0,0.019982135350987695
2001-11-27,0.0,-0.0027096222498106393
2001-11-28,0.0,-0.024793772630774202
2001-11-29,0.0,0.02398872863445911
2001-11-30,0.0,-0.001386259478807883
2001-12-03,0.0,-0.01330170207916781
2001-12-04,0.0,0.03055278492309288
2001-12-05,0.0,0.042657022056950655
2001-12-06,0.0,0.0036299857341073327
2001-12-07,0.0,-0.016068968538702322
2001-12-10,0.0,-0.01441674994805231
2001-12-11,0.0,0.004924402144449225
2001-12-12,0.0,0.0047204447707962505
2001-12-13,0.0,-0.03225148902743391
2001-12-14,0.0,0.003421508237820614
2001-12-17,0.0,0.0175509556259823
2001-12-18,0.0,0.008709653073033286
2001-12-19,0.0,-0.01090903649314623
2001-12-20,0.0,-0.03245263226906192
2001-12-21,0.0,0.01422435810564271
2001-12-24,0.0,-0.000693791338400529
2001-12-25,0.0,0.0
2001-12-26,0.0,0.008341561754299454
2001-12-27,0.0,0.0080175447544244
2001-12-28,0.0,0.005484664190809507
2001-12-31,0.0,-0.018548151726497708
2002-01-01,0.0,0.0
2002-01-02,0.0,0.014791837571780153
2002-01-03,0.0,0.03285082733358591
2002-01-04,0.0,0.007391391548083215
2002-01-07,0.0,-0.010818790121298716
2002-01-08,0.0,0.009150262628246031
2002-01-09,0.0,-0.005277904793407617
2002-01-10,0.0,0.0011492060697642081
2002-01-11,0.0,-0.012104101131279132
2002-01-14,0.0,-0.01568387013834638
2002-01-15,0.0,0.005108653063684798
2002-01-16,0.0,-0.02822215891769242
2002-01-17,0.0,0.021281191499866292
2002-01-18,0.0,-0.027938080994249215
2002-01-21,0.0,0.0
2002-01-22,0.0,-0.024767657511111985
2002-01-23,0.0,0.021168321354772646
2002-01-24,0.0,0.010507808029629917
2002-01-25,0.0,-0.002512123052847204
2002-01-28,0.0,0.003204830469112796
2002-01-29,0.0,-0.026194628352135707
2002-01-30,0.0,0.01080301533552741
2002-01-31,0.0,0.010760724140814304
2002-02-01,0.0,-0.01178368484459913
2002-02-04,0.0,-0.02914861555848558
2002-02-05,0.0,-0.009167192123005319
2002-02-06,0.0,-0.014038465722428839
2002-02-07,0.0,-0.016880802775954273
2002-02-08,0.0,0.020632845335024408
2002-02-11,0.0,0.0152731351161155
2002-02-12,0.0,-0.006741901595312627
2002-02-13,0.0,0.01360258639959433
2002-02-14,0.0,-0.008493082897652826
2002-02-15,0.0,-0.02070664055507021
2002-02-18,0.0,0.0
2002-02-19,0.0,-0.030240416574340845
2002-02-20,0.0,0.01425788725072974
2002-02-21,0.0,-0.033414621783427245
2002-02-22,0.0,0.004836153451731606
2002-02-25,0.0,0.026291068922727368
2002-02-26,0.0,-0.0017063303726807533
2002-02-27,0.0,-0.008478317467145002
2002-02-28,0.0,-0.011638925040527992
2002-03-01,0.0,0.04114953017343437
2002-03-04,0.0,0.03138555754018868
2002-03-05,0.0,0.003748682313964302
2002-03-06,0.0,0.012918678233286407
2002-03-07,0.0,-0.004639229792636423
2002-03-08,0.0,0.025531055521011092
2002-03-11,0.0,-9.328019816867705e-05
2002-03-12,0.0,-0.016776453881595765
2002-03-13,0.0,-0.018496457788648057
2002-03-14,0.0,-0.004237310891875956
2002-03-15,0.0,0.007636963767568616
2002-03-18,0.0,0.004688754482684798
2002-03-19,0.0,0.002029769959404515
2002-03-20,0.0,-0.025520105057765807
2002-03-21,0.0,0.019619503838242736
2002-03-22,0.0,-0.009332041972785032
2002-03-25,0.0,-0.021011240203306802
2002-03-26,0.0,0.006444173485095073
2002-03-27,0.0,0.0014143418650673922
2002-03-28,0.0,0.010182017243738795
2002-03-29,0.0,0.0
2002-04-01,0.0,0.009358658249112528
2002-04-02,0.0,-0.031257046525861365
2002-04-03,0.0,-0.01111172688982498
2002-04-04,0.0,0.0030263121024463047
2002-04-05,0.0,-0.011018298645062208
2002-04-08,0.0,0.008949000864391987
2002-04-09,0.0,-0.024245885758761854
2002-04-10,0.0,0.014059693441296428
2002-04-11,0.0,-0.0236719541387721
2002-04-12,0.0,0.017939533050474132
2002-04-15,0.0,-0.00137228887534957
2002-04-16,0.0,0.03592810956904513
2002-04-17,0.0,-0.003368578646954168
2002-04-18,0.0,-0.004550801636963087
2002-04-19,0.0,-0.0031069167734669723
2002-04-22,0.0,-0.021231836066850973
2002-04-23,0.0,-0.016142788909864314
2002-04-24,0.0,-0.009796045749556503
2002-04-25,0.0,0.00021011591394604068
2002-04-26,0.0,-0.029065764136079753
2002-04-29,0.0,-0.004182968826064282
2002-04-30,0.0,0.0188903574683299
2002-05-01,0.0,-0.006337998969334735
2002-05-02,0.0,-0.019498906129845728
2002-05-03,0.0,-0.01932734280954751
2002-05-06,0.0,-0.021419316441727676
2002-05-07,0.0,-0.0029522071866606714
2002-05-08,0.0,0.077817031172561
2002-05-09,0.0,-0.027000100218712575
2002-05-10,0.0,-0.030075916848935846
2002-05-13,0.0,0.032289096417528196
2002-05-14,0.0,0.040247134713834454
2002-05-15,0.0,0.0037869753643000603
2002-05-16,0.0,0.002828067410000301
2002-05-17,0.0,0.006327870368230126
2002-05-20,0.0,-0.02285530524466095
2002-05-21,0.0,-0.021985319612832566
2002-05-22,0.0,0.005570310903868503
2002-05-23,0.0,0.01444919178941717
2002-05-24,0.0,-0.021288502206016635
2002-05-27,0.0,0.0
2002-05-28,0.0,-0.0056094228674261615
2002-05-29,0.0,-0.016814250349540316
2002-05-30,0.0,0.004635586281619641
2002-05-31,0.0,-0.009920829452424118
2002-06-03,0.0,-0.03290772591955349
2002-06-04,0.0,0.00995801761212367
2002-06-05,0.0,0.010861024510176787
2002-06-06,0.0,-0.025312488246429954
2002-06-07,0.0,-0.012476847087878218
2002-06-10,0.0,-0.0031195456795268806
2002-06-11,0.0,-0.02189208788193564
2002-06-12,0.0,0.014654216593863012
2002-06-13,0.0,-0.01465322028542837
2002-06-14,0.0,0.005264353379741626
2002-06-17,0.0,0.03226471018249
2002-06-18,0.0,-0.0066504001184581885
2002-06-19,0.0,-0.029897080935345155
2002-06-20,0.0,-0.021431959541163614
2002-06-21,0.0,-0.016241679467485892
2002-06-24,0.0,0.013449367088607556
2002-06-25,0.0,-0.024891463631756983
2002-06-26,0.0,0.003750026334454537
2002-06-27,0.0,0.020897903213393798
2002-06-28,0.0,0.0027480811403508554
2002-07-01,0.0,-0.04060251091777667
2002-07-02,0.0,-0.032753953554637394
2002-07-03,0.0,0.016460208275029142
2002-07-04,0.0,0.0
2002-07-05,0.0,0.04940695711397858
2002-07-08,0.0,-0.029516142395537015
2002-07-09,0.0,-0.017423040530445855
2002-07-10,0.0,-0.025421397126969336
2002-07-11,0.0,0.02111425620909202
2002-07-12,0.0,-0.0006766441361146791
2002-07-15,0.0,0.0066399708773206
2002-07-16,0.0,-0.005323226917012591
2002-07-17,0.0,0.015989703765106222
2002-07-18,0.0,-0.028842368938987284
2002-07-19,0.0,-0.02785659014702091
2002-07-22,0.0,-0.027669332524731804
2002-07-23,0.0,-0.04178848477760899
2002-07-24,0.0,0.049778284040519205
2002-07-25,0.0,-0.03886903885353776
2002-07-26,0.0,0.017773046900199985
2002-07-29,0.0,0.05794219250150556
2002-07-30,0.0,0.006695375397865577
2002-07-31,0.0,-0.011851003206391986
2002-08-01,0.0,-0.03633324800867299
2002-08-02,0.0,-0.025062499999999988
2002-08-05,0.0,-0.03358388358228093
2002-08-06,0.0,0.04439432508851504
2002-08-07,0.0,0.016950498193799568
2002-08-08,0.0,0.027808572097743678
2002-08-09,0.0,-0.00789961413423279
2002-08-12,0.0,0.0005512510335956566
2002-08-13,0.0,-0.02874108536622688
2002-08-14,0.0,0.051225891844195015
2002-08-15,0.0,0.008026680656524121
2002-08-16,0.0,0.011895822335893369
2002-08-19,0.0,0.024636115825747096
2002-08-20,0.0,-0.012871627920317819
2002-08-21,0.0,0.02372529220755637
2002-08-22,0.0,0.00972148305836451
2002-08-23,0.0,-0.0297480586106329
2002-08-26,0.0,0.008054352392403485
2002-08-27,0.0,-0.031586359521174945
2002-08-28,0.0,-0.024781492528454074
2002-08-29,0.0,0.016273832529405396
2002-08-30,0.0,-0.015661378830187922
2002-09-02,0.0,0.0
2002-09-03,0.0,-0.03879529984408869
2002-09-04,0.0,0.022526585643752428
2002-09-05,0.0,-0.03196601434640289
2002-09-06,0.0,0.035411670663469286
2002-09-09,0.0,0.007179803906430804
2002-09-10,0.0,0.011873371148244605
2002-09-11,0.0,-0.0035149118620698694
2002-09-12,0.0,-0.02719221559162266
2002-09-13,0.0,0.009158539634908758
2002-09-16,0.0,-0.012017964999225583
2002-09-17,0.0,-0.012493337931466897
2002-09-18,0.0,-0.0061987078749781155
2002-09-19,0.0,-0.02849544376382651
2002-09-20,0.0,0.0038143779029140568
2002-09-23,0.0,-0.029612886846997255
2002-09-24,0.0,-0.002329251516967279
2002-09-25,0.0,0.03393758934840152
2002-09-26,0.0,-0.0005563327851819677
2002-09-27,0.0,-0.01837738721850657
2002-09-30,0.0,-0.022599152740251593
2002-10-01,0.0,0.035544255413545445
2002-10-02,0.0,-0.021767788287249124
2002-10-03,0.0,-0.018310452286700918
2002-10-04,0.0,-0.022015168674285213
2002-10-07,0.0,-0.0179840336871655
2002-10-08,0.0,0.008763623369662188
2002-10-09,0.0,-0.013372180551004753
2002-10-10,0.0,0.04421466462019019
2002-10-11,0.0,0.04048582995951433
2002-10-14,0.0,0.008310821416474656
2002-10-15,0.0,0.05072386586155209
2002-10-16,0.0,-0.03900377405570632
2002-10-17,0.0,0.032350984242384806
2002-10-18,0.0,0.012237775978746868
2002-10-21,0.0,0.016935070582206224
2002-10-22,0.0,-0.012881107454549734
2002-10-23,0.0,0.0212175123762377
2002-10-24,0.0,-0.016300190118388458
2002-10-25,0.0,0.024963232746340713
2002-10-28,0.0,-0.011493993824795656
2002-10-29,0.0,-0.011620042102703176
2002-10-30,0.0,0.020137788918449306
2002-10-31,0.0,0.0022762732432370925
2002-11-01,0.0,0.023275051701447724
2002-11-04,0.0,0.026339384140515953
2002-11-05,0.0,0.003315336474429831
2002-11-06,0.0,0.012717942862036757
2002-11-07,0.0,-0.029795840703598975
2002-11-08,0.0,-0.012660618430896942
2002-11-11,0.0,-0.02949355541168852
2002-11-12,0.0,0.02302170271151227
2002-11-13,0.0,0.008728770858650314
2002-11-14,0.0,0.03686074015308449
2002-11-15,0.0,-0.00026921333031049155
2002-11-18,0.0,-0.012365888572359984
2002-11-19,0.0,-0.013762027423602108
2002-11-20,0.0,0.03262253457595787
2002-11-21,0.0,0.033959206679113674
2002-11-22,0.0,0.0008108752683042564
2002-11-25,0.0,0.008960061004670727
2002-11-26,0.0,-0.025285106957284587
2002-11-27,0.0,0.030122608918396798
2002-11-28,0.0,0.0
2002-11-29,0.0,-0.00615616221084192
2002-12-02,0.0,0.004057398666468259
2002-12-03,0.0,-0.024124786163606693
2002-12-04,0.0,-0.01284369478798597
2002-12-05,0.0,-0.01370293983989923
2002-12-06,0.0,0.008286372496898897
2002-12-09,0.0,-0.03887685948089192
2002-12-10,0.0,0.017276943107509046
2002-12-11,0.0,0.004191952601455329
2002-12-12,0.0,0.002119448084262343
2002-12-13,0.0,-0.026529956057304016
2002-12-16,0.0,0.02782548700107146
2002-12-17,0.0,-0.005912891961180611
2002-12-18,0.0,-0.021938867138392992
2002-12-19,0.0,-0.005442486650851008
2002-12-20,0.0,0.00660955616276504
2002-12-23,0.0,0.013675213675213849
2002-12-24,0.0,-0.006672987428439137
2002-12-25,0.0,0.0
2002-12-26,0.0,-0.0033370492615503178
2002-12-27,0.0,-0.014314016477933289
2002-12-30,0.0,-0.006504438890166164
2002-12-31,0.0,-0.003008495453663218
2003-01-01,0.0,0.0
2003-01-02,0.0,0.03694468779717108
2003-01-03,0.0,0.0016102827020976207
2003-01-06,0.0,0.024684949678461132
2003-01-07,0.0,0.007211606112627722
2003-01-08,0.0,-0.021305280216824873
2003-01-09,0.0,0.02668674655798786
2003-01-10,0.0,0.006437440040042874
2003-01-13,0.0,-0.0011604453899926037
2003-01-14,0.0,0.010338579845647455
2003-01-15,0.0,-0.015188331200076677
2003-01-16,0.0,-0.0104601056435919
2003-01-17,0.0,-0.03340474100087798
2003-01-20,0.0,0.0
2003-01-21,0.0,-0.00867612756959435
2003-01-22,0.0,-0.004412680960234505
2003-01-23,0.0,0.02609278251842473
2003-01-24,0.0,-0.03835197715384564
2003-01-27,0.0,-0.014848308486666406
2003-01-28,0.0,0.019828526417838166
2003-01-29,0.0,0.012484218343854492
2003-01-30,0.0,-0.030257241566481574
2003-01-31,0.0,0.006792429995613025
2003-02-03,0.0,0.0035460992907800915
2003-02-04,0.0,-0.022167155776486758
2003-02-05,0.0,-0.0035677372430426013
2003-02-06,0.0,-0.007698868220270549
2003-02-07,0.0,-0.01001184696508639
2003-02-10,0.0,0.01566630688128634
2003-02-11,0.0,-0.009856996542350394
2003-02-12,0.0,-0.005467540851007535
2003-02-13,0.0,-0.01325523562256603
2003-02-14,0.0,0.03850085988952201
2003-02-17,0.0,0.0
2003-02-18,0.0,0.027892885215626162
2003-02-19,0.0,-0.018412377869509777
2003-02-20,0.0,0.005271836141953923
2003-02-21,0.0,0.017290025506173423
2003-02-24,0.0,-0.022654152521688897
2003-02-25,0.0,0.007499394599830289
2003-02-26,0.0,-0.021421865024223496
2003-02-27,0.0,0.022228533269881723
2003-02-28,0.0,0.008214508293349576
2003-03-03,0.0,-0.019274165319908
2003-03-04,0.0,-0.007274936401260534
2003-03-05,0.0,0.00797080939668171
2003-03-06,0.0,-0.013569200646586177
2003-03-07,0.0,0.008247359229425877
2003-03-10,0.0,-0.02544771962488457
2003-03-11,0.0,-0.0060289074366964845
2003-03-12,0.0,0.007963890726911727
2003-03-13,0.0,0.04782000484530213
2003-03-14,0.0,0.0012306269484927412
2003-03-17,0.0,0.03723099156008125
2003-03-18,0.0,0.005845979273346069
2003-03-19,0.0,-0.015693834564992293
2003-03-20,0.0,0.02382178634382015
2003-03-21,0.0,0.010145882486307878
2003-03-24,0.0,-0.04023202149074523
2003-03-25,0.0,0.023217404649327422
2003-03-26,0.0,-0.011991657977059589
2003-03-27,0.0,0.006585462825749122
2003-03-28,0.0,-0.01764503109604576
2003-03-31,0.0,-0.007961166468063996
2003-04-01,0.0,-0.0004642593957259189
2003-04-02,0.0,0.03280078444672174
2003-04-03,0.0,0.008009365675370805
2003-04-04,0.0,-0.023978811398787547
2003-04-07,0.0,0.008191725559054452
2003-04-08,0.0,0.002166231261379936
2003-04-09,0.0,-0.025794961652256365
2003-04-10,0.0,0.00848444641014301
2003-04-11,0.0,-0.010503541381906345
2003-04-14,0.0,0.024199624743303838
2003-04-15,0.0,0.0054309412188964235
2003-04-16,0.0,-0.0014633831409653908
2003-04-17,0.0,0.024073448803511477
2003-04-18,0.0,0.0
2003-04-21,0.0,-0.008270782181690639
2003-04-22,0.0,0.02732526472897545
2003-04-23,0.0,0.010837682636297252
2003-04-24,0.0,-0.0014713094654241754
2003-04-25,0.0,-0.023125409299279642
2003-04-28,0.0,0.02330973031102923
2003-04-29,0.0,-0.004039852599972749
2003-04-30,0.0,0.00905116890947455
2003-05-01,0.0,0.004182821910924783
2003-05-02,0.0,0.01715522196301178
2003-05-05,0.0,-0.0010370823416786523
2003-05-06,0.0,0.019405587424966342
2003-05-07,0.0,-0.018775051899048156
2003-05-08,0.0,0.0006520032467101089
2003-05-09,0.0,0.010711151299167554
2003-05-12,0.0,0.01595895141926773
2003-05-13,0.0,0.0027065351817197048
2003-05-14,0.0,-0.014497058614610592
2003-05-15,0.0,0.006480401535901015
2003-05-16,0.0,-0.0010937286381125233
2003-05-19,0.0,-0.027301463160295802
2003-05-20,0.0,-0.008261527947147629
2003-05-21,0.0,-0.001337720335375936
2003-05-22,0.0,0.0234414639921523
2003-05-23,0.0,0.0011171337916446866
2003-05-26,0.0,0.0
2003-05-27,0.0,0.028914023862818494
2003-05-28,0.0,0.008708319429114209
2003-05-29,0.0,0.012348506536883352
2003-05-30,0.0,0.005442228171386176
2003-06-02,0.0,-0.008400420021001054
2003-06-03,0.0,0.010879431193585809
2003-06-04,0.0,0.02171798421190463
2003-06-05,0.0,0.004540544499167076
2003-06-06,0.0,-0.012654844138249466
2003-06-09,0.0,-0.0171427164990956
2003-06-10,0.0,0.019063180827886717
2003-06-11,0.0,0.012163880646528735
2003-06-12,0.0,-0.0009043621818799474
2003-06-13,0.0,-0.013340785381026454
2003-06-16,0.0,0.026876092899539517
2003-06-17,0.0,0.003789491356721797
2003-06-18,0.0,0.006540866978477888
2003-06-19,0.0,-0.022699757869249382
2003-06-20,0.0,-0.00477292186617595
2003-06-23,0.0,-0.02286857888988547
2003-06-24,0.0,-0.001998189141090956
2003-06-25,0.0,0.0012701392147660417
2003-06-26,0.0,0.022414827405204063
2003-06-27,0.0,-0.00910674449164206
2003-06-30,0.0,0.0001171935235158017
2003-07-01,0.0,0.01253823761594619
2003-07-02,0.0,0.02253665251527326
2003-07-03,0.0,-0.01061491449096652
2003-07-04,0.0,0.0
2003-07-07,0.0,0.03630452451910049
2003-07-08,0.0,0.015215686274509865
2003-07-09,0.0,0.006146133772833462
2003-07-10,0.0,-0.028830950187125337
2003-07-11,0.0,0.017522796619599657
2003-07-14,0.0,0.006601780811668068
2003-07-15,0.0,-0.0038767668450666593
2003-07-16,0.0,-0.0045691980942539345
2003-07-17,0.0,-0.023452547083857134
2003-07-18,0.0,0.012619060272694549
2003-07-21,0.0,-0.02312752210118718
2003-07-22,0.0,0.020988789264437147
2003-07-23,0.0,0.00567138697568903
2003-07-24,0.0,-0.011482291109509046
2003-07-25,0.0,0.018008692634785994
2003-07-28,0.0,0.005592434037587024
2003-07-29,0.0,-0.015730298347112148
2003-07-30,0.0,0.0022530804746645483
2003-07-31,0.0,0.02347021379442893
2003-08-01,0.0,-0.024673233297484276
2003-08-04,0.0,0.0054025355744715675
2003-08-05,0.0,-0.03030865737812416
2003-08-06,0.0,0.0026450593642282083
2003-08-07,0.0,-0.010164372769269292
2003-08-08,0.0,-0.010582297715309052
2003-08-11,0.0,0.016564282580078915
2003-08-12,0.0,0.011642267064734035
2003-08-13,0.0,0.0049482067935620044
2003-08-14,0.0,0.002659464686908475
2003-08-15,0.0,0.0029347071762118038
2003-08-18,0.0,0.020089953264177618
2003-08-19,0.0,0.012669652044447366
2003-08-20,0.0,0.003911150468600022
2003-08-21,0.0,-0.0031382172664148333
2003-08-22,0.0,0.0013216333800347702
2003-08-25,0.0,-0.0074661530618025385
2003-08-26,0.0,0.010901079834714666
2003-08-27,0.0,0.00671853298856151
2003-08-28,0.0,0.009831082596796659
2003-08-29,0.0,0.007314025490794851
2003-09-01,0.0,0.0
2003-09-02,0.0,0.015249583751419715
2003-09-03,0.0,0.002731498577231317
2003-09-04,0.0,0.012721295850008918
2003-09-05,0.0,-0.01032620320855615
2003-09-08,0.0,0.020511268770026403
2003-09-09,0.0,-0.011034336695523339
2003-09-10,0.0,-0.0235569999089843
2003-09-11,0.0,0.015785635565108258
2003-09-12,0.0,0.001317067904566649
2003-09-15,0.0,-0.006064559254786994
2003-09-16,0.0,0.023907277943800542
2003-09-17,0.0,-0.0025266570261723853
2003-09-18,0.0,0.014555785672561328
2003-09-19,0.0,-0.002412968265018134
2003-09-22,0.0,-0.02047326722283438
2003-09-23,0.0,0.018667509427493956
2003-09-24,0.0,-0.03065629716100604
2003-09-25,0.0,-0.014228910237980341
2003-09-26,0.0,-0.013834470614131678
2003-09-29,0.0,0.018152294008013214
2003-09-30,0.0,-0.011991735129535885
2003-10-01,0.0,0.016386440414708936
2003-10-02,0.0,-0.004699140401146051
2003-10-03,0.0,0.03727709416332159
2003-10-06,0.0,0.0013744832471638269
2003-10-07,0.0,0.0072114115572636805
2003-10-08,0.0,-0.008328616055517157
2003-10-09,0.0,0.0038160878228743478
2003-10-10,0.0,0.007745325688049309
2003-10-13,0.0,0.00420080254138111
2003-10-14,0.0,0.011118857832629114
2003-10-15,0.0,-0.005300180617805461
2003-10-16,0.0,0.00968945127597598
2003-10-17,0.0,-0.021273107349264242
2003-10-20,0.0,0.007810536895887399
2003-10-21,0.0,0.014191028278168982
2003-10-22,0.0,-0.0282307629271491
2003-10-23,0.0,-0.0021925201332376743
2003-10-24,0.0,-0.027244876399746487
2003-10-27,0.0,0.01737600590784205
2003-10-28,0.0,0.031297701775173215
2003-10-29,0.0,0.0026445716414975617
2003-10-30,0.0,-0.003922843855329594
2003-10-31,0.0,0.003819107976598346
2003-11-03,0.0,0.016581145399919395
2003-11-04,0.0,-0.007931913510658806
2003-11-05,0.0,0.00640343154317069
2003-11-06,0.0,0.005981232357653354
2003-11-07,0.0,-0.004600816012862108
2003-11-10,0.0,-0.014770343506991468
2003-11-11,0.0,-0.00836714388084936
2003-11-12,0.0,0.025791525864309772
2003-11-13,0.0,-0.0013734662537819853
2003-11-14,0.0,-0.0203714981729598
2003-11-17,0.0,-0.020484287090858255
2003-11-18,0.0,-0.004744224422442267
2003-11-19,0.0,0.011521190381293955
2003-11-20,0.0,-0.011831273017657629
2003-11-21,0.0,0.006332041405489708
2003-11-24,0.0,0.02869792161959417
2003-11-25,0.0,0.004652978214201298
2003-11-26,0.0,-0.013071260607299795
2003-11-27,0.0,0.0
2003-11-28,0.0,0.01679762564551468
2003-12-01,0.0,0.013631778957342133
2003-12-02,0.0,-0.0058246474555486705
2003-12-03,0.0,-0.009149593323324323
2003-12-04,0.0,-0.008907572456928858
2003-12-05,0.0,-0.003649616249800647
2003-12-08,0.0,0.006902323851248893
2003-12-09,0.0,-0.021601485935944686
2003-12-10,0.0,-0.010163411717815762
2003-12-11,0.0,0.030972841808568186
2003-12-12,0.0,0.0015930767965794956
2003-12-15,0.0,-0.015782290587064263
2003-12-16,0.0,0.003143473773106864
2003-12-17,0.0,-0.005009639919138942
2003-12-18,0.0,0.02123103439270868
2003-12-19,0.0,-0.0021889224159975518
2003-12-22,0.0,-0.00481799263974747
2003-12-23,0.0,0.01707852205889937
2003-12-24,0.0,-0.00023800119506989237
2003-12-25,0.0,0.0
2003-12-26,0.0,-0.0005926121024559805
2003-12-29,0.0,0.01689692571231638
2003-12-30,0.0,0.0018191060962482464
2003-12-31,0.0,-0.0067209583459777456
2004-01-01,0.0,0.0
2004-01-02,0.0,0.001577666255972554
2004-01-05,0.0,0.023797736739725073
2004-01-06,0.0,0.006925992497655464
2004-01-07,0.0,0.008027979083597758
2004-01-08,0.0,0.010663638244734264
2004-01-09,0.0,0.006227830020235636
2004-01-12,0.0,-0.0003832813616424513
2004-01-13,0.0,-0.010967943498759847
2004-01-14,0.0,0.010711465288247624
2004-01-15,0.0,0.004678628423141262
2004-01-16,0.0,0.0088894754455342
2004-01-19,0.0,0.0
2004-01-20,0.0,-0.0047980116516466165
2004-01-21,0.0,0.0047178668669609625
2004-01-22,0.0,-0.009924074290386553
2004-01-23,0.0,-0.004983459256917344
2004-01-26,0.0,0.02152291968033393
2004-01-27,0.0,-0.01754548873402262
2004-01-28,0.0,-0.020268993024706417
2004-01-29,0.0,-0.015474037093312187
2004-01-30,0.0,0.011939815880886107
2004-02-02,0.0,0.009707374699821747
2004-02-03,0.0,-0.0067370258308597775
2004-02-04,0.0,-0.0277681226586336
2004-02-05,0.0,-0.0005610947803289523
2004-02-06,0.0,0.02544726474197523
2004-02-09,0.0,-0.0017296427827385719
2004-02-10,0.0,0.007226611791656179
2004-02-11,0.0,0.00690492596358161
2004-02-12,0.0,-0.008422422786481976
2004-02-13,0.0,-0.010762236614769716
2004-02-16,0.0,0.0
2004-02-17,0.0,0.017055655296229544
2004-02-18,0.0,-0.00601039947810722
2004-02-19,0.0,-0.012658105675637854
2004-02-20,0.0,-0.011324757082249892
2004-02-23,0.0,-0.011469307243955118
2004-02-24,0.0,0.009241894588390531
2004-02-25,0.0,0.0030375556843915685
2004-02-26,0.0,0.0064074696176268375
2004-02-27,0.0,-0.009002685097463714
2004-03-01,0.0,0.019303259808899353
2004-03-02,0.0,-0.008820099134998594
2004-03-03,0.0,-0.00016669526634482956
2004-03-04,0.0,0.007752622210453586
2004-03-05,0.0,0.006763595313169057
2004-03-08,0.0,-0.029115233298856458
2004-03-09,0.0,-0.010698035623612379
2004-03-10,0.0,-0.012157259383381303
2004-03-11,0.0,-0.009800675451956842
2004-03-12,0.0,0.021009419257262518
2004-03-15,0.0,-0.022940148030210605
2004-03-16,0.0,-0.005935437293729362
2004-03-17,0.0,0.027296920147948933
2004-03-18,0.0,-0.01653781478657379
2004-03-19,0.0,-0.0036404526689806094
2004-03-22,0.0,-0.022077125644818008
2004-03-23,0.0,0.0006903347860225395
2004-03-24,0.0,0.012412187852170131
2004-03-25,0.0,0.023230048218214838
2004-03-26,0.0,-0.003634662993030613
2004-03-29,0.0,0.01847430128264005
2004-03-30,0.0,0.0022292020458565265
2004-03-31,0.0,0.001659435791830699
2004-04-01,0.0,0.007529940119760381
2004-04-02,0.0,0.01885998147680401
2004-04-05,0.0,0.010669998104191558
2004-04-06,0.0,-0.01240909615606589
2004-04-07,0.0,0.003467554984123211
2004-04-08,0.0,-0.006959678515268686
2004-04-09,0.0,0.0
2004-04-12,0.0,0.011411954449929151
2004-04-13,0.0,-0.020899272753630127
2004-04-14,0.0,-0.006030993978876742
2004-04-15,0.0,-0.012299029781825066
2004-04-16,0.0,0.009028709889855824
2004-04-19,0.0,0.006616280633927385
2004-04-20,0.0,-0.020698359276398737
2004-04-21,0.0,0.008733315475859538
2004-04-22,0.0,0.019780451022340717
2004-04-23,0.0,-0.00044708876431542866
2004-04-26,0.0,-0.001341866226259314
2004-04-27,0.0,-0.0020228866740493734
2004-04-28,0.0,-0.02076305458562666
2004-04-29,0.0,-0.019863613928704615
2004-04-30,0.0,-0.01372488566877339
2004-05-03,0.0,0.0034906923553836844
2004-05-04,0.0,0.022781905310759187
2004-05-05,0.0,-0.0013401219307909162
2004-05-06,0.0,-0.022380586886795784
2004-05-07,0.0,-0.0027764779285602836
2004-05-10,0.0,-0.005203445327326972
2004-05-11,0.0,0.01231669095063892
2004-05-12,0.0,-0.002200385196843846
2004-05-13,0.0,0.0055208771137849055
2004-05-14,0.0,-0.020796028629371355
2004-05-17,0.0,-0.0051803095537976684
2004-05-18,0.0,0.008290336592962966
2004-05-19,0.0,-0.0027477290518496122
2004-05-20,0.0,-0.0042040713111645145
2004-05-21,0.0,0.005115914886412831
2004-05-24,0.0,0.008269073874253241
2004-05-25,0.0,0.026686713023867714
2004-05-26,0.0,0.004820306303008115
2004-05-27,0.0,-0.0036029471297871485
2004-05-28,0.0,0.011056149189452746
2004-05-31,0.0,0.0
2004-06-01,0.0,-0.009091776714000743
2004-06-02,0.0,0.01298214131828801
2004-06-03,0.0,-0.019045998638856587
2004-06-04,0.0,0.017977207105180026
2004-06-07,0.0,0.012588323728388806
2004-06-08,0.0,0.0014451010086014016
2004-06-09,0.0,-0.01657985510540927
2004-06-10,0.0,-0.0005527665968170226
2004-06-11,0.0,0.0
2004-06-14,0.0,-0.012775970516217594
2004-06-15,0.0,0.021950822009900728
2004-06-16,0.0,-0.002247605378305373
2004-06-17,0.0,-0.012896651965215944
2004-06-18,0.0,0.012225173940543899
2004-06-21,0.0,-0.013987132637809263
2004-06-22,0.0,0.011376829595980409
2004-06-23,0.0,0.01421646523332365
2004-06-24,0.0,-0.004670749247490447
2004-06-25,0.0,0.009976263544180464
2004-06-28,0.0,-0.009902304473737189
2004-06-29,0.0,0.011853624865299617
2004-06-30,0.0,0.008858460934432655
2004-07-01,0.0,-0.023827013353440507
2004-07-02,0.0,-0.00501328070883611
2004-07-05,0.0,0.0
2004-07-06,0.0,-0.018992191765041633
2004-07-07,0.0,0.009307241064180571
2004-07-08,0.0,-0.021422212330291623
2004-07-09,0.0,0.002920545650971551
2004-07-12,0.0,0.0005257135788725442
2004-07-13,0.0,-0.005486184088520751
2004-07-14,0.0,0.003672452462718745
2004-07-15,0.0,-0.0061516865529912534
2004-07-16,0.0,-0.02224056995679624
2004-07-19,0.0,-0.006792605141986097
2004-07-20,0.0,0.02509437796100822
2004-07-21,0.0,-0.02227357373491845
2004-07-22,0.0,0.009928669366240372
2004-07-23,0.0,-0.02452746463248423
2004-07-26,0.0,-0.009471717527280599
2004-07-27,0.0,0.023569483778552947
2004-07-28,0.0,-0.0016932223035301952
2004-07-29,0.0,-0.000738362760834721
2004-07-30,0.0,0.015361797367772878
2004-08-02,0.0,-0.0016769410064809698
2004-08-03,0.0,-0.01793854621711133
2004-08-04,0.0,0.00302823302871702
2004-08-05,0.0,-0.0239114114114114
2004-08-06,0.0,-0.024524642761000193
2004-08-09,0.0,-0.0005237754636537861
2004-08-10,0.0,0.019192624983095152
2004-08-11,0.0,-0.014529772764969251
2004-08-12,0.0,-0.01679177747107863
2004-08-13,0.0,0.002699016827485412
2004-08-16,0.0,0.01457984771400267
2004-08-17,0.0,0.006960804110295982
2004-08-18,0.0,0.02011976047904196
2004-08-19,0.0,-0.006268531208876271
2004-08-20,0.0,0.009956645731335367
2004-08-23,0.0,0.00037540600976049276
2004-08-24,0.0,-0.0009843911459183063
2004-08-25,0.0,0.012973014170690744
2004-08-26,0.0,-0.004191925706178212
2004-08-27,0.0,0.004943548561189726
2004-08-30,0.0,-0.013742696339577254
2004-08-31,0.0,0.000876672347793761
2004-09-01,0.0,0.006697132908982217
2004-09-02,0.0,0.012440486162526243
2004-09-03,0.0,-0.01545293926114133
2004-09-06,0.0,0.0
2004-09-07,0.0,0.007633587786259444
2004-09-08,0.0,-0.0042613636363635354
2004-09-09,0.0,0.01027212207668704
2004-09-10,0.0,0.013189634423555141
2004-09-13,0.0,0.008483299987858572
2004-09-14,0.0,0.0026277494529884926
2004-09-15,0.0,-0.009856948940169197
2004-09-16,0.0,0.003986248497247491
2004-09-17,0.0,0.0031563799840341744
2004-09-20,0.0,-0.0010575417912245255
2004-09-21,0.0,0.006865576210516533
2004-09-22,0.0,-0.01845750245943878
2004-09-23,0.0,0.000381819049588783
2004-09-24,0.0,-0.0036842077363061776
2004-09-27,0.0,-0.010428416370485416
2004-09-28,0.0,0.005371314278340478
2004-09-29,0.0,0.01287255263734921
2004-09-30,0.0,0.0015311995100160125
2004-10-01,0.0,0.023913456063769267
2004-10-04,0.0,0.005251776336113734
2004-10-05,0.0,0.0015877893874205462
2004-10-06,0.0,0.007941702889286528
2004-10-07,0.0,-0.011420424854010292
2004-10-08,0.0,-0.014652146244328978
2004-10-11,0.0,0.004578196534320789
2004-10-12,0.0,-0.0018612994877537092
2004-10-13,0.0,-0.0024101767636105498
2004-10-14,0.0,-0.009117274918902574
2004-10-15,0.0,0.004456075080661259
2004-10-18,0.0,0.01308919696573363
2004-10-19,0.0,-0.007033234874930239
2004-10-20,0.0,0.005236881793124981
2004-10-21,0.0,0.010683042157922706
2004-10-22,0.0,-0.019696768051104985
2004-10-25,0.0,-0.00057437054210141
2004-10-26,0.0,0.007706213036300147
2004-10-27,0.0,0.021360542101524826
2004-10-28,0.0,0.0029187965421144657
2004-10-29,0.0,-0.0003796046038446743
2004-11-01,0.0,0.002470898586828252
2004-11-02,0.0,0.002485011642178625
2004-11-03,0.0,0.009844870238161274
2004-11-04,0.0,0.009629152884006231
2004-11-05,0.0,0.00756561229078434
2004-11-08,0.0,0.00015203978537869922
2004-11-09,0.0,0.002000735564545719
2004-11-10,0.0,-0.004292013526938865
2004-11-11,0.0,0.013128145643284128
2004-11-12,0.0,0.011677266927670793
2004-11-15,0.0,0.0041959584528181715
2004-11-16,0.0,-0.0073874570815963825
2004-11-17,0.0,0.010131722007870492
2004-11-18,0.0,0.0021908100281948784
2004-11-19,0.0,-0.01599121789875879
2004-11-22,0.0,0.007031676349710025
2004-11-23,0.0,-0.0004364110704538904
2004-11-24,0.0,0.008760819083808213
2004-11-25,0.0,0.0
2004-11-26,0.0,-0.0002711006687150519
2004-11-29,0.0,0.0023311464959061556
2004-11-30,0.0,-0.00477485559146984
2004-12-01,0.0,0.01975381651174879
2004-12-02,0.0,0.00249739270331073
2004-12-03,0.0,0.0020479853702000117
2004-12-06,0.0,0.0015316858786942333
2004-12-07,0.0,-0.017013364323067992
2004-12-08,0.0,0.005419336533232455
2004-12-09,0.0,0.0013639933963907058
2004-12-10,0.0,-0.00044151976740369747
2004-12-13,0.0,0.00960024811213911
2004-12-14,0.0,0.005278101000698143
2004-12-15,0.0,0.0012547225720422883
2004-12-16,0.0,-0.0075836396846316045
2004-12-17,0.0,-0.005102159681289908
2004-12-20,0.0,-0.003442300487073724
2004-12-21,0.0,0.010837230067908932
2004-12-22,0.0,0.0028453073350351854
2004-12-23,0.0,0.0016643254845782884
2004-12-24,0.0,0.0
2004-12-27,0.0,-0.0029621127269024994
2004-12-28,0.0,0.010662792101085339
2004-12-29,0.0,-8.726845153617102e-05
2004-12-30,0.0,0.0006155259531466228
2004-12-31,0.0,-0.0013312889631554858
2005-01-03,0.0,-0.010705880189754713
2005-01-04,0.0,-0.020579420579420526
2005-01-05,0.0,-0.00788477413110944
2005-01-06,0.0,-0.0005929496375355336
2005-01-07,0.0,-0.000665071770334813
2005-01-10,0.0,0.004036177170462674
2005-01-11,0.0,-0.00830694693472711
2005-01-12,0.0,0.006207864898394977
2005-01-13,0.0,-0.010499252101523138
2005-01-14,0.0,0.008379375627849406
2005-01-17,0.0,0.0
2005-01-18,0.0,0.008683324472798182
2005-01-19,0.0,-0.015408064424227375
2005-01-20,0.0,-0.01336329746960585
2005-01-21,0.0,-0.0056748196375154825
2005-01-24,0.0,-0.012569619568690404
2005-01-25,0.0,0.005600637228057925
2005-01-26,0.0,0.012940914379068635
2005-01-27,0.0,0.0005180612778519222
2005-01-28,0.0,-0.005529638766089473
2005-01-31,0.0,0.013056099969054324
2005-02-01,0.0,0.003049830053190261
2005-02-02,0.0,0.0030743945473004075
2005-02-03,0.0,-0.008394937977697081
2005-02-04,0.0,0.014103536089889346
2005-02-07,0.0,-0.002218856929255164
2005-02-08,0.0,0.0022333972132964064
2005-02-09,0.0,-0.01635612551996457
2005-02-10,0.0,0.00026795936761581096
2005-02-11,0.0,0.0114753299887973
2005-02-14,0.0,0.003009640480386766
2005-02-15,0.0,0.0030246146016872366
2005-02-16,0.0,-0.0008519966877432728
2005-02-17,0.0,-0.012498622708306262
2005-02-18,0.0,-0.0013195300144567268
2005-02-21,0.0,0.0
2005-02-22,0.0,-0.013747073282101563
2005-02-23,0.0,0.000458055872965879
2005-02-24,0.0,0.010067692307692111
2005-02-25,0.0,0.0066773894818932256
2005-02-28,0.0,-0.006623414350731216
2005-03-01,0.0,0.009518842727077814
2005-03-02,0.0,-0.0018105009052504784
2005-03-03,0.0,-0.0044014510278113095
2005-03-04,0.0,0.00593179168286051
2005-03-07,0.0,0.009465809592342334
2005-03-08,0.0,-0.007970491003296276
2005-03-09,0.0,-0.005912565407152126
2005-03-10,0.0,-0.0007616589611361135
2005-03-11,0.0,-0.00879731225603475
2005-03-14,0.0,0.004623824451410741
2005-03-15,0.0,-0.00783017396052732
2005-03-16,0.0,-0.00944972432161495
2005-03-17,0.0,0.0003323824879077897
2005-03-18,0.0,-0.004279862330268558
2005-03-21,0.0,-0.00013945681570282087
2005-03-22,0.0,-0.009051013444515865
2005-03-23,0.0,0.00044235776689771633
2005-03-24,0.0,0.0004220638924339326
2005-03-25,0.0,0.0
2005-03-28,0.0,0.0007332777515494104
2005-03-29,0.0,-0.009354987653825253
2005-03-30,0.0,0.016105335684033495
2005-03-31,0.0,-0.003210897106702526
2005-04-01,0.0,-0.007212776919113928
2005-04-04,0.0,0.003153954282777649
2005-04-05,0.0,0.004143500730762861
2005-04-06,0.0,-9.003061040746552e-05
2005-04-07,0.0,0.009829226567424021
2005-04-08,0.0,-0.00962953056038518
2005-04-11,0.0,-0.003616175256958565
2005-04-12,0.0,0.006666265084432688
2005-04-13,0.0,-0.015473222299790645
2005-04-14,0.0,-0.014009532154560578
2005-04-15,0.0,-0.019807778251511476
2005-04-18,0.0,0.002499803474569573
2005-04-19,0.0,0.010162474123329712
2005-04-20,0.0,-0.009625535614481762
2005-04-21,0.0,0.025421160438090507
2005-04-22,0.0,-0.015399432330654661
2005-04-25,0.0,0.009621207024153922
2005-04-26,0.0,-0.01196444499123428
2005-04-27,0.0,0.001551280454903825
2005-04-28,0.0,-0.013598006661728168
2005-04-29,0.0,0.009174552825888416
2005-05-02,0.0,0.003642702885541027
2005-05-03,0.0,0.0022917584839134975
2005-05-04,0.0,0.015084813276291076
2005-05-05,0.0,-0.00021913842923615423
2005-05-06,0.0,0.002829034560097865
2005-05-09,0.0,0.006262230919765299
2005-05-10,0.0,-0.008536776331408813
2005-05-11,0.0,0.004473269919552436
2005-05-12,0.0,-0.0038903400877481342
2005-05-13,0.0,0.006568629447827767
2005-05-16,0.0,0.008928661763069279
2005-05-17,0.0,0.004873572900528034
2005-05-18,0.0,0.013222563181398694
2005-05-19,0.0,0.005874966143845528
2005-05-20,0.0,0.0018799753253240237
2005-05-23,0.0,0.004998973817691432
2005-05-24,0.0,0.0024165511876108603
2005-05-25,0.0,-0.005578137581125575
2005-05-26,0.0,0.010301835990088382
2005-05-27,0.0,0.0021677835499509523
2005-05-30,0.0,0.0
2005-05-31,0.0,-0.0036180042683779945
2005-06-01,0.0,0.009496088423862181
2005-06-02,0.0,0.004760855612924164
2005-06-03,0.0,-0.012570311755172203
2005-06-06,0.0,0.0020903433859702503
2005-06-07,0.0,-0.004143060854819636
2005-06-08,0.0,-0.003376613324561295
2005-06-09,0.0,0.008120649651972123
2005-06-10,0.0,-0.006697449576534287
2005-06-13,0.0,0.002888996606883243
2005-06-14,0.0,0.00021266723377921792
2005-06-15,0.0,0.002667439837634067
2005-06-16,0.0,0.0068580957338113535
2005-06-17,0.0,0.0004595170284564798
2005-06-20,0.0,-0.0009473185621809987
2005-06-21,0.0,0.0017096636703652912
2005-06-22,0.0,0.0002868480183584321
2005-06-23,0.0,-0.010342685083401193
2005-06-24,0.0,-0.008398288468410953
2005-06-27,0.0,-0.003930316032474956
2005-06-28,0.0,0.012072168981028586
2005-06-29,0.0,-0.00048311746034812586
2005-06-30,0.0,-0.005766377139432177
2005-07-01,0.0,0.0001993232731798411
2005-07-04,0.0,0.0
2005-07-05,0.0,0.01039190811570112
2005-07-06,0.0,-0.004858689116055248
2005-07-07,0.0,0.0033886834408913824
2005-07-08,0.0,0.017931645837950372
2005-07-11,0.0,0.010672636401499291
2005-07-12,0.0,0.0036151969392581584
2005-07-13,0.0,0.00044793878169979706
2005-07-14,0.0,0.004062291580189559
2005-07-15,0.0,0.0018394477940562037
2005-07-18,0.0,-0.005522120939548958
2005-07-19,0.0,0.013198935133597711
2005-07-20,0.0,0.007081787978906684
2005-07-21,0.0,-0.004555486002275622
2005-07-22,0.0,0.000523271825943139
2005-07-25,0.0,-0.005964014056722311
2005-07-26,0.0,0.004269086277079781
2005-07-27,0.0,0.004701308369983392
2005-07-28,0.0,0.0055895564032897305
2005-07-29,0.0,-0.006190753443350849
2005-08-01,0.0,0.004828750978337126
2005-08-02,0.0,0.010371780739553138
2005-08-03,0.0,-0.0006041070261254555
2005-08-04,0.0,-0.011498504607972637
2005-08-05,0.0,-0.006119599145720578
2005-08-08,0.0,-0.006207786363991108
2005-08-09,0.0,0.004527834632390704
2005-08-10,0.0,-0.0075338401887600215
2005-08-11,0.0,0.007757865613747361
2005-08-12,0.0,-0.008116621829803883
2005-08-15,0.0,0.004868097732857235
2005-08-16,0.0,-0.013749192580972625
2005-08-17,0.0,0.003531998502994016
2005-08-18,0.0,-0.003892501689858441
2005-08-19,0.0,-0.0005803070011233258
2005-08-22,0.0,0.00273932832605972
2005-08-23,0.0,-0.0019426452664365046
2005-08-24,0.0,-0.0039022107848871723
2005-08-25,0.0,0.0025646927300826405
2005-08-26,0.0,-0.0063719036530685
2005-08-29,0.0,0.007959373246509527
2005-08-30,0.0,-0.0036909690548031504
2005-08-31,0.0,0.010865073998948205
2005-09-01,0.0,-0.0023224487900042057
2005-09-02,0.0,-0.0028865403417293045
2005-09-05,0.0,0.0
2005-09-06,0.0,0.011747677078956187
2005-09-07,0.0,0.0025105452128886263
2005-09-08,0.0,-0.0027620494406850327
2005-09-09,0.0,0.004251488713474583
2005-09-12,0.0,0.003364728270612183
2005-09-13,0.0,-0.0050759793479107085
2005-09-14,0.0,-0.010323471854495225
2005-09-15,0.0,-0.0014795308305378674
2005-09-16,0.0,0.006616499312722679
2005-09-19,0.0,-0.006984979285763693
2005-09-20,0.0,-0.006493385417152386
2005-09-21,0.0,-0.011584315896646769
2005-09-22,0.0,0.001965214749553912
2005-09-23,0.0,0.002870976605804376
2005-09-26,0.0,0.0021824984410725445
2005-09-27,0.0,-0.002375722379870493
2005-09-28,0.0,-0.0004819459275569038
2005-09-29,0.0,0.012205729412876787
2005-09-30,0.0,0.00488973575811924
2005-10-03,0.0,0.0017381686023543175
2005-10-04,0.0,-0.007455588908013566
2005-10-05,0.0,-0.016902251140528124
2005-10-06,0.0,-0.008748573602129883
2005-10-07,0.0,0.0026621258633920952
2005-10-10,0.0,-0.005467983830458989
2005-10-11,0.0,-0.008186943220518383
2005-10-12,0.0,-0.011848295261651876
2005-10-13,0.0,0.004785346532709678
2005-10-14,0.0,0.008601908930158997
2005-10-17,0.0,0.0026491284996827957
2005-10-18,0.0,-0.006907211515239431
2005-10-19,0.0,0.017140077821011568
2005-10-20,0.0,-0.011060423480805492
2005-10-21,0.0,0.006817819168225991
2005-10-24,0.0,0.016146306088242746
2005-10-25,0.0,-0.0030153651285784733
2005-10-26,0.0,-0.004242812107421279
2005-10-27,0.0,-0.01746726969769108
2005-10-28,0.0,0.012631976780808296
2005-10-31,0.0,0.014555859666583792
2005-11-01,0.0,-0.0027354619629298416
2005-11-02,0.0,0.01409789548356577
2005-11-03,0.0,0.007419636153354725
2005-11-04,0.0,0.00426345464813771
2005-11-07,0.0,0.004060974541699958
2005-11-08,0.0,-0.0028325620684587216
2005-11-09,0.0,0.0017218597927322055
2005-11-10,0.0,0.009591830168994564
2005-11-11,0.0,0.0026357958373546264
2005-11-14,0.0,-0.0006901342583554015
2005-11-15,0.0,-0.0064563029600854804
2005-11-16,0.0,0.0005441890668300697
2005-11-17,0.0,0.014867934531726412
2005-11-18,0.0,0.0029768606504958495
2005-11-21,0.0,0.006555698743191618
2005-11-22,0.0,0.0053040813322209335
2005-11-23,0.0,0.0028488258577539227
2005-11-24,0.0,0.0
2005-11-25,0.0,0.0013407198293791112
2005-11-28,0.0,-0.010446264046557574
2005-11-29,0.0,-0.002974050737484135
2005-11-30,0.0,4.92674821181982e-05
2005-12-01,0.0,0.015384133069392014
2005-12-02,0.0,0.0027346868563009608
2005-12-05,0.0,-0.006919243238012296
2005-12-06,0.0,0.001381974096844596
2005-12-07,0.0,-0.0038703798722553584
2005-12-08,0.0,-0.0024644650778639088
2005-12-09,0.0,0.0045716371535660105
2005-12-12,0.0,0.0018699622905706814
2005-12-13,0.0,0.0017912824255290616
2005-12-14,0.0,-0.0010640176600440476
2005-12-15,0.0,-0.0008662638834256997
2005-12-16,0.0,-0.0036051897037552294
2005-12-19,0.0,-0.013203224889899223
2005-12-20,0.0,-0.00014396645581571388
2005-12-21,0.0,0.004157629970932497
2005-12-22,0.0,0.0066452775064300695
2005-12-23,0.0,0.0013042568629284546
2005-12-26,0.0,0.0
2005-12-27,0.0,-0.0100159152136996
2005-12-28,0.0,0.000920566350381069
2005-12-29,0.0,-0.004836379624395537
2005-12-30,0.0,-0.005788581527031322
2006-01-02,0.0,0.0
2006-01-03,0.0,0.017421507989769935
2006-01-04,0.0,0.008788897109290872
2006-01-05,0.0,0.00592455797760949
2006-01-06,0.0,0.012626983534413494
2006-01-09,0.0,0.005668757210641973
2006-01-10,0.0,0.0007029831499683059
2006-01-11,0.0,0.0047579644187008
2006-01-12,0.0,-0.0062924644842495825
2006-01-13,0.0,0.00015107761504551398
2006-01-16,0.0,0.0
2006-01-17,0.0,-0.00619324655595066
2006-01-18,0.0,-0.010010031745480319
2006-01-19,0.0,0.009725219771542948
2006-01-20,0.0,-0.023507587507222594
2006-01-23,0.0,0.000342572407349806
2006-01-24,0.0,0.007462852517489793
2006-01-25,0.0,-0.002030680940293572
2006-01-26,0.0,0.009886537057925748
2006-01-27,0.0,0.009299167761717131
2006-01-30,0.0,0.0011066603594260815
2006-01-31,0.0,-0.0004161645237084066
2006-02-01,0.0,0.002055667831834196
2006-02-02,0.0,-0.012546741915379744
2006-02-03,0.0,-0.00832321603106645
2006-02-06,0.0,-0.0016706591590130992
2006-02-07,0.0,-0.006127147157782953
2006-02-08,0.0,0.009808638015821991
2006-02-09,0.0,-0.0049007931256561665
2006-02-10,0.0,0.0026641606120920702
2006-02-13,0.0,-0.009757369975418761
2006-02-14,0.0,0.009982989628584571
2006-02-15,0.0,0.006303681862989796
2006-02-16,0.0,0.007994974587402393
2006-02-17,0.0,-0.005347267315427784
2006-02-20,0.0,0.0
2006-02-21,0.0,-0.008499973711421527
2006-02-22,0.0,0.00893078092409949
2006-02-23,0.0,-0.0016862520092677524
2006-02-24,0.0,0.0033869750627379958
2006-02-27,0.0,0.0088061424373862
2006-02-28,0.0,-0.011178148215570505
2006-03-01,0.0,0.014574448033874088
2006-03-02,0.0,-0.0015250751736770596
2006-03-03,0.0,-0.00368221330875651
2006-03-06,0.0,-0.007196212976634975
2006-03-07,0.0,-0.00772080856331725
2006-03-08,0.0,-0.00040557578536226657
2006-03-09,0.0,-0.007823732281936668
2006-03-10,0.0,0.005476237042832066
2006-03-13,0.0,0.002205973369171277
2006-03-14,0.0,0.012734723404630666
2006-03-15,0.0,0.006942811098044288
2006-03-16,0.0,-0.005311786282787834
2006-03-17,0.0,0.0030092713388647496
2006-03-20,0.0,0.003308071173389715
2006-03-21,0.0,-0.008590775719391042
2006-03-22,0.0,0.003975189933005829
2006-03-23,0.0,-0.001389280830095263
2006-03-24,0.0,0.0055083364128427625
2006-03-27,0.0,0.0011933483798998168
2006-03-28,0.0,-0.0048022525673913075
2006-03-29,0.0,0.014458918792255027
2006-03-30,0.0,0.0013003789920351672
2006-03-31,0.0,-0.000440016746268479
2006-04-03,0.0,-0.0013035357873998343
2006-04-04,0.0,0.003688899920402111
2006-04-05,0.0,0.006135518641061433
2006-04-06,0.0,0.0006017586608750847
2006-04-07,0.0,-0.009380942498845912
2006-04-10,0.0,-0.002458294499405711
2006-04-11,0.0,-0.009823123770502429
2006-04-12,0.0,0.001874174908563564
2006-04-13,0.0,0.00493804759189187
2006-04-14,0.0,0.0
2006-04-17,0.0,-0.006427039134004997
2006-04-18,0.0,0.019462088301978264
2006-04-19,0.0,0.006255994974831758
2006-04-20,0.0,-0.00351346335537861
2006-04-21,0.0,-0.00833421514888577
2006-04-24,0.0,-0.004046336528857886
2006-04-25,0.0,-0.001319973600527935
2006-04-26,0.0,0.0014290005578680987
2006-04-27,0.0,0.004850811825353407
2006-04-28,0.0,-0.009543913516279479
2006-05-01,0.0,-0.007655312864628505
2006-05-02,0.0,0.002191088992923529
2006-05-03,0.0,-0.002541301562013154
2006-05-04,0.0,0.008650286245046823
2006-05-05,0.0,0.008033908515856947
2006-05-08,0.0,0.0010330534413056647
2006-05-09,0.0,-0.0028742126832096426
2006-05-10,0.0,-0.00748850636159526
2006-05-11,0.0,-0.020700293871782294
2006-05-12,0.0,-0.01272495269943219
2006-05-15,0.0,-0.002344258349749162
2006-05-16,0.0,-0.004194735807587113
2006-05-17,0.0,-0.014952021640729729
2006-05-18,0.0,-0.007049822388195626
2006-05-19,0.0,0.006219270565788415
2006-05-22,0.0,-0.009581198607034103
2006-05-23,0.0,-0.006489143341034342
2006-05-24,0.0,0.004822212751764754
2006-05-25,0.0,0.013401439260177783
2006-05-26,0.0,0.005518050804279806
2006-05-29,0.0,0.0
2006-05-30,0.0,-0.020643602654759174
2006-05-31,0.0,0.006531962267986247
2006-06-01,0.0,0.018807827874871563
2006-06-02,0.0,-0.00020271548656236593
2006-06-05,0.0,-0.022433890087906194
2006-06-06,0.0,-0.003152625805440401
2006-06-07,0.0,-0.0050767993045987
2006-06-08,0.0,-0.003011432289246274
2006-06-09,0.0,-0.004782503309529673
2006-06-12,0.0,-0.02048654370368974
2006-06-13,0.0,-0.009013446053210639
2006-06-14,0.0,0.006528441907482474
2006-06-15,0.0,0.027876318312559878
2006-06-16,0.0,-0.006622670988503776
2006-06-19,0.0,-0.009169229324631933
2006-06-20,0.0,-0.0015921001506810084
2006-06-21,0.0,0.016202671020284054
2006-06-22,0.0,-0.008509247151130106
2006-06-23,0.0,-0.0007112643548220499
2006-06-26,0.0,0.005750729447034475
2006-06-27,0.0,-0.015663153158642196
2006-06-28,0.0,0.005518390667777817
2006-06-29,0.0,0.029613985908023333
2006-06-30,0.0,-0.0010531737782724093
2006-07-03,0.0,0.008443480702917228
2006-07-04,0.0,0.0
2006-07-05,0.0,-0.016932748364476224
2006-07-06,0.0,0.0008126909823809036
2006-07-07,0.0,-0.011614364133284538
2006-07-10,0.0,-0.006164145610921823
2006-07-11,0.0,0.005635519360583707
2006-07-12,0.0,-0.018141164754845507
2006-07-13,0.0,-0.0172850964482546
2006-07-14,0.0,-0.008159251451967164
2006-07-17,0.0,0.00018160846197279312
2006-07-18,0.0,0.002699095067035806
2006-07-19,0.0,0.01834848914947984
2006-07-20,0.0,-0.01984418780127939
2006-07-21,0.0,-0.009331084327897088
2006-07-24,0.0,0.020515841000994905
2006-07-25,0.0,0.005849144453497823
2006-07-26,0.0,-0.001658710641786021
2006-07-27,0.0,-0.007722921476386979
2006-07-28,0.0,0.01930911621975495
2006-07-31,0.0,-0.0012749863905947567
2006-08-01,0.0,-0.014095349204148233
2006-08-02,0.0,0.008157168560468442
2006-08-03,0.0,0.006508531323208944
2006-08-04,0.0,-0.003484137377290475
2006-08-07,0.0,-0.006019040310784041
2006-08-08,0.0,-0.005621230398070054
2006-08-09,0.0,-0.00027658490428694726
2006-08-10,0.0,0.005562350748441691
2006-08-11,0.0,-0.006772085300278841
2006-08-14,0.0,0.0055061208819513485
2006-08-15,0.0,0.022218033484127986
2006-08-16,0.0,0.016326163942487204
2006-08-17,0.0,0.0037542916158805895
2006-08-18,0.0,0.0029384365107687493
2006-08-21,0.0,-0.007486309757619103
2006-08-22,0.0,0.001056920032592279
2006-08-23,0.0,-0.007144119589585274
2006-08-24,0.0,0.0011477237592874001
2006-08-25,0.0,0.0014879907913021295
2006-08-28,0.0,0.009536090903569105
2006-08-29,0.0,0.005368630536400465
2006-08-30,0.0,0.006182387331399752
2006-08-31,0.0,-0.0009058758401083722
2006-09-01,0.0,0.004309101316542607
2006-09-04,0.0,0.0
2006-09-05,0.0,0.005717777088766862
2006-09-06,0.0,-0.01716461894183241
2006-09-07,0.0,-0.00578917263266665
2006-09-08,0.0,0.004871734198182098
2006-09-11,0.0,0.0034444706088772037
2006-09-12,0.0,0.01958817439319005
2006-09-13,0.0,0.005347907320991663
2006-09-14,0.0,0.0004758334941890041
2006-09-15,0.0,0.0030779861176544188
2006-09-18,0.0,7.156947383002432e-05
2006-09-19,0.0,-0.005984568936598489
2006-09-20,0.0,0.013733086749731171
2006-09-21,0.0,-0.006720257092001747
2006-09-22,0.0,-0.00841023349346448
2006-09-25,0.0,0.013583123397313157
2006-09-26,0.0,0.005455588309834614
2006-09-27,0.0,0.0009065421387317585
2006-09-28,0.0,0.0029292344668838677
2006-09-29,0.0,-0.005105681888265323
2006-10-02,0.0,-0.00922322144144383
2006-10-03,0.0,0.0027037897747588246
2006-10-04,0.0,0.02108171951953275
2006-10-05,0.0,0.006717737183264738
2006-10-06,0.0,-0.0027532800887988262
2006-10-09,0.0,0.005121761398962699
2006-10-10,0.0,0.0015832024812156842
2006-10-11,0.0,-0.0030922981908327873
2006-10-12,0.0,0.01642355530332229
2006-10-13,0.0,0.004735357048478939
2006-10-16,0.0,0.002778614425887449
2006-10-17,0.0,-0.00799123460132678
2006-10-18,0.0,-0.0033262969359686423
2006-10-19,0.0,0.0016216331857177302
2006-10-20,0.0,0.0005809632028159761
2006-10-23,0.0,0.005661102335311252
2006-10-24,0.0,-0.004550934809556928
2006-10-25,0.0,0.005011002882925997
2006-10-26,0.0,0.009551937333180494
2006-10-27,0.0,-0.011970913370602299
2006-10-30,0.0,0.005594268746118125
2006-10-31,0.0,0.0012437758326739878
2006-11-01,0.0,-0.013672989086115361
2006-11-02,0.0,-0.00014136697581768054
2006-11-03,0.0,-0.0013838784586250874
2006-11-06,0.0,0.015085014093933813
2006-11-07,0.0,0.0041970455842264
2006-11-08,0.0,0.0038133239052478007
2006-11-09,0.0,-0.0037443289977944216
2006-11-10,0.0,0.005770177734941928
2006-11-13,0.0,0.006971528045126796
2006-11-14,0.0,0.010089844496712796
2006-11-15,0.0,0.004973957690503905
2006-11-16,0.0,0.0025831542319108003
2006-11-17,0.0,-0.0013066237658529989
2006-11-20,0.0,0.002804739437253012
2006-11-21,0.0,0.0008643465214130952
2006-11-22,0.0,0.004537973961643127
2006-11-23,0.0,0.0
2006-11-24,0.0,-0.0023195646355606003
2006-11-27,0.0,-0.022087096485737368
2006-11-28,0.0,0.0027806410853228325
2006-11-29,0.0,0.008132271689166526
2006-11-30,0.0,-0.00018912685066796442
2006-12-01,0.0,-0.007632300752127064
2006-12-04,0.0,0.014578093079342436
2006-12-05,0.0,0.0016296423363926227
2006-12-06,0.0,-0.0026586418091812947
2006-12-07,0.0,-0.007428879821412493
2006-12-08,0.0,0.003983210376942825
2006-12-11,0.0,0.002256539862802276
2006-12-12,0.0,-0.004609351334092127
2006-12-13,0.0,0.00033311399901303496
2006-12-14,0.0,0.008814303509687926
2006-12-15,0.0,0.0013652016219409813
2006-12-18,0.0,-0.008802702262737938
2006-12-19,0.0,-0.0024717006696584054
2006-12-20,0.0,-0.0007985017801650507
2006-12-21,0.0,-0.004844270702460518
2006-12-22,0.0,-0.006072396878945341
2006-12-25,0.0,0.0
2006-12-26,0.0,0.0051349753038090196
2006-12-27,0.0,0.007337860626224657
2006-12-28,0.0,-0.002323936130831261
2006-12-29,0.0,-0.0042381790671883746
2007-01-01,0.0,0.0
2007-01-02,0.0,0.0
2007-01-03,0.0,0.0032584078930479876
2007-01-04,0.0,0.012491952656861205
2007-01-05,0.0,-0.007817626751119744
2007-01-08,0.0,0.0016226763890314633
2007-01-09,0.0,0.0023090804691985323
2007-01-10,0.0,0.006342503365618812
2007-01-11,0.0,0.010376809944171672
2007-01-12,0.0,0.007231824858643376
2007-01-15,0.0,0.0
2007-01-16,0.0,-0.0020137285142359795
2007-01-17,0.0,-0.00735052726821428
2007-01-18,0.0,-0.014604221955134666
2007-01-19,0.0,0.0033153105954870643
2007-01-22,0.0,-0.00825680962424169
2007-01-23,0.0,0.00013985611274036636
2007-01-24,0.0,0.014341472643445652
2007-01-25,0.0,-0.012991225651588834
2007-01-26,0.0,0.0005135072959117082
2007-01-29,0.0,0.002299331961946205
2007-01-30,0.0,0.0030928806393863972
2007-01-31,0.0,0.006244282540512236
2007-02-01,0.0,0.0018060578019669649
2007-02-02,0.0,0.00303843006344251
2007-02-05,0.0,-0.0021325750844145563
2007-02-06,0.0,0.0003602363798267394
2007-02-07,0.0,0.007691716333062315
2007-02-08,0.0,-0.0007347922103995153
2007-02-09,0.0,-0.011592537379403467
2007-02-12,0.0,-0.003837679179777398
2007-02-13,0.0,0.0038769496975978868
2007-02-14,0.0,0.011585931021025342
2007-02-15,0.0,0.0035042879302999985
2007-02-16,0.0,-0.00031636698570336463
2007-02-19,0.0,0.0
2007-02-20,0.0,0.006701891992580977
2007-02-21,0.0,0.002140833412918264
2007-02-22,0.0,0.002588924802058523
2007-02-23,0.0,-0.0038971223078568817
2007-02-26,0.0,-0.004206592183213398
2007-02-27,0.0,-0.03859422164726167
2007-02-28,0.0,0.0034428911979931254
2007-03-01,0.0,-0.004941746166421845
2007-03-02,0.0,-0.01506108035487752
2007-03-05,0.0,-0.011537162162162273
2007-03-06,0.0,0.018994480236512512
2007-03-07,0.0,-0.004402257309843449
2007-03-08,0.0,0.005512414513357822
2007-03-09,0.0,-7.53854078977545e-05
2007-03-12,0.0,0.006173692697535094
2007-03-13,0.0,-0.021529457309483746
2007-03-14,0.0,0.009006326125152508
2007-03-15,0.0,0.0029345543777985483
2007-03-16,0.0,-0.002539202085172554
2007-03-19,0.0,0.009166926571864575
2007-03-20,0.0,0.005763423975008619
2007-03-21,0.0,0.019811395185635794
2007-03-22,0.0,-0.0017020098374540549
2007-03-23,0.0,-0.001146124793004133
2007-03-26,0.0,0.0027358887350803496
2007-03-27,0.0,-0.007411540012135509
2007-03-28,0.0,-0.00834075234981102
2007-03-29,0.0,0.0003227007571056095
2007-03-30,0.0,0.0015550813109004302
2007-04-02,0.0,0.00025602484266884495
2007-04-03,0.0,0.011588351374336225
2007-04-04,0.0,0.0034117853513608853
2007-04-05,0.0,0.005145016248490064
2007-04-06,0.0,0.0
2007-04-09,0.0,-0.0008740197625580759
2007-04-10,0.0,0.0034140888878089193
2007-04-11,0.0,-0.007386150362647892
2007-04-12,0.0,0.00854304662689942
2007-04-13,0.0,0.004684879370403738
2007-04-16,0.0,0.010590142619806286
2007-04-17,0.0,-0.0005479821945496566
2007-04-18,0.0,-0.0025626253997893533
2007-04-19,0.0,-0.002051384186417038
2007-04-20,0.0,0.00839802821961011
2007-04-23,0.0,-0.0010766350405122527
2007-04-24,0.0,0.00034473603918105944
2007-04-25,0.0,0.009249209757024923
2007-04-26,0.0,0.002578604256855632
2007-04-27,0.0,0.0010765484681694026
2007-04-30,0.0,-0.012560564052228718
2007-05-01,0.0,0.002550404144010754
2007-05-02,0.0,0.010392924437000461
2007-05-03,0.0,0.0029790760954555573
2007-05-04,0.0,0.0026077194733109543
2007-05-07,0.0,-0.00046653577746258446
2007-05-08,0.0,0.0003111690231238917
2007-05-09,0.0,0.0017847769028871419
2007-05-10,0.0,-0.016535084654975774
2007-05-11,0.0,0.011240300899066247
2007-05-14,0.0,-0.0061587217334966304
2007-05-15,0.0,-0.00830571307393857
2007-05-16,0.0,0.008763349951886656
2007-05-17,0.0,-0.003156134441905878
2007-05-18,0.0,0.007509707093857454
2007-05-21,0.0,0.007950126052883588
2007-05-22,0.0,0.0035791979959594045
2007-05-23,0.0,-0.0042387616788123195
2007-05-24,0.0,-0.015184028249354942
2007-05-25,0.0,0.007592831925356203
2007-05-28,0.0,0.0
2007-05-29,0.0,0.0058149765954034205
2007-05-30,0.0,0.007981928881908074
2007-05-31,0.0,0.004601576030147436
2007-06-01,0.0,0.0036091103159123783
2007-06-04,0.0,0.0016718185713411327
2007-06-05,0.0,-0.002696416363351606
2007-06-06,0.0,-0.009210218938967563
2007-06-07,0.0,-0.017702672407795217
2007-06-08,0.0,0.01265454202047711
2007-06-11,0.0,-0.0005401120635388779
2007-06-12,0.0,-0.008700892249674408
2007-06-13,0.0,0.012761935390250834
2007-06-14,0.0,0.006621977996444928
2007-06-15,0.0,0.010502383233118362
2007-06-18,0.0,-4.1877481716690035e-05
2007-06-19,0.0,6.0915251656190605e-05
2007-06-20,0.0,-0.010202683153390568
2007-06-21,0.0,0.006538562131725101
2007-06-22,0.0,-0.010699437515284904
2007-06-25,0.0,-0.004588715159755341
2007-06-26,0.0,-0.0011330653297531024
2007-06-27,0.0,0.012116573950337273
2007-06-28,0.0,0.0011591532807491145
2007-06-29,0.0,-0.001970579327319366
2007-07-02,0.0,0.011166896509336555
2007-07-03,0.0,0.004805683242791403
2007-07-04,0.0,0.0
2007-07-05,0.0,0.00442352407417923
2007-07-06,0.0,0.0037114411006342607
2007-07-09,0.0,0.0013163273342307047
2007-07-10,0.0,-0.011557965857933672
2007-07-11,0.0,0.00478561360432872
2007-07-12,0.0,0.018832562156128496
2007-07-13,0.0,0.0019506020216675246
2007-07-16,0.0,-0.003572220169929863
2007-07-17,0.0,0.00554622534135607
2007-07-18,0.0,-0.00471925937123252
2007-07-19,0.0,0.00761254903704045
2007-07-20,0.0,-0.011926295201541204
2007-07-23,0.0,0.0011087959517785961
2007-07-24,0.0,-0.018850954069382753
2007-07-25,0.0,0.0031478942065108484
2007-07-26,0.0,-0.0184391485440889
2007-07-27,0.0,-0.014272853878292358
2007-07-30,0.0,0.008211564880729494
2007-07-31,0.0,-0.014326747390913996
2007-08-01,0.0,0.0029847580971380516
2007-08-02,0.0,0.008657449282853058
2007-08-03,0.0,-0.025128300685564375
2007-08-06,0.0,0.014367346938775505
2007-08-07,0.0,0.005601943996262682
2007-08-08,0.0,0.020057776389756476
2007-08-09,0.0,-0.021618994404855818
2007-08-10,0.0,-0.004537471298538209
2007-08-13,0.0,-0.0010413023745623473
2007-08-14,0.0,-0.016961419850210824
2007-08-15,0.0,-0.016121674829539967
2007-08-16,0.0,-0.003155972556052933
2007-08-17,0.0,0.02201487513616507
2007-08-20,0.0,0.0014211406649820013
2007-08-21,0.0,0.005066591192661951
2007-08-22,0.0,0.012493554912148541
2007-08-23,0.0,-0.00434816671889704
2007-08-24,0.0,0.013766376834402294
2007-08-27,0.0,-0.005992183770651471
2007-08-28,0.0,-0.023664226451927783
2007-08-29,0.0,0.025001599590504853
2007-08-30,0.0,0.0008349069117810082
2007-08-31,0.0,0.012107745682766069
2007-09-03,0.0,0.0
2007-09-04,0.0,0.013049037883806403
2007-09-05,0.0,-0.009234898716466877
2007-09-06,0.0,0.003211880504230935
2007-09-07,0.0,-0.018597570305089017
2007-09-10,0.0,-0.0025684998246091606
2007-09-11,0.0,0.01498958622333535
2007-09-12,0.0,-0.0020789460513498392
2007-09-13,0.0,0.003468270532817286
2007-09-14,0.0,0.0004305936810375943
2007-09-17,0.0,-0.00788569583964216
2007-09-18,0.0,0.027114337286861856
2007-09-19,0.0,0.005588951826403177
2007-09-20,0.0,-0.004571570009900716
2007-09-21,0.0,0.0063783535333366
2007-09-24,0.0,-0.0012241597472315568
2007-09-25,0.0,0.0058097040799114374
2007-09-26,0.0,0.005805958747135298
2007-09-27,0.0,0.0039125167189693055
2007-09-28,0.0,-0.002985691562192083
2007-10-01,0.0,0.014617804923190647
2007-10-02,0.0,0.0022327699116013733
2007-10-03,0.0,-0.006435854406995123
2007-10-04,0.0,0.0015168002110332868
2007-10-05,0.0,0.017102177738268942
2007-10-08,0.0,0.0025356793462623095
2007-10-09,0.0,0.005933909025353623
2007-10-10,0.0,0.0027461651764857375
2007-10-11,0.0,-0.014016880008251631
2007-10-12,0.0,0.012077050717841376
2007-10-15,0.0,-0.009135040346725076
2007-10-16,0.0,-0.0058056509775005205
2007-10-17,0.0,0.010405548661135855
2007-10-18,0.0,0.002377652927127105
2007-10-19,0.0,-0.026488670422354144
2007-10-22,0.0,0.010557178294118508
2007-10-23,0.0,0.01646011336526354
2007-10-24,0.0,-0.008752313111322296
2007-10-25,0.0,-0.008613357551644163
2007-10-26,0.0,0.019386664534000175
2007-10-29,0.0,0.004725072124214025
2007-10-30,0.0,-0.00025910045999200104
2007-10-31,0.0,0.015056573094141656
2007-11-01,0.0,-0.022485939729707027
2007-11-02,0.0,0.005563844670337881
2007-11-05,0.0,-0.00540852126758673
2007-11-06,0.0,0.01073276139640389
2007-11-07,0.0,-0.02704960391904221
2007-11-08,0.0,-0.019194109343849686
2007-11-09,0.0,-0.02524480712166166
2007-11-12,0.0,-0.0166708524547744
2007-11-13,0.0,0.034642220012151004
2007-11-14,0.0,-0.010970022254221723
2007-11-15,0.0,-0.009760543353300677
2007-11-16,0.0,0.007152922845434784
2007-11-19,0.0,-0.01663102334258526
2007-11-20,0.0,0.001322598307999634
2007-11-21,0.0,-0.013347145151166195
2007-11-22,0.0,0.0
2007-11-23,0.0,0.013445738930195184
2007-11-26,0.0,-0.021416467688515795
2007-11-27,0.0,0.015667121869822553
2007-11-28,0.0,0.03181571605703648
2007-11-29,0.0,0.001960261518414219
2007-11-30,0.0,-0.002687275357647567
2007-12-03,0.0,-0.008955414587216604
2007-12-04,0.0,-0.006560161994289326
2007-12-05,0.0,0.017760694396201426
2007-12-06,0.0,0.016003090355390936
2007-12-07,0.0,-0.0010594197923242676
2007-12-10,0.0,0.004726254175658529
2007-12-11,0.0,-0.02449474981150812
2007-12-12,0.0,0.0070842837483739984
2007-12-13,0.0,-0.0009920857761106516
2007-12-14,0.0,-0.012272858433046374
2007-12-17,0.0,-0.02324963767291155
2007-12-18,0.0,0.00837845606457277
2007-12-19,0.0,0.0019183137328921962
2007-12-20,0.0,0.015320971468775646
2007-12-21,0.0,0.019361117211817325
2007-12-24,0.0,0.007990371435258048
2007-12-25,0.0,0.0
2007-12-26,0.0,0.004020637552975881
2007-12-27,0.0,-0.01747901380482375
2007-12-28,0.0,-0.0008704455710010217
2007-12-31,0.0,-0.00829326293906052
2008-01-01,0.0,0.0
2008-01-02,0.0,-0.016080504320810762
2008-01-03,0.0,-0.0026632127926181637
2008-01-04,0.0,-0.03766502220787793
2008-01-07,0.0,-0.002072145808795667
2008-01-08,0.0,-0.02358509438038614
2008-01-09,0.0,0.013947904331471639
2008-01-10,0.0,0.005645470893697713
2008-01-11,0.0,-0.019521643386430476
2008-01-14,0.0,0.015721698074542934
2008-01-15,0.0,-0.024496630754953008
2008-01-16,0.0,-0.009513606525506813
2008-01-17,0.0,-0.019915726700604264
2008-01-18,0.0,-0.0029315266947889107
2008-01-21,0.0,0.0
2008-01-22,0.0,-0.020405808497363287
2008-01-23,0.0,0.010531045644710302
2008-01-24,0.0,0.019215078505100625
2008-01-25,0.0,-0.01470613150805633
2008-01-28,0.0,0.010192588771386735
2008-01-29,0.0,0.0034682179317506723
2008-01-30,0.0,-0.0038421414213378746
2008-01-31,0.0,0.01739463601532565
2008-02-01,0.0,0.009833211987313017
2008-02-04,0.0,-0.012642125501375778
2008-02-05,0.0,-0.03075308978743929
2008-02-06,0.0,-0.013344475378533782
2008-02-07,0.0,0.006266593527153086
2008-02-08,0.0,0.005154751573245742
2008-02-11,0.0,0.006599127925895454
2008-02-12,0.0,-8.620466712017105e-06
2008-02-13,0.0,0.023228047792279494
2008-02-14,0.0,-0.017435223448037607
2008-02-15,0.0,-0.004604422646556916
2008-02-18,0.0,0.0
2008-02-19,0.0,-0.0067189249720046584
2008-02-20,0.0,0.009062527100858642
2008-02-21,0.0,-0.011739933823213367
2008-02-22,0.0,0.0015523223960551835
2008-02-25,0.0,0.01047604575943728
2008-02-26,0.0,0.007523158093732274
2008-02-27,0.0,0.0037484168375985227
2008-02-28,0.0,-0.009435886106603064
2008-02-29,0.0,-0.025772333663583002
2008-03-03,0.0,-0.005670311867152722
2008-03-04,0.0,0.000743823607544547
2008-03-05,0.0,0.005543560974746287
2008-03-06,0.0,-0.023015562233534625
2008-03-07,0.0,-0.003607295654132092
2008-03-10,0.0,-0.019502913007516276
2008-03-11,0.0,0.039837001115546666
2008-03-12,0.0,-0.00527095081036999
2008-03-13,0.0,0.008797301091417964
2008-03-14,0.0,-0.022583395549586882
2008-03-17,0.0,-0.016036230672228813
2008-03-18,0.0,0.0419152874814539
2008-03-19,0.0,-0.025702520875031998
2008-03-20,0.0,0.021787724664699804
2008-03-21,0.0,0.0
2008-03-24,0.0,0.030397102001231024
2008-03-25,0.0,0.006145911679381166
2008-03-26,0.0,-0.007129279596762128
2008-03-27,0.0,-0.018727735806845835
2008-03-28,0.0,-0.008615284786678612
2008-03-31,0.0,0.007925065673674903
2008-04-01,0.0,0.03670308455091931
2008-04-02,0.0,-0.0005713681091947809
2008-04-03,0.0,0.0008046074362666467
2008-04-04,0.0,0.003249693225574335
2008-04-07,0.0,-0.002593864140566393
2008-04-08,0.0,-0.006795414469538907
2008-04-09,0.0,-0.011342155009451904
2008-04-10,0.0,0.012738359774688623
2008-04-11,0.0,-0.02613428583577837
2008-04-14,0.0,-0.006296283358949162
2008-04-15,0.0,0.004490689070313136
2008-04-16,0.0,0.028026631205053443
2008-04-17,0.0,-0.0035232393377332416
2008-04-18,0.0,0.026107787499519475
2008-04-21,0.0,0.0021098890123472103
2008-04-22,0.0,-0.012915067856015594
2008-04-23,0.0,0.011893442829856937
2008-04-24,0.0,0.009857767097259718
2008-04-25,0.0,-0.002466116627966475
2008-04-28,0.0,0.0006067034540826466
2008-04-29,0.0,0.0007012044217125091
2008-04-30,0.0,-0.005482049379662679
2008-05-01,0.0,0.028145722811671048
2008-05-02,0.0,-0.0014995706874242343
2008-05-05,0.0,-0.005195822348899259
2008-05-06,0.0,0.007787770076132627
2008-05-07,0.0,-0.018048491730794813
2008-05-08,0.0,0.005228645596250248
2008-05-09,0.0,-0.0023335128343204836
2008-05-12,0.0,0.017570905165363415
2008-05-13,0.0,0.0026642662819622576
2008-05-14,0.0,0.0006332360768219747
2008-05-15,0.0,0.014831577682540953
2008-05-16,0.0,-0.0019260142161950933
2008-05-19,0.0,-0.005045771793502851
2008-05-20,0.0,-0.009471044358508651
2008-05-21,0.0,-0.017650646401258352
2008-05-22,0.0,0.0066618469368164845
2008-05-23,0.0,-0.008078455558350628
2008-05-26,0.0,0.0
2008-05-27,0.0,0.014959074230877611
2008-05-28,0.0,0.002200512646902464
2008-05-29,0.0,0.008694253428238374
2008-05-30,0.0,0.0057169739108247075
2008-06-02,0.0,-0.012340148890456759
2008-06-03,0.0,-0.004435025867639664
2008-06-04,0.0,0.009135328646068475
2008-06-05,0.0,0.018696517174428884
2008-06-06,0.0,-0.029561479877957986
2008-06-09,0.0,-0.006102094917884382
2008-06-10,0.0,-0.0042773616972831
2008-06-11,0.0,-0.02243011262015393
2008-06-12,0.0,0.004319113119828133
2008-06-13,0.0,0.020858028157298314
2008-06-16,0.0,0.00826237522917106
2008-06-17,0.0,-0.006889501289003563
2008-06-18,0.0,-0.01140076411973645
2008-06-19,0.0,0.01331434615653726
2008-06-20,0.0,-0.022732995946483703
2008-06-23,0.0,-0.008457705239621305
2008-06-24,0.0,-0.007318483992387881
2008-06-25,0.0,0.013925718242775442
2008-06-26,0.0,-0.033270033232553065
2008-06-27,0.0,-0.002472677772177523
2008-06-30,0.0,-0.009781355397883162
2008-07-01,0.0,0.005229003305741831
2008-07-02,0.0,-0.0232150526904904
2008-07-03,0.0,-0.0027004699172981095
2008-07-04,0.0,0.0
2008-07-07,0.0,-0.0009174393643837098
2008-07-08,0.0,0.022787654012802472
2008-07-09,0.0,-0.025954045431565098
2008-07-10,0.0,0.010273436276505787
2008-07-11,0.0,-0.008313218327169691
2008-07-14,0.0,-0.011705700555585397
2008-07-15,0.0,0.0012834011939246714
2008-07-16,0.0,0.031204444624973515
2008-07-17,0.0,0.012013917762654147
2008-07-18,0.0,-0.012766509535959814
2008-07-21,0.0,-0.0014237026783132656
2008-07-22,0.0,0.010717121511890637
2008-07-23,0.0,0.009514054063438637
2008-07-24,0.0,-0.019678573271191935
2008-07-25,0.0,0.013341461596151127
2008-07-28,0.0,-0.02004302043254158
2008-07-29,0.0,0.024467587071927754
2008-07-30,0.0,0.004354161457480021
2008-07-31,0.0,-0.00178991466785694
2008-08-01,0.0,-0.00627378469609341
2008-08-04,0.0,-0.010991103264444302
2008-08-05,0.0,0.028120023101559255
2008-08-06,0.0,0.012145559466003819
2008-08-07,0.0,-0.00951912444237013
2008-08-08,0.0,0.024777882015341257
2008-08-11,0.0,0.010707924278198888
2008-08-12,0.0,-0.003827947294001821
2008-08-13,0.0,-0.0008187245177138092
2008-08-14,0.0,0.010314499592361193
2008-08-15,0.0,-0.00046868568307889547
2008-08-18,0.0,-0.014491217197005524
2008-08-19,0.0,-0.01349618118478424
2008-08-20,0.0,0.001979566843932856
2008-08-21,0.0,-0.0036415691395850214
2008-08-22,0.0,0.01442206706492244
2008-08-25,0.0,-0.020341987236562553
2008-08-26,0.0,-0.0015302736315254695
2008-08-27,0.0,0.00867496200205764
2008-08-28,0.0,0.012247844664758256
2008-08-29,0.0,-0.018294604501501
2008-09-01,0.0,0.0
2008-09-02,0.0,-0.007721159694532798
2008-09-03,0.0,-0.006602135158604416
2008-09-04,0.0,-0.03200455922493184
2008-09-05,0.0,-0.0013988242793397943
2008-09-08,0.0,0.006152809546607241
2008-09-09,0.0,-0.026412484139292425
2008-09-10,0.0,0.008548246229313827
2008-09-11,0.0,0.013245389689056308
2008-09-12,0.0,0.0013506212857914424
2008-09-15,0.0,-0.03597978127335533
2008-09-16,0.0,0.012839979632186749
2008-09-17,0.0,-0.049390823859776334
2008-09-18,0.0,0.047764251852204787
2008-09-19,0.0,0.0340139147833205
2008-09-22,0.0,-0.04174326047759358
2008-09-23,0.0,-0.01177156284132952
2008-09-24,0.0,0.0010913329587196596
2008-09-25,0.0,0.014329585096118258
2008-09-26,0.0,-0.0014771994493658624
2008-09-29,0.0,-0.09142414832321133
2008-09-30,0.0,0.05451850806309322
2008-10-01,0.0,-0.010746314320133066
2008-10-02,0.0,-0.044785928288392785
2008-10-03,0.0,-0.01483771095552222
2008-10-06,0.0,-0.04335546552051728
2008-10-07,0.0,-0.05801520161463469
2008-10-08,0.0,-0.008291165207877538
2008-10-09,0.0,-0.05470801514655266
2008-10-10,0.0,0.002668498346625192
2008-10-13,0.0,0.11805930245951823
2008-10-14,0.0,-0.035374813609868494
2008-10-15,0.0,-0.08469879314899864
2008-10-16,0.0,0.05489059343007874
2008-10-17,0.0,-0.003737534275285115
2008-10-20,0.0,0.034324982907631085
2008-10-21,0.0,-0.04143997559363399
2008-10-22,0.0,-0.047699035763962616
2008-10-23,0.0,-0.0073278663159522806
2008-10-24,0.0,-0.03234595457351108
2008-10-27,0.0,-0.029722363614105296
2008-10-28,0.0,0.09533833587887641
2008-10-29,0.0,0.004692416351919082
2008-10-30,0.0,0.02492743828482813
2008-10-31,0.0,0.01320561429950784
2008-11-03,0.0,0.0031261803073883154
2008-11-04,0.0,0.03115858497506263
2008-11-05,0.0,-0.05532211311596957
2008-11-06,0.0,-0.04337432506362837
2008-11-07,0.0,0.024056691738671088
2008-11-10,0.0,-0.018611144834284388
2008-11-11,0.0,-0.022168066603164394
2008-11-12,0.0,-0.05167309760263139
2008-11-13,0.0,0.06502758119276142
2008-11-14,0.0,-0.05000939437590035
2008-11-17,0.0,-0.022942281702211798
2008-11-18,0.0,0.0008231841031005604
2008-11-19,0.0,-0.06529492270456483
2008-11-20,0.0,-0.05070613522597778
2008-11-21,0.0,0.05184177734553086
2008-11-24,0.0,0.06332936034962255
2008-11-25,0.0,-0.004952378364424415
2008-11-26,0.0,0.045994824984809446
2008-11-27,0.0,0.0
2008-11-28,0.0,0.002264865217675105
2008-12-01,0.0,-0.08954329662600857
2008-12-02,0.0,0.037001008533192215
2008-12-03,0.0,0.029369568216305764
2008-12-04,0.0,-0.03137270668328451
2008-12-05,0.0,0.04410055618583808
2008-12-08,0.0,0.04136327195870959
2008-12-09,0.0,-0.015524196113861133
2008-12-10,0.0,0.011723344578437933
2008-12-11,0.0,-0.036793826813501185
2008-12-12,0.0,0.02177892139958071
2008-12-15,0.0,-0.021016148294303982
2008-12-16,0.0,0.05406605937653319
2008-12-17,0.0,-0.006654548427878715
2008-12-18,0.0,-0.017058082327092272
2008-12-19,0.0,0.007697907071123611
2008-12-22,0.0,-0.0204369949882377
2008-12-23,0.0,-0.007054524096975157
2008-12-24,0.0,0.002208288970385386
2008-12-25,0.0,0.0
2008-12-26,0.0,0.00350186897501481
2008-12-29,0.0,-0.013017565872020076
2008-12-30,0.0,0.026736055935166148
2008-12-31,0.0,0.016979428645127914
2009-01-01,0.0,0.0
2009-01-02,0.0,0.03498982264129413
2009-01-05,0.0,-0.0025609449764429915
2009-01-06,0.0,0.014956726841643064
2009-01-07,0.0,-0.032268606494874175
2009-01-08,0.0,0.011225344890122946
2009-01-09,0.0,-0.028088880093505963
2009-01-12,0.0,-0.02087058329462521
2009-01-13,0.0,0.004984435822951827
2009-01-14,0.0,-0.0367419784540175
2009-01-15,0.0,0.014902929566875
2009-01-16,0.0,0.01156868451688009
2009-01-19,0.0,0.0
2009-01-20,0.0,-0.057848861919925776
2009-01-21,0.0,0.045951723276376644
2009-01-22,0.0,-0.02758995932504793
2009-01-23,0.0,0.008051914376761227
2009-01-26,0.0,0.008238057524250442
2009-01-27,0.0,0.010366172975440735
2009-01-28,0.0,0.03551066516047574
2009-01-29,0.0,-0.03240627847581401
2009-01-30,0.0,-0.02083775466893034
2009-02-02,0.0,0.012198425922163025
2009-02-03,0.0,0.014634342190667837
2009-02-04,0.0,-0.0008243751236562957
2009-02-05,0.0,0.020586779314214043
2009-02-06,0.0,0.029406819122516525
2009-02-09,0.0,-9.423827204713131e-05
2009-02-10,0.0,-0.04199024856116007
2009-02-11,0.0,0.003784276560440114
2009-02-12,0.0,0.007324403789611189
2009-02-13,0.0,-0.004767433564029644
2009-02-16,0.0,0.0
2009-02-17,0.0,-0.0415156808050261
2009-02-18,0.0,-0.001829110739395956
2009-02-19,0.0,-0.017132502707821073
2009-02-20,0.0,-0.0011020085665570667
2009-02-23,0.0,-0.03712800871477839
2009-02-24,0.0,0.03899201568039645
2009-02-25,0.0,-0.011374433879167367
2009-02-26,0.0,-0.02382438983324331
2009-02-27,0.0,-0.009795396235635745
2009-03-02,0.0,-0.039910294373802446
2009-03-03,0.0,-0.0013909362361567146
2009-03-04,0.0,0.024776496771409695
2009-03-05,0.0,-0.040000295477713665
2009-03-06,0.0,-0.0044167775990889835
2009-03-09,0.0,-0.019484484291069193
2009-03-10,0.0,0.07065834279228134
2009-03-11,0.0,0.009835969019642565
2009-03-12,0.0,0.03970429558776334
2009-03-13,0.0,0.0037865507327676795
2009-03-16,0.0,-0.01919664687390854
2009-03-17,0.0,0.041374054500648016
2009-03-18,0.0,0.01990958272633403
2009-03-19,0.0,-0.005190381030297342
2009-03-20,0.0,-0.01766791598134121
2009-03-23,0.0,0.06759214147000892
2009-03-24,0.0,-0.025228664905480924
2009-03-25,0.0,0.008196397014216705
2009-03-26,0.0,0.03796723241440203
2009-03-27,0.0,-0.02633900441083803
2009-03-30,0.0,-0.028086979031840542
2009-03-31,0.0,0.0178385936875749
2009-04-01,0.0,0.015053088140050574
2009-04-02,0.0,0.03288863109048745
2009-04-03,0.0,0.012005266343447785
2009-04-06,0.0,-0.009347234981841868
2009-04-07,0.0,-0.02806978235026869
2009-04-08,0.0,0.018602596038703734
2009-04-09,0.0,0.038902090955955204
2009-04-10,0.0,0.0
2009-04-13,0.0,0.000465949387004283
2009-04-14,0.0,-0.01668773551239633
2009-04-15,0.0,0.0006643210392933696
2009-04-16,0.0,0.026825670027047055
2009-04-17,0.0,0.0015744354780775627
2009-04-20,0.0,-0.03876705696713223
2009-04-21,0.0,0.022161284906821788
2009-04-22,0.0,0.0013809045837516187
2009-04-23,0.0,0.0036996087770029273
2009-04-24,0.0,0.02546891738943602
2009-04-27,0.0,-0.008782439842057621
2009-04-28,0.0,-0.0033345043795143248
2009-04-29,0.0,0.022780363362627787
2009-04-30,0.0,0.00313095085108106
2009-05-01,0.0,0.0011063879345485361
2009-05-04,0.0,0.025802698929734635
2009-05-05,0.0,-0.0053528090907029036
2009-05-06,0.0,0.0028390303970082797
2009-05-07,0.0,-0.024364731965209385
2009-05-08,0.0,0.013261548501375175
2009-05-11,0.0,-0.004462334675100599
2009-05-12,0.0,-0.00884914858713981
2009-05-13,0.0,-0.03014709310457364
2009-05-14,0.0,0.015034341030771614
2009-05-15,0.0,-0.00536937384931413
2009-05-18,0.0,0.031080743271393985
2009-05-19,0.0,0.0012583989471011137
2009-05-20,0.0,-0.003862695584996634
2009-05-21,0.0,-0.018861700157421946
2009-05-22,0.0,-0.0019112225335495836
2009-05-25,0.0,0.0
2009-05-26,0.0,0.034526982701047926
2009-05-27,0.0,-0.011054426626600389
2009-05-28,0.0,0.011963629641611018
2009-05-29,0.0,0.012866839061759672
2009-06-01,0.0,0.03063128053969666
2009-06-02,0.0,0.004440361353544642
2009-06-03,0.0,-0.005923344947735165
2009-06-04,0.0,0.013198825797406277
2009-06-05,0.0,-0.0003243208181532564
2009-06-08,0.0,-0.003795784624368692
2009-06-09,0.0,0.00962331741207123
2009-06-10,0.0,-0.0037900576841404243
2009-06-11,0.0,0.00501327519589001
2009-06-12,0.0,-0.001916912321396902
2009-06-15,0.0,-0.022821174951581535
2009-06-16,0.0,-0.011121020931743386
2009-06-17,0.0,0.00661403645514369
2009-06-18,0.0,-0.00018804685685203104
2009-06-19,0.0,0.010925364547606842
2009-06-22,0.0,-0.033532698211188094
2009-06-23,0.0,-0.0007190619355788019
2009-06-24,0.0,0.015536114951385738
2009-06-25,0.0,0.020754990682571473
2009-06-26,0.0,0.004744361970768551
2009-06-29,0.0,0.0031769864325270625
2009-06-30,0.0,-0.004891380974588633
2009-07-01,0.0,0.005820036620455271
2009-07-02,0.0,-0.02665626422209222
2009-07-03,0.0,0.0
2009-07-06,0.0,-0.005076481196980787
2009-07-07,0.0,-0.023067024728656182
2009-07-08,0.0,0.0005726819267311001
2009-07-09,0.0,0.0030792653262132763
2009-07-10,0.0,0.0019856780120395268
2009-07-13,0.0,0.021172759007534125
2009-07-14,0.0,0.0036359377875430088
2009-07-15,0.0,0.03509970940085472
2009-07-16,0.0,0.011879327929572137
2009-07-17,0.0,0.0008381829466903579
2009-07-20,0.0,0.01202156248509234
2009-07-21,0.0,0.0036191463842580873
2009-07-22,0.0,0.005312597849911338
2009-07-23,0.0,0.024512297677508954
2009-07-24,0.0,-0.003871098500202619
2009-07-27,0.0,0.0009817086817636156
2009-07-28,0.0,0.003872167651647107
2009-07-29,0.0,-0.003923037595355172
2009-07-30,0.0,0.008405496605277119
2009-07-31,0.0,-0.0029229451191855604
2009-08-03,0.0,0.015218599949456513
2009-08-04,0.0,0.0013442131623362386
2009-08-05,0.0,-0.009078660176700781
2009-08-06,0.0,-0.009979679385865858
2009-08-07,0.0,0.013729246487867108
2009-08-10,0.0,-0.004004499437570308
2009-08-11,0.0,-0.011298839497249302
2009-08-12,0.0,0.014717753194600336
2009-08-13,0.0,0.00531840377841819
2009-08-14,0.0,-0.011859556573021068
2009-08-17,0.0,-0.027539385148474982
2009-08-18,0.0,0.01298916533736616
2009-08-19,0.0,0.006810094482391893
2009-08-20,0.0,0.010146046190408597
2009-08-21,0.0,0.015925840279104486
2009-08-24,0.0,-0.0014449007867781694
2009-08-25,0.0,0.0030971565625030895
2009-08-26,0.0,9.880300163511713e-05
2009-08-27,0.0,0.0016300884693469797
2009-08-28,0.0,0.0005128887968319784
2009-08-31,0.0,-0.009715246183648274
2009-09-01,0.0,-0.019994425253601067
2009-09-02,0.0,-0.0009243787108472734
2009-09-03,0.0,0.00820001321762831
2009-09-04,0.0,0.01794070189592567
2009-09-07,0.0,0.0
2009-09-08,0.0,0.00940667135596751
2009-09-09,0.0,0.011100369521584774
2009-09-10,0.0,0.011468702527191565
2009-09-11,0.0,-0.00149710655367985
2009-09-14,0.0,0.0052285068960546965
2009-09-15,0.0,0.005191750566503117
2009-09-16,0.0,0.014510329871019412
2009-09-17,0.0,-0.003000257834657738
2009-09-18,0.0,0.0028729281767956305
2009-09-21,0.0,0.0024286638597939003
2009-09-22,0.0,0.0038633514807955294
2009-09-23,0.0,-0.006932861203000518
2009-09-24,0.0,-0.011170956451567515
2009-09-25,0.0,-0.00791892238127545
2009-09-28,0.0,0.01904424846479058
2009-09-29,0.0,-0.00314444746895437
2009-09-30,0.0,-0.0007626975009886738
2009-10-01,0.0,-0.03059714853798967
2009-10-02,0.0,-0.004554114742306048
2009-10-05,0.0,0.009784630708311592
2009-10-06,0.0,0.01712641732949738
2009-10-07,0.0,0.0032135845253544737
2009-10-08,0.0,0.006444489724355851
2009-10-09,0.0,0.007227168503670223
2009-10-12,0.0,-6.544257881169191e-05
2009-10-13,0.0,0.0003506081883373202
2009-10-14,0.0,0.01511292636537398
2009-10-15,0.0,0.00048797779240694616
2009-10-16,0.0,-0.0075875745988799315
2009-10-19,0.0,0.009050445103857552
2009-10-20,0.0,-0.005904462579032654
2009-10-21,0.0,-0.005888688079797588
2009-10-22,0.0,0.006769794441887189
2009-10-23,0.0,-0.0049970211842294
2009-10-26,0.0,-0.005857589105441208
2009-10-27,0.0,-0.01202698601676111
2009-10-28,0.0,-0.026690736216323563
2009-10-29,0.0,0.018420963192060658
2009-10-30,0.0,-0.02500059593335091
2009-11-02,0.0,0.001999892426324257
2009-11-03,0.0,0.003962521959789411
2009-11-04,0.0,-0.0008749246592655302
2009-11-05,0.0,0.024227446096364957
2009-11-06,0.0,0.0033819086884654403
2009-11-09,0.0,0.019702334740868244
2009-11-10,0.0,-0.0013834340733313022
2009-11-11,0.0,0.007354445208918481
2009-11-12,0.0,-0.008251419077945465
2009-11-13,0.0,0.00877609328903417
2009-11-16,0.0,0.013824565935383726
2009-11-17,0.0,0.0026980913165139953
2009-11-18,0.0,-0.004828068137473052
2009-11-19,0.0,-0.01656073027713678
2009-11-20,0.0,-0.004998099053235894
2009-11-23,0.0,0.013965256938361037
2009-11-24,0.0,-0.0031387723402007683
2009-11-25,0.0,0.003167095400105291
2009-11-26,0.0,0.0
2009-11-27,0.0,-0.017283610211162537
2009-11-30,0.0,0.002880604552851551
2009-12-01,0.0,0.014552830364636726
2009-12-02,0.0,0.004237502355444844
2009-12-03,0.0,-0.005441572884583024
2009-12-04,0.0,0.00976007068113427
2009-12-07,0.0,-0.0021600929660262613
2009-12-08,0.0,-0.007590392809678548
2009-12-09,0.0,0.0049424985848991465
2009-12-10,0.0,0.003265055661643146
2009-12-11,0.0,-0.00025104296942757287
2009-12-14,0.0,0.009948363473663457
2009-12-15,0.0,-0.004995253379141862
2009-12-16,0.0,0.002662365689102719
2009-12-17,0.0,-0.012170863333801463
2009-12-18,0.0,0.014513428591087285
2009-12-21,0.0,0.01174215192906769
2009-12-22,0.0,0.006707900217191254
2009-12-23,0.0,0.0075332827267198255
2009-12-24,0.0,0.007071606069685155
2009-12-25,0.0,0.0
2009-12-28,0.0,0.0023581500553442325
2009-12-29,0.0,-0.0011697540024790953
2009-12-30,0.0,0.0012585212375459953
2009-12-31,0.0,-0.009658356900946297
2010-01-01,0.0,0.0
2010-01-04,0.0,0.01730603970649791
2010-01-05,0.0,0.00012562705226959459
2010-01-06,0.0,-0.00330054445989314
2010-01-07,0.0,-0.00045195972343536894
2010-01-08,0.0,0.0074433164496423565
2010-01-11,0.0,-0.0020542299442856127
2010-01-12,0.0,-0.013016722812995929
2010-01-13,0.0,0.011212324355587278
2010-01-14,0.0,0.0038303219376920605
2010-01-15,0.0,-0.012409679118071115
2010-01-18,0.0,0.0
2010-01-19,0.0,0.014165271701362503
2010-01-20,0.0,-0.012562489225995566
2010-01-21,0.0,-0.01115111838516103
2010-01-22,0.0,-0.02666284150593634
2010-01-25,0.0,0.0024985376072990118
2010-01-26,0.0,-0.0031979373982269355
2010-01-27,0.0,0.008022761409065549
2010-01-28,0.0,-0.019091477935185286
2010-01-29,0.0,-0.014525011473152882
2010-02-01,0.0,0.011106712925233353
2010-02-02,0.0,0.00868644067796609
2010-02-03,0.0,0.00038811722053266884
2010-02-04,0.0,-0.02988712452816411
2010-02-05,0.0,0.00738203563514217
2010-02-08,0.0,-0.007038372440591689
2010-02-09,0.0,0.011674231556172199
2010-02-10,0.0,-0.0013947844360654438
2010-02-11,0.0,0.013753160107455198
2010-02-12,0.0,0.002810678742175554
2010-02-15,0.0,0.0
2010-02-16,0.0,0.014041483286238332
2010-02-17,0.0,0.005464752347359436
2010-02-18,0.0,0.0069263213687345004
2010-02-19,0.0,0.0009635501469860142
2010-02-22,0.0,-0.000820011854519076
2010-02-23,0.0,-0.012751836505309977
2010-02-24,0.0,0.010147101344513576
2010-02-25,0.0,-0.0007513752851202593
2010-02-26,0.0,0.0018082373266734564
2010-03-01,0.0,0.015775647154486094
2010-03-02,0.0,0.00317562247918457
2010-03-03,0.0,-4.822890314326589e-05
2010-03-04,0.0,0.005099356332322058
2010-03-05,0.0,0.014849649480218607
2010-03-08,0.0,0.0025189674812475804
2010-03-09,0.0,0.00363174842745706
2010-03-10,0.0,0.00780542406480178
2010-03-11,0.0,0.004031454672629886
2010-03-12,0.0,-0.00033777222330133583
2010-03-15,0.0,-0.002301850772492564
2010-03-16,0.0,0.006688651728677941
2010-03-17,0.0,0.004659358034659222
2010-03-18,0.0,0.0009166670154745482
2010-03-19,0.0,-0.007054799103409226
2010-03-22,0.0,0.008840090801504497
2010-03-23,0.0,0.008282541537947496
2010-03-24,0.0,-0.006823338467398465
2010-03-25,0.0,-0.0005627907752340233
2010-03-26,0.0,-0.0009510263158991616
2010-03-29,0.0,0.0038536530376220846
2010-03-30,0.0,0.002632717230364845
2010-03-31,0.0,-0.005280645790209482
2010-04-01,0.0,0.0019266376419957432
2010-04-02,0.0,0.0
2010-04-05,0.0,0.011217108275270782
2010-04-06,0.0,0.0029964643367235144
2010-04-07,0.0,-0.0023186050615353615
2010-04-08,0.0,0.00232399348459178
2010-04-09,0.0,0.007074823232012362
2010-04-12,0.0,0.0015566105010085263
2010-04-13,0.0,0.003303673505921756
2010-04-14,0.0,0.015762432126651182
2010-04-15,0.0,0.0043235949314532895
2010-04-16,0.0,-0.013686105998751752
2010-04-19,0.0,-0.0004634742026229377
2010-04-20,0.0,0.008144800029030952
2010-04-21,0.0,0.0017197867464435745
2010-04-22,0.0,0.005773353935343284
2010-04-23,0.0,0.004398448633821106
2010-04-26,0.0,-0.0028456810861017257
2010-04-27,0.0,-0.0204046849917755
2010-04-28,0.0,0.0001052005486614771
2010-04-29,0.0,0.016259866571187054
2010-04-30,0.0,-0.020195706869645558
2010-05-03,0.0,0.015256847297445475
2010-05-04,0.0,-0.029811024756477233
2010-05-05,0.0,-0.009058471692276027
2010-05-06,0.0,-0.034404672208600995
2010-05-07,0.0,-0.02327947440120015
2010-05-10,0.0,0.0481232675976766
2010-05-11,0.0,0.00026951113207296373
2010-05-12,0.0,0.02092779468785122
2010-05-13,0.0,-0.012643194695301396
2010-05-14,0.0,-0.019842463121669374
2010-05-17,0.0,0.003144640688582667
2010-05-18,0.0,-0.01570364832662896
2010-05-19,0.0,-0.00815186901771936
2010-05-20,0.0,-0.04105518258591945
2010-05-21,0.0,0.011356572792319275
2010-05-24,0.0,-0.006949179916017512
2010-05-25,0.0,-0.0011745838133316866
2010-05-26,0.0,-0.006816074538094408
2010-05-27,0.0,0.03725158023207076
2010-05-28,0.0,-0.009061852411225368
2010-05-31,0.0,0.0
2010-06-01,0.0,-0.015378548895899069
2010-06-02,0.0,0.026431718061674214
2010-06-03,0.0,0.009627060984537916
2010-06-04,0.0,-0.03641289952801319
2010-06-07,0.0,-0.020399518738988043
2010-06-08,0.0,-0.00153180919085516
2010-06-09,0.0,-0.0053995033562613814
2010-06-10,0.0,0.027727725409361526
2010-06-11,0.0,0.011218230413168051
2010-06-14,0.0,0.0001604564093422578
2010-06-15,0.0,0.027594074760690868
2010-06-16,0.0,2.168369559552019e-05
2010-06-17,0.0,0.0005334073454095201
2010-06-18,0.0,0.001144263943549717
2010-06-21,0.0,-0.008966144254913821
2010-06-22,0.0,-0.011921768038827607
2010-06-23,0.0,-0.0033468918560439764
2010-06-24,0.0,-0.016329300914281086
2010-06-25,0.0,0.002732905809454289
2010-06-28,0.0,-0.0012727796067425468
2010-06-29,0.0,-0.03848873077702486
2010-06-30,0.0,-0.012148858644236094
2010-07-01,0.0,-0.003735942804042991
2010-07-02,0.0,-0.004554193474702206
2010-07-05,0.0,0.0
2010-07-06,0.0,0.0009991442735648448
2010-07-07,0.0,0.03132462223241039
2010-07-08,0.0,0.007376810050614413
2010-07-09,0.0,0.00967638135515303
2010-07-12,0.0,0.0008695850121789306
2010-07-13,0.0,0.019864808311650606
2010-07-14,0.0,0.003483450266053456
2010-07-15,0.0,-0.00033780179923914577
2010-07-16,0.0,-0.03113717608977884
2010-07-19,0.0,0.008802000871939608
2010-07-20,0.0,0.01103615181304951
2010-07-21,0.0,-0.015820093678711622
2010-07-22,0.0,0.026772366309610218
2010-07-23,0.0,0.010499178499392192
2010-07-26,0.0,0.011879425592759452
2010-07-27,0.0,-0.0035620506612437097
2010-07-28,0.0,-0.01035288976291926
2010-07-29,0.0,-0.0056832232310028985
2010-07-30,0.0,0.0013367737121894319
2010-08-02,0.0,0.018033441256043004
2010-08-03,0.0,-0.005158232259863449
2010-08-04,0.0,0.008780304091928315
2010-08-05,0.0,-0.004562483449602195
2010-08-06,0.0,-0.0020016920621354073
2010-08-09,0.0,0.007524678060014001
2010-08-10,0.0,-0.012369399182023622
2010-08-11,0.0,-0.030098762938208345
2010-08-12,0.0,-0.00831284551962086
2010-08-13,0.0,-0.007665721577705065
2010-08-16,0.0,0.0038601689456538857
2010-08-17,0.0,0.012635949896190102
2010-08-18,0.0,0.0028332971250633054
2010-08-19,0.0,-0.016586180439590148
2010-08-20,0.0,0.00037173868147521993
2010-08-23,0.0,-0.009234961647153872
2010-08-24,0.0,-0.016609326597611607
2010-08-25,0.0,0.008371944099144768
2010-08-26,0.0,-0.01066989176013522
2010-08-27,0.0,0.0164913224681289
2010-08-30,0.0,-0.015629425667361807
2010-08-31,0.0,-0.002801926442355107
2010-09-01,0.0,0.02971102586056018
2010-09-02,0.0,0.010643869094651093
2010-09-03,0.0,0.015336293925936495
2010-09-06,0.0,0.0
2010-09-07,0.0,-0.01112926692781202
2010-09-08,0.0,0.009045267079845543
2010-09-09,0.0,0.003288661967723483
2010-09-10,0.0,0.0028083355692694045
2010-09-13,0.0,0.019277763904248957
2010-09-14,0.0,0.0017762533304750416
2010-09-15,0.0,0.005044174742441454
2010-09-16,0.0,0.0008386491231118232
2010-09-17,0.0,0.005366330185607282
2010-09-20,0.0,0.017369073375913757
2010-09-21,0.0,-0.002750622922706669
2010-09-22,0.0,-0.006299614787068641
2010-09-23,0.0,-0.003199760125077722
2010-09-24,0.0,0.02326520790002906
2010-09-27,0.0,-0.0048084595291488785
2010-09-28,0.0,0.0041438620625631195
2010-09-29,0.0,-0.0012733285986241683
2010-09-30,0.0,-0.0033409634092974594
2010-10-01,0.0,0.0008992577956785652
2010-10-04,0.0,-0.011064009279763809
2010-10-05,0.0,0.023591182843396563
2010-10-06,0.0,-0.007988065821329049
2010-10-07,0.0,0.001264355262826422
2010-10-08,0.0,0.007652065931945229
2010-10-11,0.0,0.00017486083991502532
2010-10-12,0.0,0.0064895330783032446
2010-10-13,0.0,0.009640517469560628
2010-10-14,0.0,-0.0023963329960716706
2010-10-15,0.0,0.013710386058849
2010-10-18,0.0,0.004816163514624661
2010-10-19,0.0,-0.017620310723759025
2010-10-20,0.0,0.00838753359732447
2010-10-21,0.0,0.00092781365595207
2010-10-22,0.0,0.008017335658848435
2010-10-25,0.0,0.004622104630574553
2010-10-26,0.0,0.0025854627938253216
2010-10-27,0.0,0.00239059140107889
2010-10-28,0.0,0.0016418590158431279
2010-10-29,0.0,1.5952970642496567e-05
2010-11-01,0.0,-0.0010249620125944991
2010-11-02,0.0,0.011449833123073683
2010-11-03,0.0,0.002664277369035961
2010-11-04,0.0,0.014592936971266957
2010-11-05,0.0,0.000636314960385409
2010-11-08,0.0,0.0004148927095208865
2010-11-09,0.0,-0.006616150849789837
2010-11-10,0.0,0.006164698905180677
2010-11-11,0.0,-0.009019769038072334
2010-11-12,0.0,-0.014599768344603081
2010-11-15,0.0,-0.0017433017897633407
2010-11-16,0.0,-0.01749528605866768
2010-11-17,0.0,0.0024981375311761145
2010-11-18,0.0,0.015504783906365338
2010-11-19,0.0,0.0014794782055360667
2010-11-22,0.0,0.005519991104474764
2010-11-23,0.0,-0.014640484672317045
2010-11-24,0.0,0.019307000140283304
2010-11-25,0.0,0.0
2010-11-26,0.0,-0.003365944194532733
2010-11-29,0.0,-0.0036850577615049618
2010-11-30,0.0,-0.010688177663728204
2010-12-01,0.0,0.020494510113159947
2010-12-02,0.0,0.011735956664823188
2010-12-03,0.0,0.004694981293736911
2010-12-06,0.0,0.0013351547004392117
2010-12-07,0.0,0.001375764956144998
2010-12-08,0.0,0.004106230926422594
2010-12-09,0.0,0.002878320992196759
2010-12-10,0.0,0.00797578601810689
2010-12-13,0.0,-0.004788552969812843
2010-12-14,0.0,0.001070512893775355
2010-12-15,0.0,-0.003995859528412415
2010-12-16,0.0,0.007676083783556553
2010-12-17,0.0,0.0021461261664346143
2010-12-20,0.0,0.0024934070382940376
2010-12-21,0.0,0.006812451878802639
2010-12-22,0.0,0.0014507368018563671
2010-12-23,0.0,-0.002201027146001455
2010-12-24,0.0,0.0
2010-12-27,0.0,0.0006265006002401652
2010-12-28,0.0,-0.0016458776201884184
2010-12-29,0.0,0.0015209096917621068
2010-12-30,0.0,-0.0014811037410055183
2010-12-31,0.0,-0.0037964986593966854
2011-01-03,0.0,0.0145691270209245
2011-01-04,0.0,-0.003815687789799016
2011-01-05,0.0,0.007813519813519854
2011-01-06,0.0,0.0028458293242543675
2011-01-07,0.0,-0.0024798054533577973
2011-01-10,0.0,0.0017128038562133074
2011-01-11,0.0,0.003334810547307665
2011-01-12,0.0,0.007545558610586589
2011-01-13,0.0,-0.0007452517599266795
2011-01-14,0.0,0.007315494883540774
2011-01-17,0.0,0.0
2011-01-18,0.0,0.0038289841396579316
2011-01-19,0.0,-0.014639260986676672
2011-01-20,0.0,-0.007731088736900871
2011-01-21,0.0,-0.005454296691553062
2011-01-24,0.0,0.010414420309792893
2011-01-25,0.0,0.0006255634670935262
2011-01-26,0.0,0.007446906316079804
2011-01-27,0.0,0.005760175214455376
2011-01-28,0.0,-0.024821433756278988
2011-01-31,0.0,0.004909021210395714
2011-02-01,0.0,0.01892906876833278
2011-02-02,0.0,-0.0005924708944130552
2011-02-03,0.0,0.0015711604765853426
2011-02-04,0.0,0.005599372521678525
2011-02-07,0.0,0.005304589607481924
2011-02-08,0.0,0.004691108804270261
2011-02-09,0.0,-0.002853005845444345
2011-02-10,0.0,0.000494788585442274
2011-02-11,0.0,0.006805353975165351
2011-02-14,0.0,0.002754997437211637
2011-02-15,0.0,-0.004554199589660524
2011-02-16,0.0,0.00756324995096902
2011-02-17,0.0,0.0021305511119920073
2011-02-18,0.0,0.0008369885364354346
2011-02-21,0.0,0.0
2011-02-22,0.0,-0.027357575116004118
2011-02-23,0.0,-0.012128050152008907
2011-02-24,0.0,0.0054755985148680075
2011-02-25,0.0,0.015760254209430613
2011-02-28,0.0,0.00043868323115359154
2011-03-01,0.0,-0.01612352503531289
2011-03-02,0.0,0.0038941919551693793
2011-03-03,0.0,0.018438394946271197
2011-03-04,0.0,-0.005027262268020527
2011-03-07,0.0,-0.014019614532422175
2011-03-08,0.0,0.00733529281075751
2011-03-09,0.0,-0.005079959649573196
2011-03-10,0.0,-0.01842483973660103
2011-03-11,0.0,0.005401663075430774
2011-03-14,0.0,-0.005391053943681334
2011-03-15,0.0,-0.012454784762511162
2011-03-16,0.0,-0.01893653953579033
2011-03-17,0.0,0.007348613966570161
2011-03-18,0.0,0.0028906887198649756
2011-03-21,0.0,0.01831544784333894
2011-03-22,0.0,-0.003053389745513835
2011-03-23,0.0,0.005376564438665188
2011-03-24,0.0,0.014127413556683788
2011-03-25,0.0,0.0024265280914479437
2011-03-28,0.0,-0.004513207877334113
2011-03-29,0.0,0.009598341804971655
2011-03-30,0.0,0.007218278567516334
2011-03-31,0.0,0.0015413481033856868
2011-04-01,0.0,0.003067164796283439
2011-04-04,0.0,-0.00014697447662737062
2011-04-05,0.0,0.0007170540551200144
2011-04-06,0.0,0.0030918712090541867
2011-04-07,0.0,-0.0013143702095135268
2011-04-08,0.0,-0.00562561245145099
2011-04-11,0.0,-0.003200966763894364
2011-04-12,0.0,-0.009640953848263356
2011-04-13,0.0,0.006095183966715156
2011-04-14,0.0,-0.00047075523624673377
2011-04-15,0.0,0.0016049445334067602
2011-04-18,0.0,-0.010587235273904483
2011-04-19,0.0,0.0035059114272970593
2011-04-20,0.0,0.020961977726532632
2011-04-21,0.0,0.006297925787954295
2011-04-22,0.0,0.0
2011-04-25,0.0,0.0020282537161013803
2011-04-26,0.0,0.007664868996560381
2011-04-27,0.0,0.007845368282798582
2011-04-28,0.0,0.0009233835561068826
2011-04-29,0.0,0.00035160642360554384
2011-05-02,0.0,-0.0032921066002213895
2011-05-03,0.0,-0.007841959721795466
2011-05-04,0.0,-0.004712100843884737
2011-05-05,0.0,-0.0047768392245327584
2011-05-06,0.0,0.004561732605729896
2011-05-09,0.0,0.005548953868352857
2011-05-10,0.0,0.010072979864591547
2011-05-11,0.0,-0.009342279822695088
2011-05-12,0.0,0.006319726121768898
2011-05-13,0.0,-0.012074578070861763
2011-05-16,0.0,-0.016319777123321
2011-05-17,0.0,0.0003234722227214437
2011-05-18,0.0,0.011422063013570627
2011-05-19,0.0,0.002952042628774354
2011-05-20,0.0,-0.007080341868232587
2011-05-23,0.0,-0.015845497481557613
2011-05-24,0.0,-0.004617782449527041
2011-05-25,0.0,0.0055422844990824505
2011-05-26,0.0,0.0078004476022857094
2011-05-27,0.0,0.00500912710390522
2011-05-30,0.0,0.0
2011-05-31,0.0,0.013743984325279124
2011-06-01,0.0,-0.023316756604239486
2011-06-02,0.0,0.001487799681495261
2011-06-03,0.0,-0.014614305649206072
2011-06-06,0.0,-0.011058336199767371
2011-06-07,0.0,-0.00037001953703152957
2011-06-08,0.0,-0.009690697226787393
2011-06-09,0.0,0.0035471596558245277
2011-06-10,0.0,-0.015322902039949793
2011-06-13,0.0,-0.001528143948133831
2011-06-14,0.0,0.014785827123639406
2011-06-15,0.0,-0.017642754748536493
2011-06-16,0.0,-0.0029489332917849165
2011-06-17,0.0,-0.0027518390059838582
2011-06-20,0.0,0.005037302024093471
2011-06-21,0.0,0.0219039723766572
2011-06-22,0.0,-0.006724321427774127
2011-06-23,0.0,0.006578774834312906
2011-06-24,0.0,-0.012602586768400537
2011-06-27,0.0,0.013340168646268857
2011-06-28,0.0,0.015262547056110076
2011-06-29,0.0,0.004096273417090623
2011-06-30,0.0,0.012052589135519653
2011-07-01,0.0,0.015327093368715738
2011-07-04,0.0,0.0
2011-07-05,0.0,0.0034587699704902164
2011-07-06,0.0,0.002919558208912987
2011-07-07,0.0,0.013634342735760363
2011-07-08,0.0,-0.0044732060181156275
2011-07-11,0.0,-0.019997832023805784
2011-07-12,0.0,-0.007389514097523087
2011-07-13,0.0,0.005395573544794807
2011-07-14,0.0,-0.012245613031477531
2011-07-15,0.0,0.009820210159012799
2011-07-18,0.0,-0.008850096781131245
2011-07-19,0.0,0.02220888138265731
2011-07-20,0.0,-0.004348102967606793
2011-07-21,0.0,0.007177807073337927
2011-07-22,0.0,0.008608432736035176
2011-07-25,0.0,-0.005607188954922071
2011-07-26,0.0,-0.0009990150555790889
2011-07-27,0.0,-0.02646868265750224
2011-07-28,0.0,0.0005280690396016752
2011-07-29,0.0,-0.0035680072300044996
2011-08-01,0.0,-0.004270093383350604
2011-08-02,0.0,-0.02746109647636652
2011-08-03,0.0,0.008927634832386788
2011-08-04,0.0,-0.05075248693869827
2011-08-05,0.0,-0.00938041535133527
2011-08-08,0.0,-0.06899356739232576
2011-08-09,0.0,0.05294589195356458
2011-08-10,0.0,-0.04087378953643872
2011-08-11,0.0,0.046882677810209605
2011-08-12,0.0,0.006137971981963197
2011-08-15,0.0,0.01882790133892609
2011-08-16,0.0,-0.012425641828428313
2011-08-17,0.0,-0.004743505914521662
2011-08-18,0.0,-0.05218038765986599
2011-08-19,0.0,-0.016211356771675622
2011-08-22,0.0,0.00151163187920611
2011-08-23,0.0,0.04292694574013578
2011-08-24,0.0,0.008842792081960482
2011-08-25,0.0,-0.019475703998476313
2011-08-26,0.0,0.024888102726449812
2011-08-29,0.0,0.033171361171038694
2011-08-30,0.0,0.005464246265773243
2011-08-31,0.0,0.0013004103085660912
2011-09-01,0.0,-0.012956200134911944
2011-09-02,0.0,-0.025808706854566377
2011-09-05,0.0,0.0
2011-09-06,0.0,-0.002620619030532234
2011-09-07,0.0,0.030361827611436576
2011-09-08,0.0,-0.007767934906274809
2011-09-09,0.0,-0.024178179143898748
2011-09-12,0.0,0.010980595545363014
2011-09-13,0.0,0.014853171629079398
2011-09-14,0.0,0.015954821001915365
2011-09-15,0.0,0.013418592447182798
2011-09-16,0.0,0.0058456428097442
2011-09-19,0.0,-0.0036151332222353894
2011-09-20,0.0,-0.008645797851371984
2011-09-21,0.0,-0.020094663042806715
2011-09-22,0.0,-0.032511356517833545
2011-09-23,0.0,0.011223006348572762
2011-09-26,0.0,0.013474386182512399
2011-09-27,0.0,0.011976047904191489
2011-09-28,0.0,-0.021693634832321007
2011-09-29,0.0,-0.004342625964247504
2011-09-30,0.0,-0.026346764701140057
2011-10-03,0.0,-0.0329427838039249
2011-10-04,0.0,0.029535539829525392
2011-10-05,0.0,0.023157658369441503
2011-10-06,0.0,0.018821301274938973
2011-10-07,0.0,-0.01095810628605176
2011-10-10,0.0,0.034968842640208164
2011-10-11,0.0,0.0066171742561524916
2011-10-12,0.0,0.008400986438407587
2011-10-13,0.0,0.00595455191133043
2011-10-14,0.0,0.018170091289347656
2011-10-17,0.0,-0.019839946023951782
2011-10-18,0.0,0.016256711486393405
2011-10-19,0.0,-0.020090839645823144
2011-10-20,0.0,-0.0020813812383834174
2011-10-21,0.0,0.014946394624839376
2011-10-24,0.0,0.023499882462672428
2011-10-25,0.0,-0.02260468837981211
2011-10-26,0.0,0.004642930238551779
2011-10-27,0.0,0.033184062897305244
2011-10-28,0.0,-0.0005404161934982055
2011-10-31,0.0,-0.0192682169409788
2011-11-01,0.0,-0.028851777485555452
2011-11-02,0.0,0.012666093841102288
2011-11-03,0.0,0.021966075500571947
2011-11-04,0.0,-0.004381071694644412
2011-11-07,0.0,0.0033877482642443724
2011-11-08,0.0,0.011961784621092653
2011-11-09,0.0,-0.03880490854228602
2011-11-10,0.0,0.0013350370949591905
2011-11-11,0.0,0.02041788088299712
2011-11-14,0.0,-0.008037330844610446
2011-11-15,0.0,0.010906134983177829
2011-11-16,0.0,-0.017344203707839956
2011-11-17,0.0,-0.01955591924564626
2011-11-18,0.0,-0.005985339974265647
2011-11-21,0.0,-0.01918756073858119
2011-11-22,0.0,-0.0007371766925338141
2011-11-23,0.0,-0.024273384947328447
2011-11-24,0.0,0.0
2011-11-25,0.0,-0.007548535006991486
2011-11-28,0.0,0.03515447407546968
2011-11-29,0.0,-0.004680810654680401
2011-11-30,0.0,0.04167345786739074
2011-12-01,0.0,0.0022363510078844406
2011-12-02,0.0,0.0002779681669331513
2011-12-05,0.0,0.010974788060587937
2011-12-06,0.0,-0.0023345483025575264
2011-12-07,0.0,-0.00013209740485209398
2011-12-08,0.0,-0.01994179396876805
2011-12-09,0.0,0.01943860297799227
2011-12-12,0.0,-0.013068364282071032
2011-12-13,0.0,-0.012628911364106266
2011-12-14,0.0,-0.015492755702194771
2011-12-15,0.0,0.0006694732033505346
2011-12-16,0.0,0.00563555436617702
2011-12-19,0.0,-0.012597198796241549
2011-12-20,0.0,0.03194036002758471
2011-12-21,0.0,-0.009893498941902612
2011-12-22,0.0,0.008332137301830578
2011-12-23,0.0,0.007382330877685694
2011-12-26,0.0,0.0
2011-12-27,0.0,0.002505117160052528
2011-12-28,0.0,-0.01341612067651976
2011-12-29,0.0,0.009173816014023117
2011-12-30,0.0,-0.003286478379639801
2012-01-02,0.0,0.0
2012-01-03,0.0,0.01672456480432971
2012-01-04,0.0,-0.00013591470597107413
2012-01-05,0.0,0.008118231660348307
2012-01-06,0.0,0.0016330444292957935
2012-01-09,0.0,0.0008750215015966845
2012-01-10,0.0,0.009691544370385996
2012-01-11,0.0,0.0030564292321924036
2012-01-12,0.0,0.00514246927061035
2012-01-13,0.0,-0.005149190736594811
2012-01-16,0.0,0.0
2012-01-17,0.0,0.006422766327144114
2012-01-18,0.0,0.015259816427670714
2012-01-19,0.0,0.006722725483895298
2012-01-20,0.0,-0.0005845793001546529
2012-01-23,0.0,-0.0009078838769870368
2012-01-24,0.0,0.0008871584709266855
2012-01-25,0.0,0.011364941291304165
2012-01-26,0.0,-0.004623338099783103
2012-01-27,0.0,0.004017424285632787
2012-01-30,0.0,-0.0016367541850846878
2012-01-31,0.0,0.0006756900929607568
2012-02-01,0.0,0.012235948028317178
2012-02-02,0.0,0.004005940448061462
2012-02-03,0.0,0.016078722094779785
2012-02-06,0.0,-0.0012630521120846616
2012-02-07,0.0,0.0007201954520863474
2012-02-08,0.0,0.004056362083689313
2012-02-09,0.0,0.0038993641670037604
2012-02-10,0.0,-0.007976824506444657
2012-02-13,0.0,0.009473531964130588
2012-02-14,0.0,0.00015009944087962523
2012-02-15,0.0,-0.005457342342495952
2012-02-16,0.0,0.015096902082768926
2012-02-17,0.0,-0.0027264895180497684
2012-02-20,0.0,0.0
2012-02-21,0.0,-0.0010874794191979564
2012-02-22,0.0,-0.005222870747514929
2012-02-23,0.0,0.008117497451562539
2012-02-24,0.0,0.002289498068975826
2012-02-27,0.0,0.0008131590046394077
2012-02-28,0.0,0.006945006338161308
2012-02-29,0.0,-0.006652693889030337
2012-03-01,0.0,0.007442136378497333
2012-03-02,0.0,-0.004275720398665639
2012-03-05,0.0,-0.008638561382169785
2012-03-06,0.0,-0.013611344594777752
2012-03-07,0.0,0.00871725445999072
2012-03-08,0.0,0.01183026818226729
2012-03-09,0.0,0.006032816908046801
2012-03-12,0.0,-0.001566086857586635
2012-03-13,0.0,0.01884262952213067
2012-03-14,0.0,0.0002796163006433261
2012-03-15,0.0,0.005143501724914623
2012-03-16,0.0,-0.000363175924380732
2012-03-19,0.0,0.007547639153459906
2012-03-20,0.0,-0.0013546349957119785
2012-03-21,0.0,0.00038059300944981445
2012-03-22,0.0,-0.0039020329591716862
2012-03-23,0.0,0.001501638744891176
2012-03-26,0.0,0.017813371926256316
2012-03-27,0.0,-0.0007109528369261264
2012-03-28,0.0,-0.004932139022865933
2012-03-29,0.0,-0.003091827269916525
2012-03-30,0.0,-0.001224413315414008
2012-04-02,0.0,0.00909893678616358
2012-04-03,0.0,-0.00196493252556329
2012-04-04,0.0,-0.014607026660714229
2012-04-05,0.0,0.004044861786974829
2012-04-06,0.0,0.0
2012-04-09,0.0,-0.010848888167505288
2012-04-10,0.0,-0.018332305026451556
2012-04-11,0.0,0.008438028630458616
2012-04-12,0.0,0.01295889884168866
2012-04-13,0.0,-0.014472026312775221
2012-04-16,0.0,-0.007614575619410591
2012-04-17,0.0,0.018210413599250463
2012-04-18,0.0,-0.003736665330187239
2012-04-19,0.0,-0.007880717148559202
2012-04-20,0.0,-0.002364042612616246
2012-04-23,0.0,-0.009998500224966289
2012-04-24,0.0,-0.0029793465636519523
2012-04-25,0.0,0.022970691518098496
2012-04-26,0.0,0.006924938028736172
2012-04-27,0.0,0.006093863194574167
2012-04-30,0.0,-0.007441678613319347
2012-05-01,0.0,0.001339303299675576
2012-05-02,0.0,0.0030848008811843464
2012-05-03,0.0,-0.011618216579244
2012-05-04,0.0,-0.022471315676354853
2012-05-07,0.0,0.0004803236434240965
2012-05-08,0.0,-0.003884696527101661
2012-05-09,0.0,-0.003923605100686567
2012-05-10,0.0,-0.00036460161310658545
2012-05-11,0.0,6.13572217451619e-05
2012-05-14,0.0,-0.010648233361283288
2012-05-15,0.0,-0.0030386759365804705
2012-05-16,0.0,-0.006814663275461763
2012-05-17,0.0,-0.020998315959416036
2012-05-18,0.0,-0.012403640770660584
2012-05-21,0.0,0.02462222766024058
2012-05-22,0.0,-0.002855426891588686
2012-05-23,0.0,0.003888583625681452
2012-05-24,0.0,-0.003768262388952004
2012-05-25,0.0,-0.0006515506906437096
2012-05-28,0.0,0.0
2012-05-29,0.0,0.011791945812026583
2012-05-30,0.0,-0.011713729410412266
2012-05-31,0.0,-0.0035314517720698158
2012-06-01,0.0,-0.028245630168285407
2012-06-04,0.0,0.00456054275190354
2012-06-05,0.0,0.0065579472538142
2012-06-06,0.0,0.023976732382806842
2012-06-07,0.0,-0.0048159397058409326
2012-06-08,0.0,0.009678490438075338
2012-06-11,0.0,-0.017033885853023678
2012-06-12,0.0,0.011865908823979643
2012-06-13,0.0,-0.008603375928133983
2012-06-14,0.0,0.00628678674949712
2012-06-15,0.0,0.012858165305165592
2012-06-18,0.0,0.007842522974101929
2012-06-19,0.0,0.011891563310572728
2012-06-20,0.0,0.00023551417180911471
2012-06-21,0.0,-0.024351208858707563
2012-06-22,0.0,0.011657555376011208
2012-06-25,0.0,-0.019447383160121956
2012-06-26,0.0,0.006307802423691111
2012-06-27,0.0,0.007449037511474854
2012-06-28,0.0,-0.008983347940403341
2012-06-29,0.0,0.030029935181383305
2012-07-02,0.0,0.005512664136337886
2012-07-03,0.0,0.008420189479676488
2012-07-04,0.0,0.0
2012-07-05,0.0,1.008034031224625e-05
2012-07-06,0.0,-0.01303374863916773
2012-07-09,0.0,-0.0018928755025822142
2012-07-10,0.0,-0.010038304505469386
2012-07-11,0.0,-0.004944286334475079
2012-07-12,0.0,-0.007548502591767869
2012-07-13,0.0,0.014751290040087905
2012-07-16,0.0,-0.003960845392938506
2012-07-17,0.0,0.004518545366678728
2012-07-18,0.0,0.011192286016687092
2012-07-19,0.0,0.007914742354576454
2012-07-20,0.0,-0.013688930847297609
2012-07-23,0.0,-0.012012443168222142
2012-07-24,0.0,-0.009397403603952692
2012-07-25,0.0,-0.003056234718826434
2012-07-26,0.0,0.013663834632565486
2012-07-27,0.0,0.022410783720729244
2012-07-30,0.0,-0.0041411856975277495
2012-07-31,0.0,-0.002145398256524489
2012-08-01,0.0,-0.006569099716960625
2012-08-02,0.0,-0.0035750853534506355
2012-08-03,0.0,0.01997752399674213
2012-08-06,0.0,0.007416018059907659
2012-08-07,0.0,0.008679191012438636
2012-08-08,0.0,-0.0015285855444218122
2012-08-09,0.0,0.0024541303445413387
2012-08-10,0.0,0.0007354305250046878
2012-08-13,0.0,0.0005495123905112642
2012-08-14,0.0,-0.0018329076399825617
2012-08-15,0.0,0.004623829127140322
2012-08-16,0.0,0.010379652449908017
2012-08-17,0.0,0.004636901243799896
2012-08-20,0.0,-0.00012351337032234788
2012-08-21,0.0,-0.0029094242590720354
2012-08-22,0.0,0.0020898130579083407
2012-08-23,0.0,-0.006594722270120035
2012-08-24,0.0,0.005367786729547408
2012-08-27,0.0,0.001107567618631844
2012-08-28,0.0,0.001285309401631407
2012-08-29,0.0,0.001316157210916602
2012-08-30,0.0,-0.010541381738873645
2012-08-31,0.0,0.005986138399519891
2012-09-03,0.0,0.0
2012-09-04,0.0,0.00264105172548712
2012-09-05,0.0,-0.0018828900899494627
2012-09-06,0.0,0.021679422142724558
2012-09-07,0.0,0.00019452709188372275
2012-09-10,0.0,-0.010330249137551761
2012-09-11,0.0,0.00016430306505754722
2012-09-12,0.0,0.0031502353013177498
2012-09-13,0.0,0.013332006126557827
2012-09-14,0.0,0.008910492643773527
2012-09-17,0.0,-0.0016583174987043758
2012-09-18,0.0,-0.00027369937741250627
2012-09-19,0.0,0.0015167726099816203
2012-09-20,0.0,-0.0020926155180323036
2012-09-21,0.0,0.0012594617060668334
2012-09-24,0.0,-0.006031522409086887
2012-09-25,0.0,-0.013620055809009268
2012-09-26,0.0,-0.007707530799652362
2012-09-27,0.0,0.013866890778032825
2012-09-28,0.0,-0.006494293183702093
2012-10-01,0.0,-0.0008664315535117373
2012-10-02,0.0,0.002090874345196614
2012-10-03,0.0,0.004868527326572725
2012-10-04,0.0,0.004538741974273064
2012-10-05,0.0,-0.004213420713392146
2012-10-08,0.0,-0.007601580261400009
2012-10-09,0.0,-0.01520715857792343
2012-10-10,0.0,-0.0043197108012345
2012-10-11,0.0,-0.0007765959538369449
2012-10-12,0.0,-0.0017380411292675646
2012-10-15,0.0,0.00659306004053728
2012-10-16,0.0,0.012071745132466116
2012-10-17,0.0,0.0009512538815994454
2012-10-18,0.0,-0.01006726544076908
2012-10-19,0.0,-0.021885078119152412
2012-10-22,0.0,0.0037729320406438838
2012-10-23,0.0,-0.008783676283411146
2012-10-24,0.0,-0.002929315222407358
2012-10-25,0.0,0.001482375825871074
2012-10-26,0.0,0.0006128353850480828
2012-10-29,0.0,0.0
2012-10-30,0.0,0.0
2012-10-31,0.0,-0.0035877441054903425
2012-11-01,0.0,0.014385855308457929
2012-11-02,0.0,-0.012559353125434547
2012-11-05,0.0,0.0058783486970721555
2012-11-06,0.0,0.00409046358587295
2012-11-07,0.0,-0.02478145242419305
2012-11-08,0.0,-0.014200164096837553
2012-11-09,0.0,0.003208338225847651
2012-11-12,0.0,-0.0002099921855366338
2012-11-13,0.0,-0.007013834849497025
2012-11-14,0.0,-0.012857633266178614
2012-11-15,0.0,-0.003467038544897605
2012-11-16,0.0,0.005706853158685021
2012-11-19,0.0,0.022059983246469628
2012-11-20,0.0,0.0002091856505501699
2012-11-21,0.0,0.0033839845303564875
2012-11-22,0.0,0.0
2012-11-23,0.0,0.013770480600023838
2012-11-26,0.0,0.003346984175135237
2012-11-27,0.0,-0.0030200417901222743
2012-11-28,0.0,0.008083456039679415
2012-11-29,0.0,0.0067685458155346545
2012-11-30,0.0,-0.0005942835894729992
2012-12-03,0.0,-0.0026708833847135516
2012-12-04,0.0,-0.0018353207647724412
2012-12-05,0.0,-0.00767179788366501
2012-12-06,0.0,0.005235901402293575
2012-12-07,0.0,-0.003756770047536717
2012-12-10,0.0,0.0029952586264792025
2012-12-11,0.0,0.011831427270535988
2012-12-12,0.0,-0.0028091188829699743
2012-12-13,0.0,-0.007183598169758554
2012-12-14,0.0,-0.0069615261215977275
2012-12-17,0.0,0.013216303810078323
2012-12-18,0.0,0.014591775725768974
2012-12-19,0.0,-0.00332948113130338
2012-12-20,0.0,0.0019807118737598106
2012-12-21,0.0,-0.009631555309321027
2012-12-24,0.0,-0.002783837193521488
2012-12-25,0.0,0.0
2012-12-26,0.0,-0.0074487153953396446
2012-12-27,0.0,-0.0014213286245552403
2012-12-28,0.0,-0.00857360067785029
2012-12-31,0.0,0.01999790562474879
2013-01-01,0.0,0.0
2013-01-02,0.0,0.030716904398395695
2013-01-03,0.0,-0.003756112921156962
2013-01-04,0.0,0.00035154826370620285
2013-01-07,0.0,-0.0009188628024993095
2013-01-08,0.0,-0.0022589316544092686
2013-01-09,0.0,0.004528091959078884
2013-01-10,0.0,0.0051355363013192434
2013-01-11,0.0,0.0012396853057250468
2013-01-14,0.0,-0.0026010756231543697
2013-01-15,0.0,-0.0021555733761026152
2013-01-16,0.0,0.002173088421553393
2013-01-17,0.0,0.005921335411895212
2013-01-18,0.0,-0.00041135204081632626
2013-01-21,0.0,0.0
2013-01-22,0.0,0.002702004332139074
2013-01-23,0.0,0.0033373844323265622
2013-01-24,0.0,-0.007385046628214154
2013-01-25,0.0,0.006174969173071698
2013-01-28,0.0,0.0014572770191541018
2013-01-29,0.0,-0.00020289763180425524
2013-01-30,0.0,-0.003598992916167165
2013-01-31,0.0,-5.728269966998045e-05
2013-02-01,0.0,0.011765904020521134
2013-02-04,0.0,-0.015076594004592492
2013-02-05,0.0,0.012905718948508005
2013-02-06,0.0,-0.000977430807357793
2013-02-07,0.0,-0.0010572892996010275
2013-02-08,0.0,0.00908019575815211
2013-02-11,0.0,-0.0005854965919088739
2013-02-12,0.0,-0.0017261904761904923
2013-02-13,0.0,0.0032606410188014134
2013-02-14,0.0,0.000556792873051215
2013-02-15,0.0,-0.002072742961114815
2013-02-18,0.0,0.0
2013-02-19,0.0,0.006754322484437747
2013-02-20,0.0,-0.01530375685759544
2013-02-21,0.0,-0.01040320312475318
2013-02-22,0.0,0.009685485184369291
2013-02-25,0.0,-0.014412585156650337
2013-02-26,0.0,0.0043000401123145515
2013-02-27,0.0,0.010419695493106396
2013-02-28,0.0,-0.000654595131330149
2013-03-01,0.0,0.003021970197994328
2013-03-04,0.0,0.0038772896199690265
2013-03-05,0.0,0.013230547794961023
2013-03-06,0.0,-0.0005458836957566993
2013-03-07,0.0,0.0030164133851793284
2013-03-08,0.0,0.0037993991503948443
2013-03-11,0.0,0.002619923128373225
2013-03-12,0.0,-0.0032432897718014386
2013-03-13,0.0,0.0008635791655358105
2013-03-14,0.0,0.0042556207474608865
2013-03-15,0.0,-0.0030255329203142667
2013-03-18,0.0,-0.0035333187650620212
2013-03-19,0.0,-0.0026223209238971368
2013-03-20,0.0,0.007769966863832023
2013-03-21,0.0,-0.009707484811888767
2013-03-22,0.0,0.006950909203748523
2013-03-25,0.0,-0.0029892141756547863
2013-03-26,0.0,0.005310172163323301
2013-03-27,0.0,0.0012421290830382237
2013-03-28,0.0,0.003377838920074261
2013-03-29,0.0,0.0
2013-04-01,0.0,-0.008676304965233528
2013-04-02,0.0,0.004843833451161794
2013-04-03,0.0,-0.011140264097380559
2013-04-04,0.0,0.001982228298017752
2013-04-05,0.0,-0.006548877822498134
2013-04-08,0.0,0.005739951183884484
2013-04-09,0.0,0.004844440996198296
2013-04-10,0.0,0.018342361930410833
2013-04-11,0.0,0.0008825536431875669
2013-04-12,0.0,-0.0015787113352080384
2013-04-15,0.0,-0.02381219745367913
2013-04-16,0.0,0.014966625109980258
2013-04-17,0.0,-0.018366553024385612
2013-04-18,0.0,-0.01195442900517052
2013-04-19,0.0,0.012538056317032753
2013-04-22,0.0,0.008574387254137505
2013-04-23,0.0,0.011065237896429547
2013-04-24,0.0,9.787938201410995e-05
2013-04-25,0.0,0.006220849326380451
2013-04-26,0.0,-0.003261408089386131
2013-04-29,0.0,0.008465324493940551
2013-04-30,0.0,0.006582965933075613
2013-05-01,0.0,-0.008910144526990238
2013-05-02,0.0,0.01257604277491331
2013-05-03,0.0,0.011378127413474104
2013-05-06,0.0,0.004244323882757195
2013-05-07,0.0,0.0010787009611050724
2013-05-08,0.0,0.0048989733942170766
2013-05-09,0.0,-0.0012011941627823042
2013-05-10,0.0,0.00804008013680746
2013-05-13,0.0,0.0006430812028237476
2013-05-14,0.0,0.006926855085655159
2013-05-15,0.0,0.0026020833995163972
2013-05-16,0.0,-0.0018377587408759943
2013-05-17,0.0,0.00973381353095304
2013-05-20,0.0,-0.000725927915929514
2013-05-21,0.0,0.001627374207405774
2013-05-22,0.0,-0.011084714401562445
2013-05-23,0.0,-0.0011203187711142926
2013-05-24,0.0,-8.093842320400224e-05
2013-05-27,0.0,0.0
2013-05-28,0.0,0.00860040356851699
2013-05-29,0.0,-0.006125157284981753
2013-05-30,0.0,0.006857927279438902
2013-05-31,0.0,-0.010136625325809945
2013-06-03,0.0,0.002737339803409178
2013-06-04,0.0,-0.005803132133076594
2013-06-05,0.0,-0.012707313816664123
2013-06-06,0.0,0.006635346966614497
2013-06-07,0.0,0.013191980257297509
2013-06-10,0.0,0.0013115340047620272
2013-06-11,0.0,-0.010599435195767226
2013-06-12,0.0,-0.01062570011201791
2013-06-13,0.0,0.01321597562661192
2013-06-14,0.0,-0.006330234488603481
2013-06-17,0.0,0.008345114442276591
2013-06-18,0.0,0.00870477067781339
2013-06-19,0.0,-0.011194137006128368
2013-06-20,0.0,-0.02281888940520438
2013-06-21,0.0,-0.002193406110032936
2013-06-24,0.0,-0.01086901481867597
2013-06-25,0.0,0.008169816548019071
2013-06-26,0.0,0.008462046244052113
2013-06-27,0.0,0.007594291841171552
2013-06-28,0.0,0.0004086000011758184
2013-07-01,0.0,0.009179460809520146
2013-07-02,0.0,-0.00031736880876043205
2013-07-03,0.0,0.0029912040542900975
2013-07-04,0.0,0.0
2013-07-05,0.0,0.010369750876245476
2013-07-08,0.0,0.0015663710201241354
2013-07-09,0.0,0.005575594792285532
2013-07-10,0.0,0.004708554730527892
2013-07-11,0.0,0.01634306229336846
2013-07-12,0.0,0.006086689209960028
2013-07-15,0.0,0.002058287593609043
2013-07-16,0.0,-0.0024920373999650636
2013-07-17,0.0,0.0031957760177852013
2013-07-18,0.0,0.0003545706371190782
2013-07-19,0.0,-0.006554462683591389
2013-07-22,0.0,0.003562260111884985
2013-07-23,0.0,-0.005866031179955433
2013-07-24,0.0,9.219757101308623e-05
2013-07-25,0.0,0.007148843446195041
2013-07-26,0.0,0.002210701793802672
2013-07-29,0.0,-0.0038802599386685843
2013-07-30,0.0,0.004815039148240885
2013-07-31,0.0,0.0027374760470846304
2013-08-01,0.0,0.01361416512931668
2013-08-02,0.0,0.0037679487667789946
2013-08-05,0.0,0.0009106702912788922
2013-08-06,0.0,-0.007359969671942412
2013-08-07,0.0,-0.0032080572430893683
2013-08-08,0.0,0.00413518299074167
2013-08-09,0.0,-0.002455629687772465
2013-08-12,0.0,0.0026884437899405977
2013-08-13,0.0,0.003948282674151038
2013-08-14,0.0,-0.004117314978667075
2013-08-15,0.0,-0.017210507812180698
2013-08-16,0.0,-0.0009262032322827629
2013-08-19,0.0,-0.003799843454221463
2013-08-20,0.0,0.006826242863789966
2013-08-21,0.0,-0.0038189169219530195
2013-08-22,0.0,0.010811741796049157
2013-08-23,0.0,0.005243616556416919
2013-08-26,0.0,-6.0145607046813154e-05
2013-08-27,0.0,-0.021612710078002695
2013-08-28,0.0,0.004144171333400282
2013-08-29,0.0,0.007499965213519477
2013-08-30,0.0,-0.008405380769549553
2013-09-02,0.0,0.0
2013-09-03,0.0,0.0063344912211307225
2013-09-04,0.0,0.010084122005973528
2013-09-05,0.0,0.002669195185583062
2013-09-06,0.0,0.0003361776329815491
2013-09-09,0.0,0.012614719631913518
2013-09-10,0.0,0.006162679632397916
2013-09-11,0.0,-0.0010753495556472537
2013-09-12,0.0,-0.0024268391225796826
2013-09-13,0.0,0.0016711652677496858
2013-09-16,0.0,-0.0011632967776947778
2013-09-17,0.0,0.007490888551178854
2013-09-18,0.0,0.010128947860213122
2013-09-19,0.0,0.0015170576481906561
2013-09-20,0.0,-0.0038660678000095317
2013-09-23,0.0,-0.0025008411197622316
2013-09-24,0.0,0.0007861280273233628
2013-09-25,0.0,-0.0018974324951901433
2013-09-26,0.0,0.00700061152322462
2013-09-27,0.0,-0.0015419426893698018
2013-09-30,0.0,-0.002673478616137648
2013-10-01,0.0,0.01232937732667283
2013-10-02,0.0,-0.0007752790742748816
2013-10-03,0.0,-0.010663115789694366
2013-10-04,0.0,0.008851878739064345
2013-10-07,0.0,-0.009814194734423132
2013-10-08,0.0,-0.02003776807642732
2013-10-09,0.0,-0.0046145560147556886
2013-10-10,0.0,0.0225598050998157
2013-10-11,0.0,0.00827494515721594
2013-10-14,0.0,0.006171097637841072
2013-10-15,0.0,-0.005572344814390506
2013-10-16,0.0,0.011971502447278626
2013-10-17,0.0,0.0061780003802649475
2013-10-18,0.0,0.013235313151184869
2013-10-21,0.0,0.0014740897431966271
2013-10-22,0.0,0.002428540452290129
2013-10-23,0.0,-0.005725817328613547
2013-10-24,0.0,0.005602663888796489
2013-10-25,0.0,0.003665092034533357
2013-10-28,0.0,-0.0008190984338228846
2013-10-29,0.0,0.0030988825241806683
2013-10-30,0.0,-0.005495478627850936
2013-10-31,0.0,-0.002775643537151873
2013-11-01,0.0,0.0005944317309187763
2013-11-04,0.0,0.003709804081549528
2013-11-05,0.0,0.0008306681671192973
2013-11-06,0.0,-0.002007685552278593
2013-11-07,0.0,-0.01897786085784403
2013-11-08,0.0,0.01604736955355124
2013-11-11,0.0,0.00014288520959482298
2013-11-12,0.0,3.3165042004901224e-05
2013-11-13,0.0,0.011648196901977492
2013-11-14,0.0,0.0018055366428113562
2013-11-15,0.0,0.003330195280838888
2013-11-18,0.0,-0.009257470578052374
2013-11-19,0.0,-0.004436487578088011
2013-11-20,0.0,-0.002614744820745085
2013-11-21,0.0,0.012210329816615628
2013-11-22,0.0,0.005668720003023209
2013-11-25,0.0,0.0007315270627434867
2013-11-26,0.0,0.005802877406078766
2013-11-27,0.0,0.006720179204778853
2013-11-28,0.0,0.0
2013-11-29,0.0,0.003743123802459891
2013-12-02,0.0,-0.0036035459088792354
2013-12-03,0.0,-0.001992455367516688
2013-12-04,0.0,0.00019815713861093265
2013-12-05,0.0,-0.0011986131748390472
2013-12-06,0.0,0.007279651687510658
2013-12-09,0.0,0.0015335309118478246
2013-12-10,0.0,-0.002030107526881819
2013-12-11,0.0,-0.013958906437400387
2013-12-12,0.0,-0.0013512129696463537
2013-12-13,0.0,0.0006452581032412308
2013-12-16,0.0,0.007133252353173525
2013-12-17,0.0,-0.0014493041354801672
2013-12-18,0.0,0.01152676157149668
2013-12-19,0.0,-0.002931160719989334
2013-12-20,0.0,0.01148558572544478
2013-12-23,0.0,0.010758294069782792
2013-12-24,0.0,0.0015715008797514418
2013-12-25,0.0,0.0
2013-12-26,0.0,0.0028300388408393218
2013-12-27,0.0,-0.0025412869134523453
2013-12-30,0.0,-0.0005749905571634795
2013-12-31,0.0,0.0053897260603728014
2014-01-01,0.0,0.0
2014-01-02,0.0,-0.008025686026160161
2014-01-03,0.0,-0.00269365470532712
2014-01-06,0.0,-0.004412003165606082
2014-01-07,0.0,0.00960210808813522
2014-01-08,0.0,0.002992887377864628
2014-01-09,0.0,-0.002261373484315654
2014-01-10,0.0,0.004443973928044631
2014-01-13,0.0,-0.014698202967427187
2014-01-14,0.0,0.016949894245496422
2014-01-15,0.0,0.007616506734368977
2014-01-16,0.0,0.0009039403257031786
2014-01-17,0.0,-0.005003923018756962
2014-01-20,0.0,0.0
2014-01-21,0.0,0.006713392002058338
2014-01-22,0.0,0.004079739502480084
2014-01-23,0.0,-0.005687013905255722
2014-01-24,0.0,-0.02149864774216792
2014-01-27,0.0,-0.010794129117744689
2014-01-28,0.0,0.0035140476196307002
2014-01-29,0.0,-0.011354430009077765
2014-01-30,0.0,0.01769745497268871
2014-01-31,0.0,-0.004668783181709046
2014-02-03,0.0,-0.026053393374075307
2014-02-04,0.0,0.008646571394259617
2014-02-05,0.0,-0.004953466682541485
2014-02-06,0.0,0.011359698869514157
2014-02-07,0.0,0.01694305320029965
2014-02-10,0.0,0.0054073574963766635
2014-02-11,0.0,0.010334677701251405
2014-02-12,0.0,0.002445693670306115
2014-02-13,0.0,0.009373311530506134
2014-02-14,0.0,0.0007923276274739433
2014-02-17,0.0,0.0
2014-02-18,0.0,0.006774221671383085
2014-02-19,0.0,-0.008151601533427866
2014-02-20,0.0,0.006984509019691165
2014-02-21,0.0,-0.0009701116565711265
2014-02-24,0.0,0.006933417147306997
2014-02-25,0.0,-0.001253211646016661
2014-02-26,0.0,0.0010425437133680937
2014-02-27,0.0,0.006260397105352755
2014-02-28,0.0,-0.002502934754673114
2014-03-03,0.0,-0.0071539325738372295
2014-03-04,0.0,0.017457274448834603
2014-03-05,0.0,0.0013786859743978308
2014-03-06,0.0,-0.001340073474576542
2014-03-07,0.0,-0.0036556812411393524
2014-03-10,0.0,-0.00040818962137545434
2014-03-11,0.0,-0.006289148565561953
2014-03-12,0.0,0.0037472226672146114
2014-03-13,0.0,-0.014551283385723424
2014-03-14,0.0,-0.003525474014299146
2014-03-17,0.0,0.008138220191265866
2014-03-18,0.0,0.012467435367235824
2014-03-19,0.0,-0.005933108870586179
2014-03-20,0.0,0.0027138081530317937
2014-03-21,0.0,-0.009839580116176472
2014-03-24,0.0,-0.011784539339083633
2014-03-25,0.0,0.0018644753560368432
2014-03-26,0.0,-0.014333049144244603
2014-03-27,0.0,-0.0053551147935346766
2014-03-28,0.0,0.0010912428364606708
2014-03-31,0.0,0.010402429399195334
2014-04-01,0.0,0.016444430684521727
2014-04-02,0.0,0.001972802504194071
2014-04-03,0.0,-0.009054217740841808
2014-04-04,0.0,-0.02595959166914441
2014-04-07,0.0,-0.011623822294578257
2014-04-08,0.0,0.008147558061155635
2014-04-09,0.0,0.017240499004373966
2014-04-10,0.0,-0.03102129592007441
2014-04-11,0.0,-0.013413548226367866
2014-04-14,0.0,0.005740387476154574
2014-04-15,0.0,0.0028513258540925346
2014-04-16,0.0,0.012907271897991235
2014-04-17,0.0,0.0022734892553772923
2014-04-18,0.0,0.0
2014-04-21,0.0,0.006355725280306368
2014-04-22,0.0,0.009683250233528673
2014-04-23,0.0,-0.008287956630605553
2014-04-24,0.0,0.005178133109763339
2014-04-25,0.0,-0.01754436714444818
2014-04-28,0.0,-0.00028462346278790296
2014-04-29,0.0,0.007151973296681602
2014-04-30,0.0,0.0026854861899727744
2014-05-01,0.0,0.0031327772592937286
2014-05-02,0.0,-0.0008600952161746944
2014-05-05,0.0,0.0034336429108370314
2014-05-06,0.0,-0.013847068433033849
2014-05-07,0.0,-0.0032077358139170897
2014-05-08,0.0,-0.003975248729616743
2014-05-09,0.0,0.005027767493520852
2014-05-12,0.0,0.017679837519370745
2014-05-13,0.0,-0.003303683039484806
2014-05-14,0.0,-0.007152247970422465
2014-05-15,0.0,-0.00764272806861388
2014-05-16,0.0,0.005234328347205608
2014-05-19,0.0,0.008612449548842438
2014-05-20,0.0,-0.007011939444764748
2014-05-21,0.0,0.008457634937721004
2014-05-22,0.0,0.005518523359328453
2014-05-23,0.0,0.0075752105027513394
2014-05-26,0.0,0.0
2014-05-27,0.0,0.01224613635114813
2014-05-28,0.0,-0.002832145798865704
2014-05-29,0.0,0.0054152948945225265
2014-05-30,0.0,-0.0012547228663237764
2014-06-02,0.0,-0.0012775124804955684
2014-06-03,0.0,-0.00073633531577455
2014-06-04,0.0,0.004147300003779053
2014-06-05,0.0,0.010487717680706554
2014-06-06,0.0,0.005858624887401298
2014-06-09,0.0,0.003434072291387036
2014-06-10,0.0,0.00040588159326970796
2014-06-11,0.0,-0.001399262332872242
2014-06-12,0.0,-0.007917948812653952
2014-06-13,0.0,0.003029576766729436
2014-06-16,0.0,0.002426548200387346
2014-06-17,0.0,0.0037305229443360677
2014-06-18,0.0,0.005904690320780892
2014-06-19,0.0,-0.0008045218252331621
2014-06-20,0.0,0.0019980134561963236
2014-06-23,0.0,0.00014651880477289936
2014-06-24,0.0,-0.004193486362013332
2014-06-25,0.0,0.00675806140181523
2014-06-26,0.0,-0.00016210933932458982
2014-06-27,0.0,0.004311437412224173
2014-06-30,0.0,0.002330641915628595
2014-07-01,0.0,0.011449169498523037
2014-07-02,0.0,-0.00020634048422729645
2014-07-03,0.0,0.006326089736256035
2014-07-04,0.0,0.0
2014-07-07,0.0,-0.007668421040899154
2014-07-08,0.0,-0.013494236812960914
2014-07-09,0.0,0.006278094301211734
2014-07-10,0.0,-0.005166292150087237
2014-07-11,0.0,0.004387880442200176
2014-07-14,0.0,0.005646032490165265
2014-07-15,0.0,-0.005411650249300681
2014-07-16,0.0,0.002169192485265148
2014-07-17,0.0,-0.014125717074449318
2014-07-18,0.0,0.01574442241804075
2014-07-21,0.0,-0.0016808997890414012
2014-07-22,0.0,0.007078445996338889
2014-07-23,0.0,0.00396766621334721
2014-07-24,0.0,-0.0003554105103158456
2014-07-25,0.0,-0.0050423625536937244
2014-07-28,0.0,-0.0010450471507296166
2014-07-29,0.0,-0.0004971979185179887
2014-07-30,0.0,0.004546784612960542
2014-07-31,0.0,-0.020867597302202445
2014-08-01,0.0,-0.003920114788650175
2014-08-04,0.0,0.0071795508013527964
2014-08-05,0.0,-0.00708275070770481
2014-08-06,0.0,0.0005077145036345154
2014-08-07,0.0,-0.0046107392567249494
2014-08-08,0.0,0.008288407993596092
2014-08-11,0.0,0.0069619529158755356
2014-08-12,0.0,-0.0027446249201945605
2014-08-13,0.0,0.01022498148886486
2014-08-14,0.0,0.00425562624460718
2014-08-15,0.0,0.002679092746463052
2014-08-18,0.0,0.009715717827603054
2014-08-19,0.0,0.004258802078827673
2014-08-20,0.0,-0.00022749811706668233
2014-08-21,0.0,0.0012415828635055082
2014-08-22,0.0,0.0014231813066789556
2014-08-25,0.0,0.004142292141763315
2014-08-26,0.0,0.0029161683873304423
2014-08-27,0.0,-0.00022316349570306038
2014-08-28,0.0,-0.0026107203662449896
2014-08-29,0.0,0.0049542641118638375
2014-09-01,0.0,0.0
2014-09-02,0.0,0.003912433109838354
2014-09-03,0.0,-0.005571757582874981
2014-09-04,0.0,-0.0022481886553950003
2014-09-05,0.0,0.004517468201276076
2014-09-08,0.0,0.0020489209888936433
2014-09-09,0.0,-0.008710251312526007
2014-09-10,0.0,0.007519292487956797
2014-09-11,0.0,0.0011533799045899684
2014-09-12,0.0,-0.005272430697263131
2014-09-15,0.0,-0.010662054470619298
2014-09-16,0.0,0.007492973953838522
2014-09-17,0.0,0.0020712710531631817
2014-09-18,0.0,0.006847588548482442
2014-09-19,0.0,-0.0029694585527590966
2014-09-22,0.0,-0.011376067461608574
2014-09-23,0.0,-0.004196400371933584
2014-09-24,0.0,0.010320070796617342
2014-09-25,0.0,-0.019421674474558892
2014-09-26,0.0,0.010172944534616812
2014-09-29,0.0,-0.0014050826760396706
2014-09-30,0.0,-0.002765294006680241
2014-10-01,0.0,-0.01586775240965066
2014-10-02,0.0,0.0018317130587570674
2014-10-03,0.0,0.010254639191547232
2014-10-06,0.0,-0.004651869461661073
2014-10-07,0.0,-0.01562359701894589
2014-10-08,0.0,0.01901623643163375
2014-10-09,0.0,-0.02019652731622279
2014-10-10,0.0,-0.023319340206562345
2014-10-13,0.0,-0.014634351673432744
2014-10-14,0.0,0.0032062387568052575
2014-10-15,0.0,-0.00280329392950851
2014-10-16,0.0,0.0004910659214485413
2014-10-17,0.0,0.009733508165002291
2014-10-20,0.0,0.013533124806267116
2014-10-21,0.0,0.023959296304276734
2014-10-22,0.0,-0.008288305411496166
2014-10-23,0.0,0.015957653125249438
2014-10-24,0.0,0.006946206760255924
2014-10-27,0.0,0.0004928942931317071
2014-10-28,0.0,0.017467949789675696
2014-10-29,0.0,-0.0032995274182842094
2014-10-30,0.0,0.003717112566302694
2014-10-31,0.0,0.014147617024445003
2014-11-03,0.0,0.001764296851043179
2014-11-04,0.0,-0.0032917215466563565
2014-11-05,0.0,-0.0006315370573833912
2014-11-06,0.0,0.0038413926833913425
2014-11-07,0.0,-0.0012805946788490008
2014-11-10,0.0,0.004120858364651703
2014-11-11,0.0,0.0019219110761412583
2014-11-12,0.0,0.0031262337573165766
2014-11-13,0.0,0.0010716279547307028
2014-11-14,0.0,0.0017948181037319433
2014-11-17,0.0,-0.0037410366553340957
2014-11-18,0.0,0.00673089274245342
2014-11-19,0.0,-0.005684283053053241
2014-11-20,0.0,0.005594872222614233
2014-11-21,0.0,0.0023607628454211937
2014-11-24,0.0,0.008894603615130281
2014-11-25,0.0,0.0007066409527873851
2014-11-26,0.0,0.0061093889560237535
2014-11-27,0.0,0.0
2014-11-28,0.0,0.0009002949458152276
2014-12-01,0.0,-0.013415059176104971
2014-12-02,0.0,0.006020286206860126
2014-12-03,0.0,0.0039236218435976244
2014-12-04,0.0,-0.0010535200765741104
2014-12-05,0.0,0.002373444261800195
2014-12-08,0.0,-0.008381512562856241
2014-12-09,0.0,0.005438026953882291
2014-12-10,0.0,-0.01729581849880535
2014-12-11,0.0,0.005151546851749567
2014-12-12,0.0,-0.011588391218650074
2014-12-15,0.0,-0.010409145607701675
2014-12-16,0.0,-0.012449078859366414
2014-12-17,0.0,0.021214513295351844
2014-12-18,0.0,0.02241237126720641
2014-12-19,0.0,0.003575941369724722
2014-12-22,0.0,0.0033659435344086663
2014-12-23,0.0,-0.003346286249691466
2014-12-24,0.0,0.001689252993440249
2014-12-25,0.0,0.0
2014-12-26,0.0,0.006994911458540587
2014-12-29,0.0,1.040180075984054e-05
2014-12-30,0.0,-0.006130757596876202
2014-12-31,0.0,-0.008663635754713739
2015-01-01,0.0,0.0
2015-01-02,0.0,-0.0019509929160376194
2015-01-05,0.0,-0.015706152775339155
2015-01-06,0.0,-0.012859559340321569
2015-01-07,0.0,0.012569838484216556
2015-01-08,0.0,0.018432545527656163
2015-01-09,0.0,-0.0067818225197890936
2015-01-12,0.0,-0.00836722242653698
2015-01-13,0.0,-0.0006881456725069679
2015-01-14,0.0,-0.004758125067038543
2015-01-15,0.0,-0.014765094884595209
2015-01-16,0.0,0.013905601183157534
2015-01-19,0.0,0.0
2015-01-20,0.0,0.004416987817140727
2015-01-21,0.0,0.002700409250566471
2015-01-22,0.0,0.01777855860411104
2015-01-23,0.0,0.0015746042438531394
2015-01-26,0.0,0.0029172656729468116
2015-01-27,0.0,-0.018915452579341796
2015-01-28,0.0,-0.009294029691338301
2015-01-29,0.0,0.009793035345052603
2015-01-30,0.0,-0.010285240882177749
2015-02-02,0.0,0.008942363286474908
2015-02-03,0.0,0.010915840049265713
2015-02-04,0.0,-0.0023351537944134027
2015-02-05,0.0,0.010261411580130275
2015-02-06,0.0,-0.004344085118885399
2015-02-09,0.0,-0.0038761487227045865
2015-02-10,0.0,0.013040598729160635
2015-02-11,0.0,0.0028281157313414518
2015-02-12,0.0,0.0117533606321778
2015-02-13,0.0,0.0074584003244395625
2015-02-16,0.0,0.0
2015-02-17,0.0,0.0011095581383944175
2015-02-18,0.0,0.0014471543719776214
2015-02-19,0.0,0.0037380053644657796
2015-02-20,0.0,0.006349625357889854
2015-02-23,0.0,0.0010088842345696847
2015-02-24,0.0,0.0014412504006271476
2015-02-25,0.0,-0.00019725771519196744
2015-02-26,0.0,0.004177454229194355
2015-02-27,0.0,-0.0048838286329491165
2015-03-02,0.0,0.008979496447085067
2015-03-03,0.0,-0.005630877977676363
2015-03-04,0.0,-0.0025623004478000366
2015-03-05,0.0,0.0031547329046492933
2015-03-06,0.0,-0.011126252054563746
2015-03-09,0.0,0.0030584267063362702
2015-03-10,0.0,-0.016722509529705887
2015-03-11,0.0,-0.0020268365505505814
2015-03-12,0.0,0.008938254906246446
2015-03-13,0.0,-0.0043999027239342015
2015-03-16,0.0,0.011854032218335808
2015-03-17,0.0,0.0016066505595890845
2015-03-18,0.0,0.009195067069305285
2015-03-19,0.0,0.0019165815410118192
2015-03-20,0.0,0.0068183912282318015
2015-03-23,0.0,-0.003073758261347037
2015-03-24,0.0,-0.0032408894884624617
2015-03-25,0.0,-0.023666944959987668
2015-03-26,0.0,-0.002698645755579987
2015-03-27,0.0,0.005728549809185468
2015-03-30,0.0,0.01149406487542981
2015-03-31,0.0,-0.00941092767168461
2015-04-01,0.0,-0.004213528998873728
2015-04-02,0.0,0.0013749351977263569
2015-04-03,0.0,0.0
2015-04-06,0.0,0.006216569059575239
2015-04-07,0.0,-0.0014418423043446316
2015-04-08,0.0,0.008266415218838974
2015-04-09,0.0,0.004795165245353505
2015-04-10,0.0,0.00430590846225587
2015-04-13,0.0,-0.0015472439841631713
2015-04-14,0.0,-0.002197163333834573
2015-04-15,0.0,0.00677678013537486
2015-04-16,0.0,-0.0006445793471190342
2015-04-17,0.0,-0.015172361460843886
2015-04-20,0.0,0.012731634024830685
2015-04-21,0.0,0.0039042165538782925
2015-04-22,0.0,0.004202149937177158
2015-04-23,0.0,0.004148817219676859
2015-04-24,0.0,0.007124124318144798
2015-04-27,0.0,-0.006250883725314571
2015-04-28,0.0,-0.0009544982955387304
2015-04-29,0.0,-0.006286322402490718
2015-04-30,0.0,-0.016366618627130958
2015-05-01,0.0,0.012945671487143429
2015-05-04,0.0,0.0023055146552017902
2015-05-05,0.0,-0.015467626616277319
2015-05-06,0.0,-0.003986370621116508
2015-05-07,0.0,0.005264612857851292
2015-05-08,0.0,0.011729760551931756
2015-05-11,0.0,-0.0019945838454697995
2015-05-12,0.0,-0.003480475891997181
2015-05-13,0.0,0.001105263263661449
2015-05-14,0.0,0.013872802201662537
2015-05-15,0.0,-0.0004969509780629044
2015-05-18,0.0,0.005972319339816012
2015-05-19,0.0,-0.001656020352706733
2015-05-20,0.0,0.0003372761107922617
2015-05-21,0.0,0.003756107371434725
2015-05-22,0.0,-0.0002808994281831012
2015-05-25,0.0,0.0
2015-05-26,0.0,-0.011123206061272817
2015-05-27,0.0,0.014671899061149407
2015-05-28,0.0,-0.0016860566444536484
2015-05-29,0.0,-0.005482563682085773
2015-06-01,0.0,0.0025443636428188476
2015-06-02,0.0,-0.001261083666310503
2015-06-03,0.0,0.004473536989906268
2015-06-04,0.0,-0.007865893478034902
2015-06-05,0.0,0.0018461708755672657
2015-06-08,0.0,-0.009239492863710064
2015-06-09,0.0,-0.001545314967450806
2015-06-10,0.0,0.012529243877483776
2015-06-11,0.0,0.0011464162672922829
2015-06-12,0.0,-0.006180017353630385
2015-06-15,0.0,-0.004183247213478292
2015-06-16,0.0,0.005085517408652596
2015-06-17,0.0,0.001845496533512625
2015-06-18,0.0,0.013439607651118957
2015-06-19,0.0,-0.0031073749013724727
2015-06-22,0.0,0.007224936486222466
2015-06-23,0.0,0.0011874341527016163
2015-06-24,0.0,-0.0073021982174730216
2015-06-25,0.0,-0.0019951546244834084
2015-06-26,0.0,-0.006196952773664388
2015-06-29,0.0,-0.02402121046902772
2015-06-30,0.0,0.00572757322319184
2015-07-01,0.0,0.005263822798669215
2015-07-02,0.0,-0.0007799534022724375
2015-07-03,0.0,0.0
2015-07-06,0.0,-0.00344764942975051
2015-07-07,0.0,0.0011057825214246808
2015-07-08,0.0,-0.017548914848743102
2015-07-09,0.0,0.002574463924916781
2015-07-10,0.0,0.015297415894685473
2015-07-13,0.0,0.014768793645076883
2015-07-14,0.0,0.006581866150318083
2015-07-15,0.0,-0.0011655491107547267
2015-07-16,0.0,0.012598696984079227
2015-07-17,0.0,0.009095170030872346
2015-07-20,0.0,0.0016736594410129424
2015-07-21,0.0,-0.002057920695324178
2015-07-22,0.0,-0.006979485879741509
2015-07-23,0.0,-0.004903543661067822
2015-07-24,0.0,-0.011227243845709833
2015-07-27,0.0,-0.009599833353967635
2015-07-28,0.0,0.009807967808118656
2015-07-29,0.0,0.004425048288437594
2015-07-30,0.0,0.003335465683829142
2015-07-31,0.0,-9.748907147510977e-05
2015-08-03,0.0,-0.0025154632742361294
2015-08-04,0.0,-0.0019216558691631525
2015-08-05,0.0,0.006735807111868386
2015-08-06,0.0,-0.016245325820923973
2015-08-07,0.0,-0.0025512020314687467
2015-08-10,0.0,0.01155141031894269
2015-08-11,0.0,-0.012742561448900402
2015-08-12,0.0,0.0015088975319599296
2015-08-13,0.0,-0.0021469394713731216
2015-08-14,0.0,0.0029164249556972166
2015-08-17,0.0,0.008608940937831822
2015-08-18,0.0,-0.006353477227644899
2015-08-19,0.0,-0.007965450107227268
2015-08-20,0.0,-0.028204540699933278
2015-08-21,0.0,-0.03515127657873207
2015-08-24,0.0,-0.03820409516281209
2015-08-25,0.0,-0.004365644849489092
2015-08-26,0.0,0.0423944133904659
2015-08-27,0.0,0.024517087667161874
2015-08-28,0.0,0.0032434948293165178
2015-08-31,0.0,-0.010730440401630292
2015-09-01,0.0,-0.02939593971330534
2015-09-02,0.0,0.02456374970341435
2015-09-03,0.0,-0.0034694882925822013
2015-09-04,0.0,-0.01047427907468046
2015-09-07,0.0,0.0
2015-09-08,0.0,0.027329672581939857
2015-09-09,0.0,-0.011513051935502117
2015-09-10,0.0,0.00835062535083364
2015-09-11,0.0,0.005439666406046317
2015-09-14,0.0,-0.0034381648743141424
2015-09-15,0.0,0.011394659741643443
2015-09-16,0.0,0.005908832799782715
2015-09-17,0.0,0.0009633399055886116
2015-09-18,0.0,-0.01363315930894271
2015-09-21,0.0,0.0003563120050216195
2015-09-22,0.0,-0.014957703020325286
2015-09-23,0.0,-0.0008367110109488429
2015-09-24,0.0,-0.0038419943022340863
2015-09-25,0.0,-0.010134164681232072
2015-09-28,0.0,-0.030412888082790968
2015-09-29,0.0,-0.005864915481396338
2015-09-30,0.0,0.022765710642593362
2015-10-01,0.0,0.0014977836265410716
2015-10-02,0.0,0.017440805000129567
2015-10-05,0.0,0.015608205990934154
2015-10-06,0.0,-0.006881031359934564
2015-10-07,0.0,0.00901153240276642
2015-10-08,0.0,0.00409922461204526
2015-10-09,0.0,0.004090804213029431
2015-10-12,0.0,0.0016913468047623503
2015-10-13,0.0,-0.008686325083081314
2015-10-14,0.0,-0.00286869268087242
2015-10-15,0.0,0.018242261413174088
2015-10-16,0.0,0.0034065008932053775
2015-10-19,0.0,0.0038430921544032604
2015-10-20,0.0,-0.0049944245913235985
2015-10-21,0.0,-0.00836923808177481
2015-10-22,0.0,0.016514053370577653
2015-10-23,0.0,0.022725378807125773
2015-10-26,0.0,0.0005644036201324365
2015-10-27,0.0,-0.000903728126800063
2015-10-28,0.0,0.013029432521892925
2015-10-29,0.0,-0.004203552413902578
2015-10-30,0.0,-0.004043931442355375
2015-11-02,0.0,0.014523868414543673
2015-11-03,0.0,0.003506821528529658
2015-11-04,0.0,-0.0005150501542235952
2015-11-05,0.0,-0.002866321308007014
2015-11-06,0.0,0.0037794427954616072
2015-11-09,0.0,-0.010067766051694904
2015-11-10,0.0,-0.0023668871312779727
2015-11-11,0.0,-0.0031908782587481976
2015-11-12,0.0,-0.012224147526554208
2015-11-13,0.0,-0.015424328881855964
2015-11-16,0.0,0.011514079076600847
2015-11-17,0.0,0.0002788577664898373
2015-11-18,0.0,0.017888050766043273
2015-11-19,0.0,-0.00030737704918026854
2015-11-20,0.0,0.006165198949866335
2015-11-23,0.0,-0.00047797027181628593
2015-11-24,0.0,6.467443282498486e-05
2015-11-25,0.0,0.0026122861717368107
2015-11-26,0.0,0.0
2015-11-27,0.0,0.002224333188693084
2015-11-30,0.0,-0.003676241145817105
2015-12-01,0.0,0.00932532342077308
2015-12-02,0.0,-0.0064173798704888485
2015-12-03,0.0,-0.016725809159083616
2015-12-04,0.0,0.020791935730407607
2015-12-07,0.0,-0.007868120499312514
2015-12-08,0.0,-0.0006997516567650575
2015-12-09,0.0,-0.01478353314084857
2015-12-10,0.0,0.00443969284492729
2015-12-11,0.0,-0.02213998735424172
2015-12-14,0.0,0.003802597360478277
2015-12-15,0.0,0.00870920777104467
2015-12-16,0.0,0.015168075974504536
2015-12-17,0.0,-0.013523613080319352
2015-12-18,0.0,-0.01588589819192221
2015-12-21,0.0,0.009311244180472356
2015-12-22,0.0,0.006478268919604124
2015-12-23,0.0,0.008962010433683831
2015-12-24,0.0,0.0005073395786305834
2015-12-25,0.0,0.0
2015-12-28,0.0,-0.001485592721784168
2015-12-29,0.0,0.013281121367032966
2015-12-30,0.0,-0.008240112452377879
2015-12-31,0.0,-0.011536069958644757
2016-01-01,0.0,0.0
2016-01-04,0.0,-0.020833125308293066
2016-01-05,0.0,-0.00237809218268481
2016-01-06,0.0,-0.011381129853642036
2016-01-07,0.0,-0.03025997981702977
2016-01-08,0.0,-0.009766645413195274
2016-01-11,0.0,-0.0012145670520692375
2016-01-12,0.0,0.010334218055666478
2016-01-13,0.0,-0.034114965684433285
2016-01-14,0.0,0.01965064537368022
2016-01-15,0.0,-0.027427952329360794
2016-01-18,0.0,0.0
2016-01-19,0.0,-0.0025554649520321826
2016-01-20,0.0,-0.0011749070237551118
2016-01-21,0.0,8.274276615805043e-05
2016-01-22,0.0,0.026636494143638556
2016-01-25,0.0,-0.01583253107044391
2016-01-26,0.0,0.010884167055808636
2016-01-27,0.0,-0.0217835351503064
2016-01-28,0.0,0.008618741005825603
2016-01-29,0.0,0.02380244437146617
2016-02-01,0.0,0.001391432503603296
2016-02-02,0.0,-0.022383488768215498
2016-02-03,0.0,-0.0028138456259201305
2016-02-04,0.0,0.001181109354741361
2016-02-05,0.0,-0.03246879961681404
2016-02-08,0.0,-0.018195611417465507
2016-02-09,0.0,-0.0034992704989786905
2016-02-10,0.0,0.0034740767810792494
2016-02-11,0.0,-0.003910271524585673
2016-02-12,0.0,0.016562608394034006
2016-02-15,0.0,0.0
2016-02-16,0.0,0.022697354011864013
2016-02-17,0.0,0.0221147169947431
2016-02-18,0.0,-0.01026012006898902
2016-02-19,0.0,0.0037637547520468217
2016-02-22,0.0,0.01469220300903773
2016-02-23,0.0,-0.014665438530086727
2016-02-24,0.0,0.008666438699878709
2016-02-25,0.0,0.008715254005956963
2016-02-26,0.0,0.0018048099166341203
2016-02-29,0.0,-0.007084241918583589
2016-03-01,0.0,0.028883598986386483
2016-03-02,0.0,0.0029469464346638663
2016-03-03,0.0,0.0008504449953439241
2016-03-04,0.0,0.002039333647730679
2016-03-07,0.0,-0.0018592246799887802
2016-03-08,0.0,-0.012622524292465465
2016-03-09,0.0,0.005498169427941013
2016-03-10,0.0,-0.0026142504460484606
2016-03-11,0.0,0.01851287815090008
2016-03-14,0.0,0.00038117541018456436
2016-03-15,0.0,-0.00454920552051663
2016-03-16,0.0,0.0074651011806703416
2016-03-17,0.0,0.0023131967665621644
2016-03-18,0.0,0.004326710631854747
2016-03-21,0.0,0.002756664894227212
2016-03-22,0.0,0.0026596684876072363
2016-03-23,0.0,-0.01095058548300798
2016-03-24,0.0,0.0009729788670669315
2016-03-25,0.0,0.0
2016-03-28,0.0,-0.0014056771760763143
2016-03-29,0.0,0.01674711913048399
2016-03-30,0.0,0.0046774865782752695
2016-03-31,0.0,0.00011500649992091105
2016-04-01,0.0,0.009176874031027626
2016-04-04,0.0,-0.004627086156588356
2016-04-05,0.0,-0.00978576393147712
2016-04-06,0.0,0.01585283024321149
2016-04-07,0.0,-0.014703132874863911
2016-04-08,0.0,0.0004785113347371972
2016-04-11,0.0,-0.0035644413475196535
2016-04-12,0.0,0.008004717176314902
2016-04-13,0.0,0.01546153704057196
2016-04-14,0.0,-0.00030925209503129825
2016-04-15,0.0,-0.0015507825689613508
2016-04-18,0.0,0.004414546132007091
2016-04-19,0.0,-0.0039697420574917874
2016-04-20,0.0,0.0015828902117873689
2016-04-21,0.0,-0.0004486525267017871
2016-04-22,0.0,-0.008032867428370505
2016-04-25,0.0,-0.002121805062981541
2016-04-26,0.0,-0.0015339710240840354
2016-04-27,0.0,-0.005142913253741499
2016-04-28,0.0,-0.011895606542275283
2016-04-29,0.0,-0.006228552283004785
2016-05-02,0.0,0.00884331233666158
2016-05-03,0.0,-0.011285725850477046
2016-05-04,0.0,-0.00788962088671108
2016-05-05,0.0,-0.0018092787431966961
2016-05-06,0.0,0.004042746693406318
2016-05-09,0.0,0.002966538292625387
2016-05-10,0.0,0.012561549910425018
2016-05-11,0.0,-0.010226866366728538
2016-05-12,0.0,-0.004906851737878304
2016-05-13,0.0,-0.004147906099005061
2016-05-16,0.0,0.01224754540367301
2016-05-17,0.0,-0.012507695593723
2016-05-18,0.0,0.004959995589230104
2016-05-19,0.0,-0.005610746298890912
2016-05-20,0.0,0.012101779723418415
2016-05-23,0.0,-0.0007925259353065428
2016-05-24,0.0,0.019992530079021797
2016-05-25,0.0,0.006959387458702393
2016-05-26,0.0,0.0014055474178173988
2016-05-27,0.0,0.006473171935851729
2016-05-30,0.0,0.0
2016-05-31,0.0,0.002949224688355123
2016-06-01,0.0,0.000848819231818565
2016-06-02,0.0,0.003858852036952909
2016-06-03,0.0,-0.005801229442245037
2016-06-06,0.0,0.005298916342270754
2016-06-07,0.0,-0.0014007659935878491
2016-06-08,0.0,0.0025978737340657254
2016-06-09,0.0,-0.0032203335316727255
2016-06-10,0.0,-0.012920933646861421
2016-06-13,0.0,-0.009420682187330942
2016-06-14,0.0,-0.001008571829289262
2016-06-15,0.0,-0.0017796863870508384
2016-06-16,0.0,0.002064145706349274
2016-06-17,0.0,-0.009199345292275729
2016-06-20,0.0,0.007680705949995259
2016-06-21,0.0,0.0013540863431606986
2016-06-22,0.0,-0.0021553503889540915
2016-06-23,0.0,0.015873147236268315
2016-06-24,0.0,-0.04115241423695126
2016-06-27,0.0,-0.024116500070093805
2016-06-28,0.0,0.02120606646294232
2016-06-29,0.0,0.01862370440783745
2016-06-30,0.0,0.013269864518491437
2016-07-01,0.0,0.004109303338860615
2016-07-04,0.0,0.0
2016-07-05,0.0,-0.008158237310722516
2016-07-06,0.0,0.0075182981193888665
2016-07-07,0.0,0.0036323150503381196
2016-07-08,0.0,0.016393913234265867
2016-07-11,0.0,0.0064316206554282385
2016-07-12,0.0,0.006851566759677796
2016-07-13,0.0,-0.0034024711218001435
2016-07-14,0.0,0.005659514196730608
2016-07-15,0.0,-0.0008879512759085717
2016-07-18,0.0,0.005207183885763911
2016-07-19,0.0,-0.003839170217058485
2016-07-20,0.0,0.010634643602436045
2016-07-21,0.0,-0.003149355688585209
2016-07-22,0.0,0.005175506021009468
2016-07-25,0.0,-0.0004960628686158097
2016-07-26,0.0003228067586511507,0.0024364263392988583
2016-07-27,-0.001198609612849011,0.005823817770863382
2016-07-28,0.0016062180948777094,0.0029514709687710194
2016-07-29,0.0016312913007012764,0.0013870082910119041
2016-08-01,-0.0012697828487301388,0.004275366951238979
2016-08-02,-0.006361592747507805,-0.00896377454573516
2016-08-03,0.00313393879547319,0.004283993125368646
2016-08-04,0.00021258994634409945,0.0012616914805785306
2016-08-05,0.008603442301027941,0.010620856520687116
2016-08-08,-0.0009070627201803738,-0.0015284076979651395
2016-08-09,0.0003897491391129382,0.0023670954549463996
2016-08-10,-0.002864685984581117,-0.003999632569639422
2016-08-11,0.0047345655461528136,0.0045767381806023355
2016-08-12,-0.0007960508557545154,0.0008587713258358942
2016-08-15,0.002792976351273957,0.005566713613318841
2016-08-16,-0.005479076775563363,-0.006634334343085135
2016-08-17,0.001868558180106783,0.00029653097026849373
2016-08-18,0.002199594907937863,0.0021975037581329904
2016-08-19,-0.001440316046492529,-0.0003377765903647134
2016-08-22,-0.0005632203382069934,0.00118738999461665
2016-08-23,0.0019517648352453953,0.0029516073675779353
2016-08-24,-0.005240294480771901,-0.008058812793721781
2016-08-25,-0.001365241054683275,-0.0010521897621360576
2016-08-26,-0.0015788480393283955,0.0012892828364223785
2016-08-29,0.005228119352340244,0.002569497137338672
2016-08-30,-0.0019537878718389745,-0.001785055606202235
2016-08-31,-0.0023757880999210057,-0.001870576049350925
2016-09-01,-4.145650521647504e-05,0.002683562174625287
2016-09-02,0.004201100024874949,0.004340747741146789
2016-09-05,0.0,0.0
2016-09-06,0.002981678730997528,0.004954380083430188
2016-09-07,-0.00014635395704520882,0.0015201169087419864
2016-09-08,-0.002223076078603392,-0.004627237681044338
2016-09-09,-0.024522073992573334,-0.02539604675747409
2016-09-12,0.014677062331693191,0.016773607027825488
2016-09-13,-0.014830665480954464,-0.010867458829714405
2016-09-14,-0.0005876766556026647,0.003592454294166325
2016-09-15,0.01010927804983619,0.01467401913884836
2016-09-16,-0.0037722492851356426,-0.0009752956841261318
2016-09-19,-1.8698928551330596e-05,-0.0018190242479364516
2016-09-20,0.00029918845132592686,0.0012072519164170181
2016-09-21,0.010917112199498868,0.010270254800766931
2016-09-22,0.006499870557343135,0.008373653020294025
2016-09-23,-0.005736778768866024,-0.006324538535299129
2016-09-26,-0.00858783474770064,-0.009095792300805816
2016-09-27,0.006444247705139627,0.009171676978938725
2016-09-28,0.005296467941090732,0.0024200342649711715
2016-09-29,-0.00932130406149101,-0.009288245856483579
2016-09-30,0.007967905240501505,0.008132241443117083
2016-10-03,-0.003260664031693561,-0.002095256024096437
2016-10-04,-0.004955580233203749,-0.002114747201874434
2016-10-05,0.004296695171798204,0.004983307055651975
2016-10-06,0.0004815416741907885,-0.0017249746991170323
2016-10-07,-0.0032534698278855467,-0.0027228958798535263
2016-10-10,0.004605941292820992,0.006853223490288052
2016-10-11,-0.012446502685264704,-0.01536593558993149
2016-10-12,0.0011466118788989732,-0.0014809054679145728
2016-10-13,-0.0030993184304264343,-0.00490358883913411
2016-10-14,0.00020163653841631657,0.00015920726292018017
2016-10-17,-0.0030380031692749387,-0.002750203292572584
2016-10-18,0.006160357394780158,0.008465677658072934
2016-10-19,0.0021919985043934442,0.0004900988588514288
2016-10-20,-0.0013757467506726462,-0.0008729779029851281
2016-10-21,-8.405951413614776e-05,0.0029703366953905963
2016-10-24,0.004749761811354558,0.009972610035378748
2016-10-25,-0.0037976507555791406,-0.004977560486870591
2016-10-26,-0.0017404206872095873,-0.006270583336487667
2016-10-27,-0.0029867768517781723,-0.006532997350612524
2016-10-28,-0.003108239882983921,-0.004959767790075453
2016-10-31,-0.00012227181023405365,-0.00018689427949369897
2016-11-01,-0.006786915316417175,-0.006850859392614983
2016-11-02,-0.00652548633341532,-0.009315854221725539
2016-11-03,-0.0044233867508127744,-0.009236970602694683
2016-11-04,-0.0016661400132141901,-0.002380194567067506
2016-11-07,0.022223501088635134,0.023739836753943866
2016-11-08,0.003771956162738288,0.0052882502898665695
2016-11-09,0.011077043878180648,0.011086956940323356
2016-11-10,0.0019507595018628532,-0.008049787947980058
2016-11-11,-0.0013979367745031723,0.005435033021041313
2016-11-14,-0.00011550278361704969,-0.0035725810609286146
2016-11-15,0.007480824323075508,0.010965046757626995
2016-11-16,-0.0015822857378724464,0.003593890386343279
2016-11-17,0.004676288735564471,0.007439683600965585
2016-11-18,-0.002386700318226631,-0.0023359711434447483
2016-11-21,0.007461386864659136,0.008897850422154407
2016-11-22,0.0021654277629676866,0.003257674813647693
2016-11-23,0.0008080111124224576,-0.0010526608928124181
2016-11-24,0.0,0.0
2016-11-25,0.003914329257229898,0.003389906108521634
2016-11-28,-0.005254478505433036,-0.005577041334192678
2016-11-29,0.00133531965917566,0.002069359876769594
2016-11-30,-0.0026534703763845258,-0.010453687043673443
2016-12-01,-0.0035155379500729778,-0.013631548102064905
2016-12-02,0.0003970644613615626,0.0008645791080361676
2016-12-05,0.005821300668354734,0.010130050517062728
2016-12-06,0.0034108794353906458,0.004541438982536672
2016-12-07,0.013163188276083426,0.011393212075754722
2016-12-08,0.002159412853860454,0.004375426418676387
2016-12-09,0.005938945503274562,0.005009820281465682
2016-12-12,-0.0011374046815045835,-0.005870144182202219
2016-12-13,0.006539770310506121,0.009476142439593938
2016-12-14,-0.008117197541950394,-0.004970872080573452
2016-12-15,0.003883228005396644,0.003711830955345885
2016-12-16,-0.0017506399119374683,-0.003608308822855788
2016-12-19,0.001975138060378967,0.003729888397619341
2016-12-20,0.0036375208284531446,0.004855756545193435
2016-12-21,-0.002457327062305281,-0.002281206577752326
2016-12-22,-0.00186298660592088,-0.004388249506984465
2016-12-23,0.0012516807020026555,0.002803161863781378
2016-12-26,0.0,0.0
2016-12-27,0.002248441772426002,0.00453073485773503
2016-12-28,-0.00835654596100277,-0.008907614479611525
2016-12-29,-0.00029334376333378653,-0.0011896531434791857
2016-12-30,-0.004637080639855018,-0.009014946365027088
2017-01-02,0.0,0.0
2017-01-03,0.008486575577422162,0.00853779964035728
2017-01-04,0.00572230858833489,0.00882654151347917
2017-01-05,-0.0007706704833204681,0.001997443856125436
2017-01-06,0.00351696782723665,0.0060350514036233704
2017-01-09,-0.0035485599346501973,0.0019489011168143389
2017-01-10,0.0,0.0036154466341999925
2017-01-11,0.002829564987438804,0.002130832771955804
2017-01-12,-0.002144753265474808,-0.002904568044359346
2017-01-13,0.0018498617008155804,0.00480036917596971
2017-01-16,0.0,0.0
2017-01-17,-0.0029675025498540064,-0.006348984234282762
2017-01-18,0.0017637539739581154,0.003054851924538582
2017-01-19,-0.0036093296770529637,-0.0028025523566098665
2017-01-20,0.003366185299223723,0.0027526678315115127
2017-01-23,-0.0026900775323491777,-0.00043021746682925244
2017-01-24,0.006564541762317022,0.008647671323659178
2017-01-25,0.008026069375062894,0.009887590698737458
2017-01-26,-0.0007353037152416642,-0.00020507960978299877
2017-01-27,-0.000866468119198105,0.0009902425740646592
2017-01-30,-0.006009526341248739,-0.008315108518613945
2017-01-31,-0.0008899995615766487,0.00019238614035987922
2017-02-01,0.00029839350204285964,0.004961895280144013
2017-02-02,0.0005702879954376794,-0.0011430799358457255
2017-02-03,0.007264835478001608,0.005423867144530137
2017-02-06,-0.002115416423640437,-0.0005682249323689659
2017-02-07,0.00022682067208701362,0.0018839773640209057
2017-02-08,0.0006933905489561187,0.0014504196171456485
2017-02-09,0.0057524611382027135,0.005759839505847131
2017-02-10,0.0035660587468098193,0.0033157310880846946
2017-02-13,0.005245887483269263,0.0052021841151141945
2017-02-14,0.004007301621389514,0.0032286830581751413
2017-02-15,0.004992342508064018,0.00637605770444627
2017-02-16,-0.0008641055656061214,-0.0007801437939045641
2017-02-17,0.0016785814708464297,0.004072297030043526
2017-02-20,0.0,0.0
2017-02-21,0.00604807839534538,0.00468778367342737
2017-02-22,-0.0010822785345272479,-0.0009069289714368489
2017-02-23,0.00041899086684549225,-0.004286228613647358
2017-02-24,0.001493351834538359,0.001679373353828506
2017-02-27,0.001018020225231675,0.0028381728257353966
2017-02-28,-0.0025783310475788745,-0.006219826336170908
2017-03-01,0.013673825117192173,0.013490826444011228
2017-03-02,-0.0058598641045760624,-0.007250979415754921
2017-03-03,0.0005037952576072424,0.0016259413569188474
2017-03-06,-0.0032772164221692712,-0.003675850615338705
2017-03-07,-0.0029133039476952893,-0.002605497874057283
2017-03-08,-0.0022842521713062336,0.0006205079594716612
2017-03-09,0.0007998374933346764,0.00021584397564056168
2017-03-10,0.0032686786165836423,0.003925457413411104
2017-03-13,0.00036668633566550035,0.0023969033032911202
2017-03-14,-0.0033790189048102937,-0.003226805632613905
2017-03-15,0.008374727853051489,0.0073811385700772725
2017-03-16,-0.001626657052061442,0.00012033796323751567
2017-03-17,-0.0013143639402364293,4.067272690289059e-05
2017-03-20,-0.00200988121517931,8.981528554485863e-05
2017-03-21,-0.012407993359932812,-0.018249504789435878
2017-03-22,0.0018899156150544716,0.0047999337225981265
2017-03-23,-0.0010602737976110888,-0.0006785029648004315
2017-03-24,-0.0008440041603438031,0.0018993793069070897
2017-03-27,-0.0010196332733214408,0.0019952854304703393
2017-03-28,0.007251482966702083,0.005953389939336029
2017-03-29,0.0010854034436120763,0.003814377189309548
2017-03-30,0.0029350353432466836,0.0028469449178047945
2017-03-31,-0.002255010430479043,-0.00043960949150712025
2017-04-03,-0.0016421751202002621,-0.002885783204268022
2017-04-04,0.0005595970900948988,0.0006667028574918188
2017-04-05,-0.0030548776354145657,-0.005786108930748157
2017-04-06,0.0019294927644020188,0.002467396938859112
2017-04-07,-0.0008271509105022279,-0.00019391217819497708
2017-04-10,0.0006877403907383783,0.0005308099445200387
2017-04-11,-0.0014339289653649834,-0.002407782442572781
2017-04-12,-0.0037599095922304926,-0.005217521736833097
2017-04-13,-0.006814702357852864,-0.005313425265928373
2017-04-14,0.0,0.0
2017-04-17,0.008613323600764389,0.00889554964126682
2017-04-18,-0.0029033507733046138,-0.0012498313922814086
2017-04-19,-0.0017163423974997372,0.0023181587391676306
2017-04-20,0.007557192163101911,0.009167614697519921
2017-04-21,-0.0030350108666123976,-0.001058007902947078
2017-04-24,0.010840085324159476,0.012401616101459734
2017-04-25,0.006090600846618832,0.006963778990678238
2017-04-26,-0.0004856380907726221,-4.31500176749644e-05
2017-04-27,0.0005528911600243269,0.003935119489214545
2017-04-28,-0.0019131184668260692,-0.00021987323398808822
2017-05-01,0.00173223722842053,0.00727394789015845
2017-05-02,0.001189115406999841,0.0006188850219974729
2017-05-03,-0.0012713441536987835,-0.0037438252312820275
2017-05-04,0.000582045366039452,0.0004594445496537425
2017-05-05,0.004088687267735702,0.004184127966500695
2017-05-08,3.751109703298283e-05,0.000311436607898008
2017-05-09,-0.0010252648600889147,0.002938063074134911
2017-05-10,0.0011306176259533451,0.0013969241527369558
2017-05-11,-0.002162833436821554,-0.0021503832511576837
2017-05-12,-0.0014784250179582514,0.0008616799325043001
2017-05-15,0.004776444016897363,0.004646125043496152
2017-05-16,-0.0006868360584768585,0.003284729099285011
2017-05-17,-0.01817825856948263,-0.025710428258618134
2017-05-18,0.0036868431882495223,0.007301322189764647
2017-05-19,0.00676749573068669,0.004718313231920623
2017-05-22,0.005160114706536767,0.008205532817200156
2017-05-23,0.0018379127993919386,0.0008298525177627969
2017-05-24,0.0024891386829661855,0.0039601153988380045
2017-05-25,0.004441875070184231,0.0068537827234049775
2017-05-26,0.0003105500047617671,0.0007944872575846862
2017-05-29,0.0,0.0
2017-05-30,-0.0012045599423798903,-0.0011271796837133419
2017-05-31,-0.00046002544645251664,-0.0007528384589218229
2017-06-01,0.007571108715482167,0.00779379593838514
2017-06-02,0.003707727381216941,0.00943998796189427
2017-06-05,-0.0012176772294358873,-0.0016048717054140127
2017-06-06,-0.0027790320594393014,-0.0032752617667988204
2017-06-07,0.001568333655781684,0.0035569381009901146
2017-06-08,0.0002671445128517025,0.0038714513019699748
2017-06-09,-0.0008299812227020587,-0.01800764344106709
2017-06-12,-0.000978710980068076,-0.005228804494903261
2017-06-13,0.004511420562363311,0.007272332749301169
2017-06-14,-0.0009957588050893973,-0.004096219356726327
2017-06-15,-0.002239614097263254,-0.004744232746667021
2017-06-16,0.00028366345181418673,-0.0022285297218391786
2017-06-19,0.00834720424141544,0.014182933014291743
2017-06-20,-0.006696665117833511,-0.008171168182131483
2017-06-21,-0.0005826764545369123,0.007420778503013148
2017-06-22,-0.00045573798760889517,0.00043952870972652214
2017-06-23,0.0015608954610804027,0.004579352188420538
2017-06-26,0.00031579379075585834,-0.002888950959658465
2017-06-27,-0.008072749039592986,-0.01609213801493481
2017-06-28,0.0088080417296994,0.014282646397532295
2017-06-29,-0.008600027041533398,-0.014445633187422646
2017-06-30,0.0015332479232963436,-0.0006396120012694961
2017-07-03,0.0023107934687074394,-0.004944287198595521
2017-07-04,0.0,0.0
2017-07-05,0.0014532669688471778,0.006677512168456579
2017-07-06,-0.00936880791271677,-0.009982343932393167
2017-07-07,0.006403153854134258,0.010447560210593343
2017-07-10,0.0009277661864273146,0.0037883466491579476
2017-07-11,-0.0007827208199616686,0.0027378452461712666
2017-07-12,0.007305619802682184,0.010958616569518576
2017-07-13,0.00187455233807432,0.002119412186540215
2017-07-14,0.0046735271648765675,0.006061098679722932
2017-07-17,-5.286121491343554e-05,0.0003104965251319314
2017-07-18,0.0005977699520971491,0.004732018566996565
2017-07-19,0.0053726514969865136,0.0064199258863453235
2017-07-20,-0.00015360796821128897,0.0007768158069487718
2017-07-21,-0.0003679071741898854,-0.00035211267605639307
2017-07-24,-0.0010636834995592093,0.0036100348322962716
2017-07-25,0.002923183435833865,0.0002121416794444997
2017-07-26,0.0002825850883885206,0.001649987445747625
2017-07-27,-0.0009726252406339064,-0.006315051963722729
2017-07-28,-0.0013411865461215866,-0.001176712069054564
2017-07-31,-0.0007281258848751415,-0.004166483650944075
2017-08-01,0.002449095251588762,0.002334549441409317
2017-08-02,0.0004926605689827834,-4.557641593350148e-05
2017-08-03,-0.0021835911800677232,-0.003506400634955442
2017-08-04,0.0018890363083294837,0.001769621187507342
2017-08-07,0.001647266869345021,0.005071195107973381
2017-08-08,-0.002414436638168982,-0.002084974865949163
2017-08-09,-0.0003636481179190021,-0.0028459483302618604
2017-08-10,-0.01447441815345063,-0.021324458899332988
2017-08-11,0.0012755258980974293,0.006384241587808814
2017-08-14,0.01004374682548792,0.01337316352756135
2017-08-15,-0.0004988158193557357,-0.0011387599503487333
2017-08-16,0.0014201029777529683,0.0019106238581652057
2017-08-17,-0.015436913265616137,-0.019416527057844468
2017-08-18,-0.0018353833934839914,-0.0008646862458634441
2017-08-21,0.0011626229102676966,-0.0005469289137186584
2017-08-22,0.009940824503679613,0.013576088058675717
2017-08-23,-0.003453604674394928,-0.0030281954051460946
2017-08-24,-0.002074434133647607,-0.0011276740448616929
2017-08-25,0.0016728373042720346,-0.0009073035544293617
2017-08-28,0.00048709604797259054,0.0027738586959991096
2017-08-29,0.0008427977612674997,0.003003332792192337
2017-08-30,0.004615133058087695,0.010539695234286883
2017-08-31,0.005721051924853171,0.009476611534300128
2017-09-01,0.0019824813383773066,0.0010375412605425627
2017-09-04,0.0,0.0
2017-09-05,-0.007550826754961659,-0.00928623706942766
2017-09-06,0.003128750737433128,0.0027824963101339417
2017-09-07,-0.00017845989113951521,0.0007132455645040281
2017-09-08,-0.001488783416494277,-0.005889460085934939
2017-09-11,0.01083922760346634,0.011331422488950915
2017-09-12,0.003363999180100441,0.0034233690802298877
2017-09-13,0.0007570659488558285,0.0009156714614177996
2017-09-14,-0.0011007176679195263,-0.004815647836983072
2017-09-15,0.0018472363580994688,0.003015983624406582
2017-09-18,0.0014558660603223306,0.0009568161129693831
2017-09-19,0.0011102812845715793,0.001034914418154953
2017-09-20,0.0006343127281429606,-0.0008171704852878436
2017-09-21,-0.003045960514145296,-0.005165705293027956
2017-09-22,0.0006478445173156988,0.0006586025481536417
2017-09-25,-0.002222026840165925,-0.008764695997460659
2017-09-26,7.209632068461147e-05,0.0015022156503556872
2017-09-27,0.004085163646849521,0.011457392918045928
2017-09-28,0.0012046078243665992,2.94424833340301e-05
2017-09-29,0.0037050907149631662,0.006587174302117527
2017-10-02,0.0038739997459671383,0.0031958324866532273
2017-10-03,0.002158853672423522,0.002300236929007271
2017-10-04,0.0012467548864110167,0.000447049853713688
2017-10-05,0.005646756562926125,0.007763255149870751
2017-10-06,-0.0010736382622734686,0.0007319265765273197
2017-10-09,-0.001804395664743219,-0.0015856926517940906
2017-10-10,0.002322446782173193,0.0011429040401353951
2017-10-11,0.001803468933287311,0.00247447720976135
2017-10-12,-0.0016867300136190755,-0.0018232617304329013
2017-10-13,0.0008781111202582625,0.002167940274686586
2017-10-16,0.0017507647356032052,0.0027551545611432804
2017-10-17,0.0006724949562879612,-5.132850241551523e-05
2017-10-18,0.0007423730932734074,8.454540239077879e-05
2017-10-19,0.0003279635804251946,-0.002890906401055604
2017-10-20,0.005116896296007312,0.003630544415123671
2017-10-23,-0.0039724915637947555,-0.006368936725473562
2017-10-24,0.0016179463387628878,0.0017610899324864704
2017-10-25,-0.004663057143858063,-0.0052345785285287105
2017-10-26,0.0012709461705413538,-0.0010847226263693832
2017-10-27,0.008072957350414134,0.0220367650535247
2017-10-30,-0.0031924744388955872,-0.0003432190364200949
2017-10-31,0.0009444852555358096,0.0042857398760405285
2017-11-01,0.001592072256781707,-0.0016558481613991871
2017-11-02,0.00018996960486306058,-0.0002367293825830119
2017-11-03,0.0030970792875555375,0.007371622084486162
2017-11-06,0.0012713305304810074,0.0032523017426424605
2017-11-07,-0.00018910668318461443,-0.002749600674285757
2017-11-08,0.0014436587098169973,0.0031531757829008633
2017-11-09,-0.003761977813581785,-0.005754795908748056
2017-11-10,-0.0008976174447306029,0.0001318508751786407
2017-11-13,0.0009836192541532451,0.0009865292833295403
2017-11-14,-0.002309620711533511,-0.002919675624482143
2017-11-15,-0.005525675974360822,-0.0046988143137223215
2017-11-16,0.008196146017733552,0.012984979593540835
2017-11-17,-0.0026260422951377427,-0.0015456428328541882
2017-11-20,0.001275762452255913,0.0011676610952129352
2017-11-21,0.006541086075890767,0.010568850679825825
2017-11-22,-0.0007502799121211767,0.0007111131835721984
2017-11-23,0.0,0.0
2017-11-24,0.002056155374497548,0.003174436755900345
2017-11-27,-0.0003842577293442506,-0.0015444553472411249
2017-11-28,0.00984846737551015,0.004919662950750858
2017-11-29,-0.00036923685973555553,-0.01273371178584437
2017-11-30,0.008190946928299692,0.007272498146341011
2017-12-01,-0.00202449028924534,-0.0038376658612127024
2017-12-04,-0.0010521455442770167,-0.010546776311081696
2017-12-05,-0.003739429575970621,-0.001942329348803118
2017-12-06,-0.00011408709408766704,0.002095468789049759
2017-12-07,0.0029323728639507607,0.005380453870650781
2017-12-08,0.005506298872194781,0.0039983325602832576
2017-12-11,0.0032019611540636816,0.005116899217552984
2017-12-12,0.0015488780033008354,-0.0018559784031604298
2017-12-13,-0.0004729534441145766,0.001964350248895519
2017-12-14,-0.004070826370242253,-0.0028025829721632922
2017-12-15,0.008974325134520456,0.011675001786618067
2017-12-18,0.005362862086620401,0.008387418583797768
2017-12-19,-0.003230291135099761,-0.004419022239504966
2017-12-20,-0.0008279040973793172,-0.00041500032309715884
2017-12-21,0.0019856303069889503,0.0006320967222910312
2017-12-22,-0.0004581739347455649,-0.0007752650257847327
2017-12-25,0.0,0.0
2017-12-26,-0.0010583824636460903,-0.0034066287737285483
2017-12-27,0.00079089722066783,0.0004454856730942147
2017-12-28,0.0018340279279212002,0.0015592260935477498
2017-12-29,-0.005183178668968558,-0.006729341482785922
2018-01-01,0.0,0.0
2018-01-02,0.008303380074131894,0.014994082617380666
2018-01-03,0.006398818907860759,0.0083674663545934
2018-01-04,0.004028661363921104,0.0017521686271235737
2018-01-05,0.007033799683552555,0.008286344415229907
2018-01-08,0.0016623225124401397,0.0029187731904447567
2018-01-09,0.0013029031448006378,0.0008648403957307593
2018-01-10,-0.0011122055472160275,-0.00139734601972763
2018-01-11,0.007033618001404562,0.00813719583368866
2018-01-12,0.006749627831013516,0.006833264464529032
2018-01-15,0.0,0.0
2018-01-16,-0.0035244630756861017,-0.005146631483557651
2018-01-17,0.009415002053003496,0.01032574764420957
2018-01-18,-0.001616379310344751,-0.0003055514449978869
2018-01-19,0.004385228178396927,0.005527648522145601
2018-01-22,0.008066754439027823,0.009766397051406805
2018-01-23,0.002174396481431362,0.0070545070686809375
2018-01-24,-0.0005600307136341964,-0.006062766996993374
2018-01-25,0.0006026346765155566,-0.0005259566342012967
2018-01-26,0.011841155234656897,0.012765882803771778
2018-01-29,-0.006731944014173874,-0.005230642558991305
2018-01-30,-0.010898781509218525,-0.008575626363588995
2018-01-31,0.0004889403811609849,0.001215808755984371
2018-02-01,-0.0006480605989779287,-0.003456799451661441
2018-02-02,-0.021208513171602883,-0.019619922392246747
2018-02-05,-0.040979244278871785,-0.03776023864271949
2018-02-06,0.017440938639606607,0.02129161984232586
2018-02-07,-0.0050015954644285765,-0.008979915344272338
2018-02-08,-0.037536451302551344,-0.0389706153449102
2018-02-09,0.014936071290197583,0.014361472947370224
2018-02-12,0.013914603653299107,0.015633159696210264
2018-02-13,0.0026129518072288693,0.00451878842044362
2018-02-14,0.013402479965752168,0.018551338773310277
2018-02-15,0.0120690869070601,0.015791713445004074
2018-02-16,0.0003734622144111466,-0.0023372374569864407
2018-02-19,0.0,0.0
2018-02-20,-0.005841403693699454,-0.0007127593594558057
2018-02-21,-0.00549652831466807,-0.0022227413533565388
2018-02-22,0.0009735944886408721,-0.0011277002810937686
2018-02-23,0.016028343614550522,0.017655812895539524
2018-02-26,0.011756997779638123,0.011457752688626366
2018-02-27,-0.012706864297021059,-0.012276560137762571
2018-02-28,-0.011095806550352139,-0.007822273152032322
2018-03-01,-0.013324342350110263,-0.01271138084506962
2018-03-02,0.005071573420174946,0.010766569738293263
2018-03-05,0.011032048304691067,0.010034624483491683
2018-03-06,0.0026387939462098053,0.005635205369200813
2018-03-07,-0.00048384968403136774,0.003342372026082341
2018-03-08,0.00446310693853591,0.00423164540704235
2018-03-09,0.017378795678667736,0.017886496274207575
2018-03-12,-0.001273967637633433,0.003638499049704924
2018-03-13,-0.00636359063175973,-0.010188025808083978
2018-03-14,-0.005724493818052956,-0.0018905579941977946
2018-03-15,-0.0007819660444884358,-0.0020101883334379123
2018-03-16,0.0017034720983646334,3.341468695783334e-05
2018-03-19,-0.014204163502312905,-0.018410877320071295
2018-03-20,0.001481798210046792,0.0027313922202978347
2018-03-21,-0.001843986249236318,-0.0025813722960770225
2018-03-22,-0.02516289137256489,-0.0243162625301383
2018-03-23,-0.020966906104724736,-0.024280419943404796
2018-03-26,0.0271572407717926,0.03258698036658392
2018-03-27,-0.017276334844182117,-0.029323291609768765
2018-03-28,-0.0029166124426820428,-0.008500729795785755
2018-03-29,0.01376967370441462,0.016434914371808107
2018-03-30,0.0,0.0
2018-04-02,-0.02233733580221664,-0.02736910060820219
2018-04-03,0.01261483879963432,0.010357897678643146
2018-04-04,0.011566486259060316,0.014526139271143101
2018-04-05,0.00686280811739759,0.004890579670013828
2018-04-06,-0.02192020549488527,-0.02281337657474336
2018-04-09,0.003336571356168383,0.005094640576939646
2018-04-10,0.01672687474169199,0.020712655783745815
2018-04-11,-0.005525298565605352,-0.003562014575081429
2018-04-12,0.008250731400845313,0.01007493248720115
2018-04-13,-0.0028866474724003055,-0.004705717586919289
2018-04-16,0.008109023830139561,0.006983599867729451
2018-04-17,0.01066157798822931,0.01744202295047148
2018-04-18,0.0008313657676830566,0.001942014256087532
2018-04-19,-0.005726120857699746,-0.007837987509663802
2018-04-20,-0.008536535555283331,-0.012700917096570064
2018-04-23,5.617682967939963e-05,-0.0024530760005765373
2018-04-24,-0.01338056915166519,-0.017008949863928424
2018-04-25,0.0018371189116968,-0.0005151733536929992
2018-04-26,0.01043418958854292,0.0164112317133418
2018-04-27,0.0011136358523251566,0.00015733253917860068
2018-04-30,-0.008187541902161422,-0.007518469619933077
2018-05-01,0.0025490455240648746,0.00911796464046799
2018-05-02,-0.007205815880669042,-0.004179112850070887
2018-05-03,-0.0022536964035709817,-0.0017955470433325127
2018-05-04,0.012811201149927953,0.01713705268652621
2018-05-07,0.003457960066380883,0.007710531206915228
2018-05-08,-0.0002656559269333947,0.00023261543713104516
2018-05-09,0.009682176113057217,0.010046925098735393
2018-05-10,0.009370632999603501,0.008863868903024708
2018-05-11,0.0017076314600799058,-0.0002822428720170578
2018-05-14,0.0008835217690965624,0.0011400968271806367
2018-05-15,-0.006842165025108815,-0.008053895932168542
2018-05-16,0.004060558004020054,0.006348252020300205
2018-05-17,-0.000855843612027285,-0.0021396807374667315
2018-05-18,-0.002632227136203147,-0.0038103778274750644
2018-05-21,0.007386738519040259,0.005398173051558652
2018-05-22,-0.0031357367883761977,-0.002107102477130196
2018-05-23,0.003248373977771557,0.006437657722614176
2018-05-24,-0.002023202806873625,-0.00020603396732543633
2018-05-25,-0.002357245505469785,0.0012687842703076324
2018-05-28,0.0,0.0
2018-05-29,-0.011564198388288038,-0.005012207671664104
2018-05-30,0.01269582803565994,0.008904103106972316
2018-05-31,-0.006879563584568427,-0.0027243063605115747
2018-06-01,0.01084919435028664,0.015077692915459684
2018-06-04,0.0044795986279628774,0.006900678154118323
2018-06-05,0.0007026178887243884,0.0041280700877937004
2018-06-06,0.00856737485448189,0.006727015158696226
2018-06-07,-0.0007141955380813858,-0.007044909509912545
2018-06-08,0.0031259362467830343,0.0013673744968940582
2018-06-11,0.0010687182218256375,0.001886074310281538
2018-06-12,0.0017433501078361058,0.005725900889433699
2018-06-13,-0.004026050917702695,-0.0010501324672661516
2018-06-14,0.002471510972283708,0.008490455709032396
2018-06-15,-0.0010170746345898873,-0.0018889221032232228
2018-06-18,-0.0021261593144484836,8.391016190789635e-05
2018-06-19,-0.004023433979269853,-0.002767512194995936
2018-06-20,0.0017121614137458607,0.007238282124730988
2018-06-21,-0.006345489498865264,-0.008810629299454753
2018-06-22,0.0018619806819504259,-0.0026098963431631095
2018-06-25,-0.013724735741665661,-0.020903907799740495
2018-06-26,0.0022045806696182613,0.003932549213290892
2018-06-27,-0.008604290761129008,-0.015413343419342196
2018-06-28,0.006178624478169192,0.007870969821681006
2018-06-29,0.0007583817752760957,0.0008822337839566874
2018-07-02,0.0030680150237090142,0.00764150566555255
2018-07-03,-0.00494735413740377,-0.008591789568547226
2018-07-04,0.0,0.0
2018-07-05,0.00862075320099387,0.011164025606883898
2018-07-06,0.008481296202235589,0.013439786566276979
2018-07-09,0.008823039183714743,0.0088197919200248
2018-07-10,0.0034732074550045677,0.0003867873443181846
2018-07-11,-0.007094178621538827,-0.005488967934838662
2018-07-12,0.008749035695488905,0.013906365619099637
2018-07-13,0.0010792305300737493,0.0002632951257168781
2018-07-16,-0.001028090429120665,-0.0025888131582242346
2018-07-17,0.00397365665748306,0.006328692292318916
2018-07-18,0.0021604883344306103,-8.65677418041555e-05
2018-07-19,-0.003952948196134454,-0.003710003513936022
2018-07-20,-0.0009484790461010695,-0.0006517322019603533
2018-07-23,0.00183808439484201,0.002771028873941761
2018-07-24,0.004780938945058377,-0.0001402726645557406
2018-07-25,0.009101545880016992,0.011665946074173705
2018-07-26,-0.003032251490652005,-0.010092987605014425
2018-07-27,-0.006562253298748155,-0.01461504957858839
2018-07-30,-0.005754180827438504,-0.013883180698475717
2018-07-31,0.00488474987511589,0.0054770642201835695
2018-08-01,-0.0010403758135703045,0.004627342510678645
2018-08-02,0.004926493587738445,0.012377891580568567
2018-08-03,0.0046441380578801095,0.0011944598593562894
2018-08-06,0.0035382963367192044,0.006102142726391868
2018-08-07,0.002824165029469361,0.0030510147995845838
2018-08-08,-0.00026237996116773576,0.000592364460161976
2018-08-09,-0.001441718864821362,0.0004373549281027067
2018-08-10,-0.0071138709971333425,-0.0066740329811525445
2018-08-13,-0.004005957759204981,-0.002474770732902032
2018-08-14,0.00638924424064391,0.006544999750630165
2018-08-15,-0.00760221974957398,-0.012294670615394243
2018-08-16,0.007919471183698512,0.004167674283391598
2018-08-17,0.0033231362802699227,0.0012566418839636828
2018-08-20,0.002427959426412052,0.0005987464705303758
2018-08-21,0.0020685672284348477,0.004879165222905879
2018-08-22,-0.0003981892866123937,0.0038082901884042286
2018-08-23,-0.001691231454109654,-0.0013486963024933463
2018-08-24,0.0061988533346399866,0.008570202806132077
2018-08-27,0.007670392285776817,0.009051117672080666
2018-08-28,0.0002692682118519141,0.0015141121740107621
2018-08-29,0.005701427427593275,0.009919004139456344
2018-08-30,-0.004430275493816138,-0.0026301868505455017
2018-08-31,0.00013443037712890238,0.002618577808109368
2018-09-03,0.0,0.0
2018-09-04,-0.001654305329620409,-0.0022553683686127313
2018-09-05,-0.002803170482476691,-0.011874555847365964
2018-09-06,-0.0036522883057535926,-0.009060470258918873
2018-09-07,-0.0022133041469051262,-0.002548364010890092
2018-09-10,0.001897843770893859,0.002735829239712828
2018-09-11,0.0037398379635260603,0.0060965452489600835
2018-09-12,0.00035666178420923345,-0.0022878731434550215
2018-09-13,0.005282250806529776,0.007477782261765098
2018-09-14,0.00027546501938591206,-0.00045796516220331096
2018-09-17,-0.005569745746958565,-0.014263349496382083
2018-09-18,0.005369011354195541,0.007639514222136157
2018-09-19,0.00125330973621951,-0.0007629356557412592
2018-09-20,0.007840574975498171,0.009835170640650759
2018-09-21,-0.00036850635502849727,-0.005140610072207674
2018-09-24,-0.0035157543341060027,0.0007875336798981447
2018-09-25,-0.0013050760951849316,0.0017790010321208083
2018-09-26,-0.00328924803468289,-0.0021355059712993008
2018-09-27,0.0027632769780832067,0.006457773544904732
2018-09-28,-6.863417982172493e-06,0.0005446426684008188
2018-10-01,0.0036410682297065566,-0.001124733574850767
2018-10-02,-0.00039663679353352244,-0.004696850932527141
2018-10-03,0.0007114930065028613,0.0031926795882268877
2018-10-04,-0.008169515742554312,-0.018140606522792924
2018-10-05,-0.005527965508803745,-0.011556556181793076
2018-10-08,-0.00039506925841348295,-0.0067407507270381695
2018-10-09,-0.0014179577940874877,0.00026758187423658875
2018-10-10,-0.032864175757028824,-0.04083344318055526
2018-10-11,-0.020573073719881707,-0.012528883529483115
2018-10-12,0.014206284338267983,0.02289925311022145
2018-10-15,-0.005905035180855278,-0.00882365887721448
2018-10-16,0.021495643069809,0.028900217205823475
2018-10-17,-0.0002526762327753618,-0.00036492101879670447
2018-10-18,-0.014391946490294405,-0.020615750978057457
2018-10-19,-0.00036116990154511086,-0.004824225064594678
2018-10-22,-0.0042994746692295305,0.0026312150709555393
2018-10-23,-0.00551185102399232,-0.004162744706860622
2018-10-24,-0.030864490329077787,-0.044253879643000316
2018-10-25,0.018625051767629408,0.029534072365089203
2018-10-26,-0.01732721755489608,-0.02065085798145483
2018-10-29,-0.006559621467715271,-0.016313181837842028
2018-10-30,0.015666824420255576,0.01579509495354081
2018-10-31,0.010851291456518197,0.020142006381210997
2018-11-01,0.0105577968389301,0.017541986613559102
2018-11-02,-0.006316665267828814,-0.010367147964907564
2018-11-05,0.005600317290107348,-0.003824933838431077
2018-11-06,0.006259335137365651,0.006428020767241804
2018-11-07,0.02120887695294771,0.0264087657742178
2018-11-08,-0.0025089822274502183,-0.005266321038206234
2018-11-09,-0.009198989607493102,-0.01646288348771996
2018-11-12,-0.019701475363267495,-0.027815955392944347
2018-11-13,-0.001481905348797996,0.0
2018-11-14,-0.007567464311691308,-0.008954473556667453
2018-11-15,0.010593800664796094,0.017185159443359854
2018-11-16,0.0022232803457622463,-0.001537395492235194
2018-11-19,-0.016643094431470606,-0.030269582649799176
2018-11-20,-0.018151208036480848,-0.017025018211618947
2018-11-21,0.00304327583661701,0.00918101788728043
2018-11-22,0.0,0.0
2018-11-23,-0.006554890129173208,-0.004771773817634273
2018-11-26,0.015532409517731827,0.02058948145116446
2018-11-27,0.003261703042884756,0.00012002513467512799
2018-11-28,0.02297393528374414,0.02949298996145533
2018-11-29,-0.0021976900564546487,-0.002538540976659398
2018-11-30,0.00818552393197347,0.007900366832208627
2018-12-03,0.010941355061463431,0.01513803894392507
2018-12-04,-0.03236488351007216,-0.03804066647763693
2018-12-05,0.0,0.0
2018-12-06,-0.0015221883958135285,0.00416711485619059
2018-12-07,-0.02332016543333515,-0.030467734889945586
2018-12-10,0.001762194844060927,0.007356602216881392
2018-12-11,-0.00035636837875119287,0.001610991778386639
2018-12-12,0.005419488922094429,0.009454153470718207
2018-12-13,-0.00019991927787654795,-0.003941783325890347
2018-12-14,-0.019086676677205427,-0.022583104324692016
2018-12-17,-0.020773476413007863,-0.022708395435457773
2018-12-18,8.641209140813899e-05,0.004468641772768622
2018-12-19,-0.015395733182517968,-0.021680712155674242
2018-12-20,-0.015772090500047797,-0.016336112270466496
2018-12-21,-0.020588306814405377,-0.029933781732458642
2018-12-24,-0.02711224768478282,-0.022117514791591297
2018-12-25,0.0,0.0
2018-12-26,0.049593807154098,0.05836342145546847
2018-12-27,0.008562629168861635,0.003834089064378432
2018-12-28,-0.0012415472330372657,0.0007644969442921479
2018-12-31,0.008492440882795549,0.007708990176960473
2019-01-01,0.0,0.0
2019-01-02,0.0012685242435728217,0.004620754512243641
2019-01-03,-0.02475667621502542,-0.030369310254817705
2019-01-04,0.0343356931888279,0.04260230525257214
2019-01-07,0.00701043468644591,0.012555536099577713
2019-01-08,0.009695296290921585,0.010776042101745764
2019-01-09,0.0040980263439003295,0.008711033782804023
2019-01-10,0.004518445159692908,0.004166978100007546
2019-01-11,-0.00014634296629478794,-0.0020884417132951416
2019-01-14,-0.005257562801876614,-0.009404028986671364
2019-01-15,0.010721711756711327,0.017073757008479573
2019-01-16,0.002221966823736654,0.001546164984061349
2019-01-17,0.007591452926111408,0.007074938625582616
2019-01-18,0.013183052853609212,0.010271777947789884
2019-01-21,0.0,0.0
2019-01-22,-0.014157284018107563,-0.01912332005538453
2019-01-23,0.0022028941471379238,0.000770615751898962
2019-01-24,0.001375677416909804,0.006787868091326477
2019-01-25,0.0084887201825663,0.01292154051906702
2019-01-28,-0.0078468605052614,-0.011051158012857054
2019-01-29,-0.001456209694195909,-0.008099434352101698
2019-01-30,0.015549242424242493,0.022023849328926426
2019-01-31,0.008597377892989533,0.013735055157397591
2019-02-01,0.000898635405495396,-0.002454083776679772
2019-02-04,0.006776204217207926,0.011518653279863234
2019-02-05,0.004708481505539597,0.007422892559958871
2019-02-06,-0.002224495014062744,-0.003620603938352507
2019-02-07,-0.009357119061652264,-0.011786671150112227
2019-02-08,0.0006762624489569102,0.0013514718694902506
2019-02-11,0.0007090417596054,0.0013290948453041906
2019-02-12,0.012890250202966858,0.014603374430411042
2019-02-13,0.003023976857468691,0.0007768435873989343
2019-02-14,-0.0026516238471793185,0.0008853994000306287
2019-02-15,0.010878709851296353,0.0061209513999689324
2019-02-18,0.0,0.0
2019-02-19,0.0014987750396311394,0.0019217360931749194
2019-02-20,0.0017771318387196366,0.0003072085826063553
2019-02-21,-0.003526412180845262,-0.003920379967071952
2019-02-22,0.006411088047050706,0.009092846772863705
2019-02-25,0.0012317960947767492,0.0035762015213469667
2019-02-26,-0.0007903837831845228,-0.0006830402173020333
2019-02-27,-0.0005440423780378456,0.0006901302107480412
2019-02-28,-0.0028255466662847617,-0.002909520273320254
2019-03-01,0.0068953381050032014,0.008339827388673005
2019-03-04,-0.0038806002090102654,-0.0023409059490346884
2019-03-05,-0.0011314768996100177,-0.00015968179772674063
2019-03-06,-0.0065241159285216455,-0.00929734067546939
2019-03-07,-0.008125710368218741,-0.01125245139836295
2019-03-08,-0.0021317385309919112,-0.0017947950942267532
2019-03-11,0.014666049353461608,0.020237198541064316
2019-03-12,0.0029533287823806376,0.004362230519471932
2019-03-13,0.006949618845646821,0.006900249373273493
2019-03-14,-0.0008680432029370966,-0.0016353957199731761
2019-03-15,0.004984902865607044,0.007550868769255592
2019-03-18,0.0037059607153993035,0.0033751575398677236
2019-03-19,-0.0001306063665308388,0.001227561676224509
2019-03-20,-0.0029443226469249018,0.0006499265272303933
2019-03-21,0.010852515552911779,0.014230874230330759
2019-03-22,-0.018974527826038257,-0.025040311469888832
2019-03-25,-0.0008390729493592541,-0.0006712313890302468
2019-03-26,0.007182778484540853,0.007067720758254792
2019-03-27,-0.004644380264399728,-0.006258840905308705
2019-03-28,0.0035895443381801506,0.003374161692863531
2019-03-29,0.006734293751598397,0.007843091234122967
2019-04-01,0.01156858594411525,0.012884703958433663
2019-04-02,1.7438676892522764e-05,0.00252653306782169
2019-04-03,0.0021484075277968806,0.005970423089713073
2019-04-04,0.0020846384074615365,-0.0004774841524657347
2019-04-05,0.004636398681665099,0.005944159619249323
2019-04-08,0.0010474498226595852,0.0019134139259753269
2019-04-09,-0.0060674708281390766,-0.0056073262357491105
2019-04-10,0.0034778681120144483,0.006948799385026128
2019-04-11,3.808587325715429e-05,-0.002119474048999037
2019-04-12,0.006609378462220095,0.004630468482615724
2019-04-15,-0.0006294261903205811,-0.001020771126831077
2019-04-16,0.000509364739569973,0.003036606022309263
2019-04-17,-0.002273774879087531,-0.0005187350863662399
2019-04-18,0.0015790653174507785,0.0002476213344539957
2019-04-19,0.0,3.7509095962562355e-07
2019-04-22,0.001012037741434657,0.002151395906733855
2019-04-23,0.008841219132246891,0.013168614407250034
2019-04-24,-0.0021917864252406494,-0.002316268554160672
2019-04-25,-0.00036894696387390624,0.0005282639740014083
2019-04-26,0.004685305365033532,0.0034133987311089076
2019-04-29,0.0010714723049920494,0.0018969849864027832
2019-04-30,0.0009514004274504551,-0.006626262824579454
2019-05-01,-0.007502130129708795,-0.005651364542041848
2019-05-02,-0.0021239991380873624,-0.0015988292644143476
2019-05-03,0.00963832295922562,0.015830986826797178
2019-05-06,-0.004471014787957861,-0.0049865262126408405
2019-05-07,-0.016511677868827124,-0.01963859470731688
2019-05-08,-0.0016053813214057522,-0.002566626819492379
2019-05-09,-0.0030214418181440106,-0.0041204433410714225
2019-05-10,0.0037203210344445292,0.0008027214152166451
2019-05-13,-0.024130630943291487,-0.034093980755190656
2019-05-14,0.008016017810211773,0.011438442687478068
2019-05-15,0.00583895766667486,0.011333649665330237
2019-05-16,0.008895249319527565,0.009703214589339426
2019-05-17,-0.005837319908772343,-0.01035318844524924
2019-05-20,-0.006749360908960611,-0.014572149411228863
2019-05-21,0.008495790833841,0.010820032249772238
2019-05-22,-0.002824365652362215,-0.004479996711929002
2019-05-23,-0.011914139769699683,-0.01581247967962185
2019-05-24,0.001353534780883292,0.001144425742107158
2019-05-27,0.0,0.0
2019-05-28,-0.008375618352052028,-0.0038837188899844
2019-05-29,-0.0069119572935958384,-0.00789236725009368
2019-05-30,0.0020984398243635294,0.0027042747680960932
2019-05-31,-0.013195355808466647,-0.015139302194055904
2019-06-03,-0.0027652013400870645,-0.01611801721419792
2019-06-04,0.021432345278653342,0.02646931277972775
2019-06-05,0.008161896642135735,0.006424768038771678
2019-06-06,0.006135555437609463,0.005289433804854582
2019-06-07,0.010497663083042452,0.016617315886574113
2019-06-10,0.0046600819951694294,0.01047131915113475
2019-06-11,-0.00034987685027698667,-7.66952526917164e-05
2019-06-12,-0.002037619727485618,-0.0038158814814056585
2019-06-13,0.004097449858325275,0.005698908725066509
2019-06-14,-0.0016115422390061696,-0.0051638801448999905
2019-06-17,0.0009317695307899942,0.00620265600911174
2019-06-18,0.009717372571954597,0.01387631898962649
2019-06-19,0.002985176934281464,0.004204237428776958
2019-06-20,0.009472195075278522,0.00801520409849621
2019-06-21,-0.0012592326804730103,-0.0024381034709750615
2019-06-24,-0.001731933325650914,-0.0032384137375478517
2019-06-25,-0.009496324715228988,-0.015111732890315643
2019-06-26,-0.0012339839170762978,0.0032023965340557403
2019-06-27,0.003823212459416858,0.007305969554878278
2019-06-28,0.005757422425228809,0.0048294627348213215
2019-07-01,0.007672277820080398,0.010606726753132456
2019-07-02,0.0029281490252435205,0.00221599869487199
2019-07-03,0.007672358989710748,0.00753968694391105
2019-07-04,0.0,0.0
2019-07-05,-0.0018058494836139527,-0.0010330186543096032
2019-07-08,-0.004835457345313876,-0.007769129075852255
2019-07-09,0.0012365799156572876,0.005352922436339114
2019-07-10,0.004510627158405667,0.007467700353610551
2019-07-11,0.002285278994477169,-0.0007912192945347396
2019-07-12,0.004620138604158219,0.0058686878053302305
2019-07-15,0.00017585947169163063,0.001704240830456616
2019-07-16,-0.0034037753375577573,-0.0042854426938592205
2019-07-17,-0.006531204644412147,-0.004571435520747125
2019-07-18,0.0035819355184592006,0.002691439804232143
2019-07-19,-0.0061767347442999165,-0.007402001159951488
2019-07-22,0.0028287212634507952,0.007076667374537937
2019-07-23,0.006847502370160408,0.005760506280975353
2019-07-24,0.00468811866363672,0.008495528031606803
2019-07-25,-0.00526235610486292,-0.009969356486210335
2019-07-26,0.007387629133693174,0.0111269715265081
2019-07-29,-0.00161606948107329,-0.004427259336799327
2019-07-30,-0.002578641959370631,-0.0023778144605363094
2019-07-31,-0.010885509660889747,-0.011867854539916789
2019-08-01,-0.008998852495319398,-0.007865039349660319
2019-08-02,-0.0072827367651240316,-0.013197930741993713
2019-08-05,-0.02977780051499812,-0.03473607802030709
2019-08-06,0.013017006826634425,0.013879037644123127
2019-08-07,0.0007668897934256513,0.0037736475316183515
2019-08-08,0.01876226603513209,0.022425767821509623
2019-08-09,-0.006616543400644659,-0.009953776265181902
2019-08-12,-0.011957583129186489,-0.01202768138266197
2019-08-13,0.014762028608582556,0.019450848931951814
2019-08-14,-0.02929276360753441,-0.030240657854687214
2019-08-15,0.002464268112370549,-0.0009416074731731783
2019-08-16,0.014426183452732166,0.016657181631134277
2019-08-19,0.012105875347909967,0.013528385927540576
2019-08-20,-0.007914764079147596,-0.00677886892229107
2019-08-21,0.008246825558263726,0.009014211379168025
2019-08-22,-0.0005060815269983809,-0.0035934221173758996
2019-08-23,-0.025946389777450785,-0.02998477110990705
2019-08-26,0.010983067039910699,0.013154415056174207
2019-08-27,-0.0032031906836484936,-0.003411113685963585
2019-08-28,0.006545469754213773,0.0038239671902848826
2019-08-29,0.012687244194824032,0.014829041553390265
2019-08-30,0.0006428273461489553,-0.0013181344446967502
2019-09-02,0.0,0.0
2019-09-03,-0.006899120439028739,-0.011141697476290013
2019-09-04,0.010842075925499017,0.013045201011917529
2019-09-05,0.013009823744460025,0.017544453470529797
2019-09-06,0.0009106182795699524,-0.0016952430936708618
2019-09-09,-9.400042300200528e-05,-0.001928898553264391
2019-09-10,0.00032231746255573235,-0.0004055671510391212
2019-09-11,0.0072296678179091245,0.010578711950283148
2019-09-12,0.0028791074766822966,0.003034390575885393
2019-09-13,-0.0007243559711188619,-0.0021673152748132862
2019-09-16,-0.0031356092824674775,-0.0028336580360560637
2019-09-17,0.002581755593803692,0.003983545797285659
2019-09-18,0.0003426822370828919,-0.0010542363688337275
2019-09-19,1.9955233758972568e-05,0.0006713633567678734
2019-09-20,-0.004895586322955614,-0.007969076902019867
2019-09-23,-9.69228661094057e-05,-0.0006418097803926326
2019-09-24,-0.00841639425358831,-0.014647838017074921
2019-09-25,0.006158565361019441,0.010477092384811426
2019-09-26,-0.0024289165022262083,-0.00578405374019797
2019-09-27,-0.005316326462073695,-0.011335307434258146
2019-09-30,0.005047623227845355,0.007519242080550326
2019-10-01,-0.012258376613342059,-0.01133344917636847
2019-10-02,-0.01790323952044892,-0.01560818696443278
2019-10-03,0.007971990677411389,0.0111775759996815
2019-10-04,0.014216853396000317,0.013999809457270862
2019-10-07,-0.004478304612789308,-0.003279690721907813
2019-10-08,-0.015560826054260457,-0.016656025177595457
2019-10-09,0.009104546742895181,0.01022142806016535
2019-10-10,0.00641570185654583,0.005951620310916672
2019-10-11,0.010938930544257763,0.01336600102883101
2019-10-14,-0.001387079289088211,-0.0010413253502526976
2019-10-15,0.009955666436289423,0.01243189851714277
2019-10-16,-0.0019995460129251796,-0.00301029242665396
2019-10-17,0.002762828253096483,0.004021328921811174
2019-10-18,-0.003919344885671916,-0.008251960009072135
2019-10-21,0.006871609403255041,0.009079626282829434
2019-10-22,-0.0035686728395061262,-0.007189767474908071
2019-10-23,0.002847139009142241,0.0019113310218032975
2019-10-24,0.001920439870594981,0.008129520591049877
2019-10-25,0.004072697314876805,0.0070023699577317355
2019-10-28,0.00558137996062924,0.010053232271275858
2019-10-29,-0.0008323956544341593,-0.005902000843142963
2019-10-30,0.0032533282404039188,0.003277817043923603
2019-10-31,-0.0030228734036372717,-0.0013993289964570055
2019-11-01,0.009662360578885698,0.011340559261778127
2019-11-04,0.00370405391746087,0.005580463607746111
2019-11-05,-0.001185730946278274,0.0001754968457998718
2019-11-06,0.0007025258405917167,-0.002851323345995471
2019-11-07,0.0027301269509030224,0.0028404530932879535
2019-11-08,0.002560628553277322,0.004836078401616151
2019-11-11,-0.001962445200253349,-0.0013014273224223327
2019-11-12,0.001564620781921544,0.0025767106003109497
2019-11-13,0.0007115504036430131,-0.00047018120241471006
2019-11-14,0.0008370932502488326,-0.0003631176241732925
2019-11-15,0.007695462486638771,0.007289757542734865
2019-11-18,0.0005031309486422941,0.0010666410641588797
2019-11-19,-0.000592563172038818,0.002423408819243189
2019-11-20,-0.0037561935529359936,-0.005125626264488425
2019-11-21,-0.0015827773238195064,-0.00240654975588539
2019-11-22,0.0021749357185665286,0.0016070611941159108
2019-11-25,0.007507338543994324,0.013217322309704072
2019-11-26,0.0021955297992111156,0.0017885917041318145
2019-11-27,0.00417446792250975,0.006620081337383565
2019-11-28,0.0,0.0
2019-11-29,-0.004011250527170329,-0.004561651798124955
2019-12-02,-0.008631064190157245,-0.011249245568907384
2019-12-03,-0.006638042050567283,-0.005526383667581403
2019-12-04,0.006323548428811776,0.005402176362339084
2019-12-05,0.001500276282141666,0.00047042783251849407
2019-12-06,0.009135730393304842,0.010014351219853612
2019-12-09,-0.00316283682622831,-0.004008534597581326
2019-12-10,-0.0010969527672547441,-0.0006553133151546708
2019-12-11,0.0029082017034209873,0.00439521922708197
2019-12-12,0.008575166394515055,0.007311027784678847
2019-12-13,7.258794976916505e-05,0.0020143805665042702
2019-12-16,0.007147816208028068,0.009084269045481985
2019-12-17,0.00033527080167328194,0.001035825023853576
2019-12-18,-0.000432260408705365,0.0004952761759691171
2019-12-19,0.004459221469443442,0.006738991790641524
2019-12-20,0.0049448269622538454,0.004246547289253444
2019-12-23,0.0008661314657181229,0.002318217672684364
2019-12-24,-0.0001954088231737039,0.000808214048168665
2019-12-25,0.0,0.0
2019-12-26,0.005128157399996169,0.00776398209291318
2019-12-27,3.395156038288327e-05,-0.0017478739003743415
2019-12-30,-0.005780828513404224,-0.0067317151162146205
2019-12-31,0.002946024729223451,0.002974517074130434
2020-01-01,0.0,0.0
2020-01-02,0.008378781594537532,0.013328355214764942
2020-01-03,-0.007059870773669763,-0.00785509321736566
2020-01-06,0.0035333941295578875,0.005619254232177351
2020-01-07,-0.0028032085956850583,-0.0003174792150325567
2020-01-08,0.0049024150649641385,0.006689029594489915
2020-01-09,0.006655292725288531,0.008126634856789883
2020-01-10,-0.0028552233792408233,-0.0026696568561938028
2020-01-13,0.006976281256220629,0.010357495375242554
2020-01-14,-0.0015145386587512855,-0.0024369388166614048
2020-01-15,0.001870155186330269,0.0007966422125251782
2020-01-16,0.00836654718799501,0.010631082117359636
2020-01-17,0.003862144651035182,0.003399546655865837
2020-01-20,0.0,0.0
2020-01-21,-0.002651954277064661,-0.0019309954052322276
2020-01-22,0.0002890878375325645,0.0013830181168972278
2020-01-23,0.0011409648528637462,0.0019938681361542088
2020-01-24,-0.009042140524546438,-0.009313500268014363
2020-01-27,-0.015730684849202037,-0.018851497223268954
2020-01-28,0.010053551114029613,0.014264753028401467
2020-01-29,-0.0008668473616095795,0.0005911746683811003
2020-01-30,0.003134355715769477,0.002562759025181327
2020-01-31,-0.017705852615678808,-0.015914734275879083
2020-02-03,0.0072546442124061805,0.013382231770725062
2020-02-04,0.014980362705145023,0.020981517027196084
2020-02-05,0.011250640619361318,0.004299760138656961
2020-02-06,0.0033256464618900416,0.006674953831656838
2020-02-07,-0.005400833288500828,-0.005394817256311191
2020-02-10,0.007326359568592178,0.011331325737801823
2020-02-11,0.0016884988171557147,0.0010957179756949653
2020-02-12,0.0064626610081155444,0.009027963655754645
2020-02-13,-0.0016304428235363044,-0.0014384184183360293
2020-02-14,0.0018435419717006685,0.0019779715135035403
2020-02-17,0.0,0.0
2020-02-18,-0.0029199801192842934,0.00016030943832090472
2020-02-19,0.004705826501577137,0.008675871337362473
2020-02-20,-0.0038155427255142094,-0.006745317901882375
2020-02-21,-0.010518108756295885,-0.01788234184121351
2020-02-24,-0.0335135944873044,-0.03710193294272801
2020-02-25,-0.030280015747592093,-0.027726085749483764
2020-02-26,-0.003778518705585654,0.0016909055825538033
2020-02-27,-0.044163278665378725,-0.046130788339975415
2020-02-28,-0.008238327357692588,0.0001038933144070775
2020-03-02,0.04603922524388837,0.04491343317727603
2020-03-03,-0.028107940185681968,-0.029944728423084488
2020-03-04,0.042202592421180185,0.03846113985460775
2020-03-05,-0.03392202215889484,-0.03099215022249724
2020-03-06,-0.017053909799797706,-0.0186505847618611
2020-03-09,-0.07596968075979771,-0.07287403126537795
2020-03-10,0.04939633578003022,0.04950142629309684
2020-03-11,-0.048868410917935035,-0.04700242682086464
2020-03-12,-0.09511268047479748,-0.09434674077753535
2020-03-13,0.0928711945304439,0.09345996834124803
2020-03-16,-0.11984050283657066,-0.12321330610752168
2020-03-17,0.05995482224354909,0.06230493048826924
2020-03-18,-0.05183082330706679,-0.047027995386364596
2020-03-19,0.004707893749218206,0.022996234534696125
2020-03-20,-0.043359522534749395,-0.03790741450343882
2020-03-23,-0.02929385835517062,-0.002740016745354401
2020-03-24,0.09382765710199337,0.08121509998294618
2020-03-25,0.011535019797084933,-0.004524215878973115
2020-03-26,0.06241416083633622,0.05596197337594622
2020-03-27,-0.0336873163071707,-0.03785296388348114
2020-03-30,0.03351603599491648,0.036224504757156994
2020-03-31,-0.0160127919593398,-0.009525157091128889
2020-04-01,-0.04414239782712159,-0.04409293385800195
2020-04-02,0.022829386763812964,0.01721739319455806
2020-04-03,-0.015137124539950086,-0.015256480631895886
2020-04-06,0.07033130412070787,0.07326110662029972
2020-04-07,-0.0016030454108602044,-0.0032831052767260394
2020-04-08,0.03405642604938697,0.025818852174265716
2020-04-09,0.01448737809002254,0.0077469749966012635
2020-04-10,0.0,0.0
2020-04-13,-0.010104594561656355,0.004763551715933456
2020-04-14,0.030572524197665762,0.0394657500469946
2020-04-15,-0.022030456139364496,-0.014392172612127552
2020-04-16,0.005816710738100639,0.016582511038724324
2020-04-17,0.026793591827257934,0.013803918259426284
2020-04-20,-0.017880997439608137,-0.01033624889308149
2020-04-21,-0.030674846625766805,-0.0347517092584394
2020-04-22,0.02293024819481393,0.02809434083282203
2020-04-23,-0.000539418642451106,-7.41579540879389e-05
2020-04-24,0.01391807849024218,0.016453691986226815
2020-04-27,0.014714073196697708,0.01107646979797372
2020-04-28,-0.005242350129234907,-0.014023797960174833
2020-04-29,0.026583874358714787,0.03566329334214702
2020-04-30,-0.009212419757034462,-0.0028223015667363516
2020-05-01,-0.028059043479156554,-0.03201511887553343
2020-05-04,0.004249817183674676,0.012290600177804478
2020-05-05,0.009040573531170715,0.011297586534278148
2020-05-06,-0.006979403438802989,0.005138992317053059
2020-05-07,0.011504623615899323,0.014147784319416656
2020-05-08,0.016871501011734846,0.01577565297572514
2020-05-11,0.0001774865178509888,0.007786153758447378
2020-05-12,-0.02054383139042848,-0.02064653831342189
2020-05-13,-0.017462684487059787,-0.015482280020660766
2020-05-14,0.01152482269503552,0.009088170485277658
2020-05-15,0.003926380368098004,0.007920641522766836
2020-05-18,0.03150120473513285,0.024434914183276923
2020-05-19,-0.010484408800538914,-0.005385047694435041
2020-05-20,0.01665104312780974,0.02075970865858845
2020-05-21,-0.007773563825670182,-0.009695193359912646
2020-05-22,0.002353731206609311,0.004276845796607143
2020-05-25,0.0,0.0
2020-05-26,0.012289160703107926,0.0016762131096379473
2020-05-27,0.014827343010993532,0.007723586810589156
2020-05-28,-0.0021079466294262605,-0.0046077710584806475
2020-05-29,0.004812310007822562,0.012902137797137225
2020-06-01,0.0037512605483673855,0.006552249925446674
2020-06-02,0.00821080396500995,0.005896116540428764
2020-06-03,0.013648963587616247,0.007757819484470296
2020-06-04,-0.0033686961032639573,-0.006929734966038104
2020-06-05,0.02621170498176606,0.020619167808016314
2020-06-08,0.012041591393674889,0.0112756366363429
2020-06-09,-0.007799182648133396,0.002922998486610151
2020-06-10,-0.0053130787794885,0.006690945623508693
2020-06-11,-0.058944121574601716,-0.05265484738557047
2020-06-12,0.013060857399820103,0.010121429767832923
2020-06-15,0.008312207568449193,0.014309387713386856
2020-06-16,0.018962430582503575,0.0174634639862965
2020-06-17,-0.0036002995449221364,0.001481426089873894
2020-06-18,0.000594188515139038,0.0032813583128246115
2020-06-19,-0.005649463621948292,0.0003087583789684878
2020-06-22,0.006495057687217143,0.011094778667460226
2020-06-23,0.004307441642665166,0.00744794147449368
2020-06-24,-0.025855158736495243,-0.02193188088086806
2020-06-25,0.01095946995898811,0.010881839750453315
2020-06-26,-0.024226917788673585,-0.02593391234900677
2020-06-29,0.01468569814393228,0.0119839462469844
2020-06-30,0.015409859690034278,0.018697305590861024
2020-07-01,0.005022110834792981,0.009529992235631113
2020-07-02,0.004541282342595654,0.005219294056011847
2020-07-03,0.0,0.0
2020-07-06,0.0158817383970018,0.022142260250420653
2020-07-07,-0.010818562640735552,-0.00860293377677035
2020-07-08,0.007827502448081614,0.01436693545658363
2020-07-09,-0.005643639942711776,0.005265665951870391
2020-07-10,0.01046620453355751,0.006607096300158766
2020-07-13,-0.009362519779971379,-0.021342244458174453
2020-07-14,0.013406355182839835,0.00940636175708609
2020-07-15,0.00908203857989931,0.005902610267548125
2020-07-16,-0.0034061043340275488,-0.0072660132372999175
2020-07-17,0.00284863958800452,0.002803177061304174
2020-07-20,0.008406905384326757,0.025125699906409338
2020-07-21,0.0016790493997245193,-0.008055101239053397
2020-07-22,0.005747091149111094,0.002412840016628559
2020-07-23,-0.012319827107282633,-0.02285699874744651
2020-07-24,-0.0061903908321639944,-0.009390694571100311
2020-07-27,0.007395129414764723,0.01670240215841079
2020-07-28,-0.006473401020556158,-0.012735057093259838
2020-07-29,0.012428381451883519,0.01354054810139127
2020-07-30,-0.0037502608610255894,0.004255928611943016
2020-07-31,0.007670459796317086,0.01487181957364192
2020-08-03,0.007181026681992719,0.014660404066161092
2020-08-04,0.0036119601409574376,0.00351927945115027
2020-08-05,0.0064297401187354275,0.005230702018157007
2020-08-06,0.006427727877827971,0.009971450392784353
2020-08-07,0.0006329945419150107,-0.008740492272735101
2020-08-10,0.0027422358024395965,-0.003870681810338339
2020-08-11,-0.007969123366671882,-0.01691592909058426
2020-08-12,0.013996502374245878,0.021276437889160782
2020-08-13,-0.0020471252976762555,0.002747851481624153
2020-08-14,-0.00017193183199293305,-0.002100973511433124
2020-08-17,0.0027098744385312123,0.010021507718276146
2020-08-18,0.0023033775972136628,0.007287688021182959
2020-08-19,-0.004404415625792857,-0.005742656214877795
2020-08-20,0.0031586589033587575,0.010630280824584837
2020-08-21,0.0034411358997610275,0.004158917704916387
2020-08-24,0.01004368354743379,0.006004349440407397
2020-08-25,0.003596325569466652,0.00762321041290992
2020-08-26,0.010195666188487662,0.017319192393125293
2020-08-27,0.0016730243508407128,-0.0034050403512712046
2020-08-28,0.006732576659826961,0.006046274775619365
2020-08-31,-0.0021949766391772263,0.006825626323678113
2020-09-01,0.00752504778148233,0.01394510278154737
2020-09-02,0.015365857116526938,0.00978000229487086
2020-09-03,-0.03512583639592948,-0.049628248471356384
2020-09-04,-0.008132999137496877,-0.0126521849172202
2020-09-07,0.0,0.0
2020-09-08,-0.027756378831384043,-0.041141576203932884
2020-09-09,0.020145024971186976,0.0270905602944036
2020-09-10,-0.017584790641843373,-0.019922703822444876
2020-09-11,0.0005330634075928486,-0.006047846118764633
2020-09-14,0.01274180851668838,0.018712771397376926
2020-09-15,0.005219385613883576,0.012089556963456483
2020-09-16,-0.004618958014818264,-0.012497408474467231
2020-09-17,-0.00841237162124231,-0.012686338228147687
2020-09-18,-0.01118257020384228,-0.01072383110240982
2020-09-21,-0.011571124305988612,-0.0013286044650004936
2020-09-22,0.010517942372282096,0.017147326174929978
2020-09-23,-0.02372141140135786,-0.03015568549869263
2020-09-24,0.002987407782707008,0.003694107578657402
2020-09-25,0.015976763311659203,0.022609658718773407
2020-09-28,0.016110548559024496,0.01868930237416544
2020-09-29,-0.004812626805108078,-0.0029034782374053325
2020-09-30,0.008253709372292528,0.007420557813776929
2020-10-01,0.005292893250074426,0.0142312458809708
2020-10-02,-0.009571699006152401,-0.022204348874023228
2020-10-05,0.01797553487594228,0.023247624628558894
2020-10-06,-0.013988024514247743,-0.015696337462431265
2020-10-07,0.01740579300495404,0.01882614503303537
2020-10-08,0.008007135650470065,0.004960975652678945
2020-10-09,0.008790685934612519,0.013918998903781343
2020-10-12,0.016418713134107588,0.025587972418081195
2020-10-13,-0.006306907889152336,-0.0010407229151019326
2020-10-14,-0.006623138843883547,-0.008021746459878631
2020-10-15,-0.0015278028589691406,-0.004661465923120667
2020-10-16,0.00013492797142955482,-0.003611926614119687
2020-10-19,-0.016329822808936134,-0.016508362992068037
2020-10-20,0.0047272769717412455,0.0032677119395625454
2020-10-21,-0.002195682985199454,-0.002761257987459631
2020-10-22,0.005218945382994278,0.0018563844561760856
2020-10-23,0.0034457896215134287,0.003673732249493966
2020-10-26,-0.01858953826264864,-0.016395515176286013
2020-10-27,-0.0030256074002417144,0.006374714542025872
2020-10-28,-0.03528790685054317,-0.037307929509637905
2020-10-29,0.011947307117329942,0.016421820521278274
2020-10-30,-0.012129506270184387,-0.024495802188351234
2020-11-02,0.01231819349472163,0.004217533833291043
2020-11-03,0.017799313644932147,0.01852228725059568
2020-11-04,0.022047038430944355,0.03854731433967995
2020-11-05,0.019460190971818836,0.025895582523350447
2020-11-06,-0.00028771240154390476,0.0003616201592304691
2020-11-09,0.011699872344305584,-0.015254013583596016
2020-11-10,-0.001399802844669673,-0.013652296696711086
2020-11-11,0.007651888434169196,0.020129203573524324
2020-11-12,-0.009978559392721298,-0.006519361672703283
2020-11-13,0.013610365817456005,0.010222390365503875
2020-11-16,0.011648048198820149,0.008017387349536387
2020-11-17,-0.004791957892531062,-0.0020789776696495954
2020-11-18,-0.01156383241031389,-0.008213900939043617
2020-11-19,0.003946420613320845,0.008736950921908848
2020-11-20,-0.0067925413261787915,-0.004178178216856954
2020-11-23,0.00563591695385024,0.002210043551354568
2020-11-24,0.016161717804443754,0.01314348671048382
2020-11-25,-0.0015844155129681736,0.004741084609294566
2020-11-26,0.0,0.0
2020-11-27,0.0023969253233782073,0.009215008599021024
2020-11-30,-0.0045954897137437944,-0.0005825075680924163
2020-12-01,0.011271167954760575,0.012818536996443974
2020-12-02,0.0017911507324332998,-0.00046458509879721
2020-12-03,-0.0006241465681479097,0.002251936738473237
2020-12-04,0.008836235109307422,0.007033104471293017
2020-12-07,-0.0019355954929820562,0.0044703924751068325
2020-12-08,0.002787137455443789,0.005017591923290432
2020-12-09,-0.007949220068876994,-0.01937729132774424
2020-12-10,-0.0012851160688518437,0.0054186134152418575
2020-12-11,-0.001264960061067022,-0.0022521705555702543
2020-12-14,-0.004359266922526861,0.005022673529452071
2020-12-15,0.012921214314501217,0.012461374722267715
2020-12-16,0.0017728480872187813,0.005012282593334305
2020-12-17,0.005757638800703457,0.008418265170612838
2020-12-18,-0.0035111001267972286,-0.000713684169294404
2020-12-21,-0.003906281591951277,-0.0010285646192584874
2020-12-22,-0.0020731166033364223,0.0051324227860736205
2020-12-23,0.0007458112528002658,-0.0028740029606680872
2020-12-24,0.0035365757816374632,0.0026325041441188635
2020-12-25,0.0,0.0
2020-12-28,0.008722515973276224,0.007394923594640446
2020-12-29,-0.0022273622890431888,-0.003814124976161737
2020-12-30,0.0013415471795312772,0.0015392732575785217
2020-12-31,0.00643883774021714,0.0014203574203575098
2021-01-01,0.0,0.0
2021-01-04,-0.01475478359029514,-0.014728885468037634
2021-01-05,0.007082539553862066,0.009490134622729407
2021-01-06,0.005709900559720538,-0.006097998589589038
2021-01-07,0.01484736429268918,0.02564126714277526
2021-01-08,0.005491890982414871,0.010292726677217034
2021-01-11,-0.006554796741165214,-0.012539785698811756
2021-01-12,0.0004158321511944507,0.0027614922183449853
2021-01-13,0.0022756031663768717,0.004323603186247693
2021-01-14,-0.003753438464607517,-0.0012422927956921015
2021-01-15,-0.00719001775768402,-0.008704578178002298
2021-01-18,0.0,0.0
2021-01-19,0.008136402839514334,0.01528484055852597
2021-01-20,0.013935576257400273,0.019706482748587106
2021-01-21,0.0003167309215053038,0.005473629456240969
2021-01-22,-0.0030105863636010755,0.0008979440407186345
2021-01-25,0.003615803325289546,0.006861817048732011
2021-01-26,-0.0014888363213811928,-0.0007282199532266942
2021-01-27,-0.025677859113367063,-0.026086777835999442
2021-01-28,0.009760662477304782,0.0050155983904269785
2021-01-29,-0.019311502938707092,-0.019979515878942644
2021-02-01,0.01605173602136656,0.025453897231133116
2021-02-02,0.013898236818535858,0.015622167227843153
2021-02-03,0.001008804827627774,-0.00016455125257297532
2021-02-04,0.01085330416143404,0.012284597084318394
2021-02-05,0.003897472454245321,0.005701951118253001
2021-02-08,0.007399345996609075,0.009478720870650825
2021-02-09,-0.0011134975827398197,0.0014341232688288574
2021-02-10,-0.0003451599624669788,-0.0025107619380768664
2021-02-11,0.0016624551137118804,0.0038103335616384015
2021-02-12,0.004710983101741784,0.004969424138567824
2021-02-15,0.0,0.0
2021-02-16,-0.0005692749114954987,-0.003403221034843029
2021-02-17,-0.0003203995331321208,-0.005837337604555959
2021-02-18,-0.004415808390544673,-0.007170527371021418
2021-02-19,-0.0018548941356217874,0.0006570330665773838
2021-02-22,-0.007732849379657014,-0.024607786819965005
2021-02-23,0.0012562878885591378,-0.0050136517636452105
2021-02-24,0.01135166191319037,0.00986023230252786
2021-02-25,-0.024478846903396523,-0.03519201763204349
2021-02-26,-0.004750165824920272,0.005558168304568012
2021-03-01,0.023790719336683086,0.030053781168631888
2021-03-02,-0.008080844323930969,-0.016928609747859036
2021-03-03,-0.01306620434127681,-0.027026399846093896
2021-03-04,-0.013417213827191521,-0.021102113827393243
2021-03-05,0.019495975820425837,0.015458047215107129
2021-03-08,-0.005359271617984662,-0.024070153984280362
2021-03-09,0.014154683554241432,0.03685098769466011
2021-03-10,0.006030283013025661,-0.0003816788054294973
2021-03-11,0.010395479646353678,0.025238678596324338
2021-03-12,0.0010153985185334946,-0.005881927086792915
2021-03-15,0.006491958593476621,0.010499359602878622
2021-03-16,-0.0015696886322292825,0.0008811482565376227
2021-03-17,0.0028793426720601367,0.003980976233653566
2021-03-18,-0.014760500437832724,-0.0302420666607518
2021-03-19,-0.0006027388863633076,0.007553272029868552
2021-03-22,0.0070251207482558975,0.012281275254933055
2021-03-23,-0.0076308370066411335,-0.011200863536943273
2021-03-24,-0.005467303581109473,-0.020094952259274157
2021-03-25,0.00524023305923671,0.0012181865453264606
2021-03-26,0.016631197691788335,0.012408997602036731
2021-03-29,-0.0008680249789911887,-0.00601809004225673
2021-03-30,-0.003157823166939022,-0.001091912876685086
2021-03-31,0.003622538555784205,0.015444536345789794
2021-04-01,0.011825144919693331,0.017607178148498548
2021-04-02,0.0,0.0
2021-04-05,0.014438277854756487,0.01672686647215782
2021-04-06,-0.0009735379152555623,-0.0005260627233122372
2021-04-07,0.0014752303666720756,-0.0006964327168613726
2021-04-08,0.004220639958823158,0.010261643791585007
2021-04-09,0.007719962803593772,0.005125346094635219
2021-04-12,-0.000196182910288778,-0.0036107420114401823
2021-04-13,0.00329458162447116,0.010548736462093977
2021-04-14,-0.0040878020277237415,-0.009878466144140119
2021-04-15,0.011094247768300924,0.01305542566518314
2021-04-16,0.0036087492386858155,0.0009673219002248601
2021-04-19,-0.005306453038726788,-0.009789828597941641
2021-04-20,-0.006802361610853236,-0.009234791520089769
2021-04-21,0.009306060063749566,0.011892266726242662
2021-04-22,-0.009210671343885979,-0.009448596509589069
2021-04-23,0.010928710658818286,0.014357657646574262
2021-04-26,0.001782224167916624,0.008701694608117094
2021-04-27,-0.0002149192142553158,-0.0034345254682512927
2021-04-28,-0.0008455306301830001,-0.0027813618240168925
2021-04-29,0.006762797680233579,0.0022432519181867505
2021-04-30,-0.007194637501869883,-0.008511952735832606
2021-05-03,0.0027480346410215795,-0.004838612644563867
2021-05-04,-0.006678337857112138,-0.01882819291952864
2021-05-05,0.0007035388242977447,-0.003746653463894134
2021-05-06,0.008165390549454088,0.003712151442820888
2021-05-07,0.007373346471123199,0.008758263135194122
2021-05-10,-0.010435666020885526,-0.025478031215278363
2021-05-11,-0.008673894514173552,-0.000927483200093171
2021-05-12,-0.021449387057151936,-0.02671883717230683
2021-05-13,0.012173151138064053,0.0071602433454474035
2021-05-14,0.014917933130699224,0.023237351037981746
2021-05-17,-0.0025300382141189015,-0.0037922617904122546
2021-05-18,-0.008517302421882755,-0.005636424110829985
2021-05-19,-0.0029434351705374118,-0.0002931528514000803
2021-05-20,0.010554756443649449,0.017744707791280234
2021-05-21,-0.0007838196541576359,-0.004783632073311117
2021-05-24,0.009911305963146155,0.01411774487250006
2021-05-25,-0.002125302295660103,-0.0002928006898383906
2021-05-26,0.001876732575158746,0.005918502881636423
2021-05-27,0.0011653983922745859,-0.00012520017469785927
2021-05-28,0.0007688865190149663,0.0009070869260090486
2021-05-31,0.0,0.0
2021-06-01,-0.0004923753184382651,-0.0008917180774383748
2021-06-02,0.0014469162597214869,0.0014450572490187774
2021-06-03,-0.003628698801364849,-0.010309435728860783
2021-06-04,0.00883408659980689,0.014688740175004433
2021-06-07,-0.0007967110255822085,0.004866629169806513
2021-06-08,0.00017508493985585183,0.0031112859213411337
2021-06-09,-0.0018238764589828538,-0.0009450689447902949
2021-06-10,0.004652154850635748,0.00780491311301601
2021-06-11,0.0019484900381676606,0.003501344119575034
2021-06-14,0.0018152110447704484,0.0074430928922442074
2021-06-15,-0.0020116799642784233,-0.007145407058205877
2021-06-16,-0.005390207201542929,-0.0023577297009990117
2021-06-17,-0.0004356370007340127,0.008666151935086797
2021-06-18,-0.013124547000611053,-0.009248412051111043
2021-06-21,0.01400232812106239,0.007918531073285218
2021-06-22,0.005124515064653945,0.007905113184758727
2021-06-23,-0.0010832603310065858,0.001295141395623478
2021-06-24,0.005811157422250579,0.006865320462200453
2021-06-25,0.003330606657931945,-0.0006485865059211449
2021-06-28,0.0023150419323942906,0.009757395168237037
2021-06-29,0.00027734984069871516,0.001918553209507845
2021-06-30,0.001328114078009257,-0.0016781006488700845
2021-07-01,0.005221640488656032,0.0012706883297306515
2021-07-02,0.0075001041681135305,0.008053087717027063
2021-07-05,0.0,0.0
2021-07-06,-0.002021900862524517,0.0016605951228640947
2021-07-07,0.003359011313352811,9.683816569427961e-05
2021-07-08,-0.00856101125941644,-0.007178968241520978
2021-07-09,0.01127795187024705,0.009762510147818038
2021-07-12,0.0034511562975592103,0.002130333997192091
2021-07-13,-0.003516830382495284,-0.0037731008250730946
2021-07-14,0.0011649703264435818,-0.002227877078415097
2021-07-15,-0.0032622362435132946,-0.0069525672672150485
2021-07-16,-0.007538938952254881,-0.007968710999626594
2021-07-19,-0.015869531055010655,-0.010553647128626165
2021-07-20,0.01516265155019747,0.01568478554786057
2021-07-21,0.008241847210077813,0.009177950296850534
2021-07-22,0.0020166609692362503,0.003598290043363983
2021-07-23,0.010145438559535647,0.010377538373534057
2021-07-26,0.002382253008416102,0.0002507247089873488
2021-07-27,-0.004712479931257563,-0.01213755945638717
2021-07-28,-0.00018630181803303003,0.006957432789153062
2021-07-29,0.004206206369982368,0.0010621449638206215
2021-07-30,-0.005406016994218166,-0.007144278149118999
2021-08-02,-0.0018428943907755624,0.0005718110120305209
2021-08-03,0.008203484714484954,0.005464179382020706
2021-08-04,-0.00463244520307915,0.00130340911939264
2021-08-05,0.006005460335342772,0.007752766646392351
2021-08-06,0.0016752839177258672,-0.003985197836606891
2021-08-09,-0.000939925887858073,0.0016460228528905052
2021-08-10,0.000992701388653705,-0.004851219837175624
2021-08-11,0.0024680227644109376,-0.001551924555503792
2021-08-12,0.002952087595835984,0.0034622089597524663
2021-08-13,0.0016073241975147479,0.000448156282354617
2021-08-16,0.0026208594449417255,-0.0019658771225603555
2021-08-17,-0.0070607249129965854,-0.009299866970939097
2021-08-18,-0.010748457761550978,-0.008888400661018148
2021-08-19,0.0012567410636163956,0.0010932189446306584
2021-08-20,0.008141540696354754,0.011887807484498136
2021-08-23,0.008523820995256282,0.01549407189836538
2021-08-24,0.0014956926284677152,0.005163073484288239
2021-08-25,0.0022201269217136943,0.0014687279457783475
2021-08-26,-0.005824931775569864,-0.0063855134936769975
2021-08-27,0.008807606263982137,0.012290401122455163
2021-08-30,0.00430658828173347,0.009014838560428284
2021-08-31,-0.001349146239944865,-0.00043561168068151357
2021-09-01,0.0003117620525883158,0.0032858779336322197
2021-09-02,0.0028425606033477546,0.0014239636092383545
2021-09-03,-0.000335026835208585,0.0021094266716585874
2021-09-06,0.0,0.0
2021-09-07,-0.003395488410139813,0.0007036147966090756
2021-09-08,-0.0013185753191903293,-0.005703663184021712
2021-09-09,-0.004605599824548556,-0.0025113432382786183
2021-09-10,-0.0077226435922087555,-0.0087065728854131
2021-09-13,0.0022765095613401787,-0.0006556188386880324
2021-09-14,-0.00574659914561837,-0.004489731609113923
2021-09-15,0.008473908688851006,0.008230614134020042
2021-09-16,-0.0015510969268194286,0.0013448510803328872
2021-09-17,-0.009110924839340617,-0.009086466006934635
2021-09-20,-0.016977254629493954,-0.021940352180973455
2021-09-21,-0.0008123495489623656,0.002208795764549132
2021-09-22,0.009519566210937302,0.010202490099278538
2021-09-23,0.012134751708511082,0.010431064285402636
2021-09-24,0.0014610090402744635,-0.0003016162378489673
2021-09-27,-0.0027763563072890074,-0.005165573476345275
2021-09-28,-0.020364114325326033,-0.028275941768754365
2021-09-29,0.001569166228234442,-0.0023538016922074467
2021-09-30,-0.011909731939276913,-0.004400362723291251
2021-10-01,0.011491477734391298,0.008175197839510817
2021-10-04,-0.012985880322420762,-0.021365168500758647
2021-10-05,0.010524455523362564,0.012510978234335113
2021-10-06,0.004102887438675262,0.004716696815744603
2021-10-07,0.00829828923697451,0.010488963177953892
2021-10-08,-0.0019137407494954628,-0.005082564374826792
2021-10-11,-0.0068657858421348195,-0.00640212242635918
2021-10-12,-0.0024167715692277048,-0.0013999530587732734
2021-10-13,0.003022536862308023,0.00730821129938497
2021-10-14,0.01706311013337003,0.017279455160846835
2021-10-15,0.0074601307719690535,0.004986025501520164
2021-10-18,0.0033748045900920953,0.008355182871573108
2021-10-19,0.00739335690054066,0.007141616090204916
2021-10-20,0.0036640167447334893,-0.0004897849110554464
2021-10-21,0.002995906256131331,0.006217563127906445
2021-10-22,-0.0010725793335062406,-0.00824805957004937
2021-10-25,0.004748179277871856,0.009046268439119265
2021-10-26,0.0018197824144636776,0.0005910666191186742
2021-10-27,-0.005051597996847845,8.532585616283228e-06
2021-10-28,0.009829337739032606,0.013932937074687013
2021-10-29,0.0019493431844783693,0.0032541176531513116
2021-11-01,0.0018000686154020507,0.00629291171534585
2021-11-02,0.0036803672564356127,0.0034419258370137484
2021-11-03,0.00646129593037692,0.010350424291994731
2021-11-04,0.004181891914508462,0.008141501355335645
2021-11-05,0.0037328581257503046,0.0019623206825964967
2021-11-08,0.0008877005575269603,0.0006743223436114221
2021-11-09,-0.0034987345002870374,-0.0059953598842723554
2021-11-10,-0.008225815057894437,-0.01660714038424993
2021-11-11,0.0005509274303756584,0.005221245225700333
2021-11-12,0.007222639253044116,0.00997689801761048
2021-11-15,-1.0677258507119092e-05,-0.0004482704703876461
2021-11-16,0.003865208849406221,0.007569770118930119
2021-11-17,-0.0026016294752068125,-0.0032734730365735487
2021-11-18,0.00338475516511072,0.004530960200533007
2021-11-19,-0.0013986489646171663,0.003984691481838887
2021-11-22,-0.0031971323723489764,-0.012622186350999876
2021-11-23,0.0016570786727996278,-0.005021835713691081
2021-11-24,0.002293900697124096,0.004443066749328484
2021-11-25,0.0,0.0
2021-11-26,-0.02272485568312821,-0.022313970829075935
2021-11-29,0.013200221128189193,0.01879527436052686
2021-11-30,-0.01896130621854386,-0.015532068710110924
2021-12-01,-0.011815195971097037,-0.01825496582825381
2021-12-02,0.014194423271231882,0.008343357993450873
2021-12-03,-0.00844858097922263,-0.019234370002054413
2021-12-06,0.011730928977641941,0.009259240845661543
2021-12-07,0.020707063007576743,0.0303294220418191
2021-12-08,0.0030852936469836223,0.006379199995920182
2021-12-09,-0.007181129964413446,-0.017078619800227846
2021-12-10,0.00954911139915815,0.007296983960555226
2021-12-13,-0.009136209099282255,-0.01390349698667992
2021-12-14,-0.007470598440341258,-0.011395368150062923
2021-12-15,0.016348409288555077,0.02152170546095067
2021-12-16,-0.00874337823922211,-0.024743697311632395
2021-12-17,-0.010287726483131143,-0.0007081485834063983
2021-12-20,-0.011388032826621375,-0.012441923626602569
2021-12-21,0.017777943178882483,0.024040547522385047
2021-12-22,0.010180180373954517,0.011785342501738683
2021-12-23,0.006223704157936716,0.008470617946654713
2021-12-24,0.0,0.0
2021-12-27,0.01383895602639984,0.013919686303971668
2021-12-28,-0.0010101874482121298,-0.005641644078668073
2021-12-29,0.0014019033292591576,-0.0009821489672862116
2021-12-30,-0.002989739331450192,-0.0015641035073721277
2021-12-31,-0.0026262207741385435,-0.0061359865223015175
2022-01-03,0.00637407735335227,0.012005775658246787
2022-01-04,-0.000629617892823231,-0.01326865747056738
2022-01-05,-0.01939276609770646,-0.03344808074394212
2022-01-06,-0.0009637108612128298,-0.001278793550006374
2022-01-07,-0.0040502124125595396,-0.009612183920545747
2022-01-10,-0.0014410854751839564,0.00046398275296444247
2022-01-11,0.009160030747555226,0.014095054283559394
2022-01-12,0.002817696321081753,0.0023057455562924822
2022-01-13,-0.014243549462058636,-0.025123136817002956
2022-01-14,0.0008199131578892072,0.005871622584473046
2022-01-17,0.0,0.0
2022-01-18,-0.0183878958147915,-0.025973982375157356
2022-01-19,-0.009689520243122751,-0.011486947590456875
2022-01-20,-0.01103742532143781,-0.012987212226277633
2022-01-21,-0.01891481307149878,-0.027207817990931193
2022-01-24,0.0027717522294530283,0.006261202766810969
2022-01-25,-0.012171976789799865,-0.022795888598663328
2022-01-26,-0.0014966314315554285,0.00020902130023059406
2022-01-27,-0.005383994684971971,-0.013981562709531437
2022-01-28,0.024347568825681787,0.03128861555421403
2022-01-31,0.018886018254227865,0.03408065170868024
2022-02-01,0.006862951356977565,0.00745230999137636
2022-02-02,0.009422549895085064,0.0049874529485569585
2022-02-03,-0.024391094221877574,-0.03736626541957544
2022-02-04,0.005156964694110977,0.01579312938708055
2022-02-07,-0.003701786234065696,-0.0058405406153067
2022-02-08,0.008401224834796661,0.012755722701804473
2022-02-09,0.014517177775713597,0.02084758479546589
2022-02-10,-0.018115705073705524,-0.02102982877593884
2022-02-11,-0.0189694676826343,-0.027809108365924984
2022-02-14,-0.0038405482229827426,-1.667736193133873e-05
2022-02-15,0.015766743077059386,0.025294904183332134
2022-02-16,0.0008812208263346832,-0.001108222487510413
2022-02-17,-0.021173137043269175,-0.028842212135436696
2022-02-18,-0.007166241273349194,-0.012295213432948926
2022-02-21,0.0,0.0
2022-02-22,-0.010142864698185927,-0.012293263911390961
2022-02-23,-0.018412176288573612,-0.025709336458040744
2022-02-24,0.014956809844988816,0.03344969008605192
2022-02-25,0.022372746986266234,0.016404685017133547
2022-02-28,-0.002442612295166069,0.004146153745047343
2022-03-01,-0.015473463284818578,-0.015921288014311252
2022-03-02,0.018642627244987553,0.016224692332362345
2022-03-03,-0.005254711002293466,-0.015567167587016262
2022-03-04,-0.00793401612012401,-0.01658302518699295
2022-03-07,-0.02951809594651711,-0.036240070184715645
2022-03-08,-0.007233836932796112,-0.0027597311502802757
2022-03-09,0.025698324022346508,0.035949998241576075
2022-03-10,-0.0042918454935622075,-0.009474521992674734
2022-03-11,-0.012961554353542182,-0.02179366883067424
2022-03-14,-0.00742095611408311,-0.020444867994777294
2022-03-15,0.021408493905025416,0.029202255425149648
2022-03-16,0.022383840279651235,0.037682007812415375
2022-03-17,0.012347803738532281,0.013264565680922713
2022-03-18,0.011662250349640857,0.020496842402154103
2022-03-21,-0.00043467350194470455,-0.003985939092432389
2022-03-22,0.011304184094790948,0.01953685597963939
2022-03-23,-0.012272780670315009,-0.013198835905483208
2022-03-24,0.014343931206577842,0.019338341976354867
2022-03-25,0.005066192347173759,-0.0015882366204805765
2022-03-28,0.007144963967017803,0.013098741645670486
2022-03-29,0.012256530405287291,0.01844248305456664
2022-03-30,-0.006293721392175655,-0.012132309687516218
2022-03-31,-0.015652532890091164,-0.01535423447975981
2022-04-01,0.0034102873691344016,0.002881751159591772
2022-04-04,0.0080908782936564,0.019005714686393338
2022-04-05,-0.012551716914267819,-0.022596172041382867
2022-04-06,-0.009716869386889204,-0.022201226822827436
2022-04-07,0.004253372460194527,0.0006105630283925745
2022-04-08,-0.0026509873983658894,-0.013405481640318517
2022-04-11,-0.01687728929567678,-0.02181022536649413
2022-04-12,-0.003417540503973915,-0.003011491236180164
2022-04-13,0.011174658040455254,0.020343160900328172
2022-04-14,-0.012144137417661627,-0.021439371895520143
2022-04-15,0.0,0.0
2022-04-18,-0.000204890508788802,-0.0014021337599654515
2022-04-19,0.016057599693967584,0.02154907308233489
2022-04-20,-0.0006185275905885579,-0.012231582873581281
2022-04-21,-0.01475294038502506,-0.02069564790787526
2022-04-22,-0.02773997077607282,-0.025454945672180984
2022-04-25,0.005697858972138148,0.012894794026772516
2022-04-26,-0.02814632738377887,-0.03953217453488511
2022-04-27,0.002098103084882119,-0.00014490734736283262
2022-04-28,0.02474689050564538,0.030635130471545535
2022-04-29,-0.03628454810495618,-0.041711436014211345
2022-05-02,0.005675313957399952,0.016326378394505348
2022-05-03,0.004837102743912469,0.0022128235277225627
2022-05-04,0.0298624349775356,0.03192515616344149
2022-05-05,-0.03564975338184306,-0.04991723782593871
2022-05-06,-0.005674159064547379,-0.014047276721528168
2022-05-09,-0.032037134944001844,-0.04293327273056635
2022-05-10,0.00245788276325154,0.00984406254705017
2022-05-11,-0.016463178415666024,-0.03181466168328129
2022-05-12,-0.0012960017076728558,0.0005913285886252062
2022-05-13,0.02386974310955492,0.03817091960573249
2022-05-16,-0.003946429947140562,-0.012046590427784776
2022-05-17,0.020169610355263545,0.027586023584408093
2022-05-18,-0.04039522115020122,-0.04725846341780904
2022-05-19,-0.005833809077192775,-0.002596742904936389
2022-05-20,0.00014612424662696633,-0.002974930851297297
2022-05-23,0.01855506797629536,0.015909823490350083
2022-05-24,-0.008120792702107527,-0.023477560559917565
2022-05-25,0.009450764687376267,0.01511747133681629
2022-05-26,0.01988322907058282,0.02675268523814278
2022-05-27,0.024742227391912897,0.033258805943452874
2022-05-30,0.0,0.0
2022-05-31,-0.006274289122320975,-0.004100195117849648
2022-06-01,-0.007482787410912017,-0.007195364109593427
2022-06-02,0.018431056049039052,0.026882410712945948
2022-06-03,-0.016347364741597592,-0.024695337300781883
2022-06-06,0.0031373675320187644,0.004049037978877568
2022-06-07,0.009523393579413009,0.009440055317099016
2022-06-08,-0.010793908688002896,-0.007306638149751521
2022-06-09,-0.023798705952956634,-0.027472495650022744
2022-06-10,-0.02911031355312088,-0.03523922877125929
2022-06-13,-0.03876837415339185,-0.046806795755210406
2022-06-14,-0.0037737056722930706,0.001768858651356453
2022-06-15,0.014592502168395916,0.025008426953321505
2022-06-16,-0.032511959134456814,-0.04081844105179222
2022-06-17,0.0022008470670371594,0.014301011638064631
2022-06-20,0.0,0.0
2022-06-21,0.02447725615264873,0.025091796431862212
2022-06-22,-0.0013015334188627437,-0.0014653139764935208
2022-06-23,0.009532193760987795,0.016204533035135915
2022-06-24,0.03056329085577736,0.03342447020572137
2022-06-27,-0.002973101484249896,-0.00715650581256122
2022-06-28,-0.02014302160708281,-0.02976341809441574
2022-06-29,-0.000711753084481459,-0.0003264308851912423
2022-06-30,-0.008759227302603145,-0.013343305400214112
2022-07-01,0.010553762105785847,0.008986520672352505
2022-07-04,0.0,0.0
2022-07-05,0.0015841770513915776,0.017468783277991617
2022-07-06,0.0035731157621645693,0.00349842434005998
2022-07-07,0.014964578110208349,0.022839590383608277
2022-07-08,-0.0008302114989416909,0.001201237377757236
2022-07-11,-0.011527473598367033,-0.022578685054373215
2022-07-12,-0.009243908956706903,-0.009485078170339278
2022-07-13,-0.004456897454697795,-0.0015224510485382092
2022-07-14,-0.00299859539478875,0.00032095793050590515
2022-07-15,0.019201241036518768,0.017885219252363527
2022-07-18,-0.008363619420370894,-0.008065544225587362
2022-07-19,0.027628333137554417,0.03108260967161236
2022-07-20,0.005895816028186118,0.015751527129764353
2022-07-21,0.009861360135356989,0.013612772270154228
2022-07-22,-0.009332449768064022,-0.018698780474658783
2022-07-25,0.0013151152429682345,-0.004346756959331954
2022-07-26,-0.011543193070554847,-0.018679976609715876
2022-07-27,0.026156259165274642,0.04063542966658806
2022-07-28,0.012133382708562568,0.010818272633435377
2022-07-29,0.014207733466259809,0.018754229156783264
2022-08-01,-0.0028230463236237346,-0.0017521219560816537
2022-08-02,-0.006662409587654183,-0.0016347346345454428
2022-08-03,0.015638481713144525,0.02586494514428983
2022-08-04,-0.0007773448499099889,0.004137933212084555
2022-08-05,-0.0016257460367924415,-0.004954962745409408
2022-08-08,-0.0012375789770792123,-0.00103416537955614
2022-08-09,-0.004248730694724312,-0.011904818394775196
2022-08-10,0.021290634013103604,0.0288836258887315
2022-08-11,-0.0007054229687617486,-0.0058258393751750015
2022-08-12,0.01732239670855429,0.020914075294740098
2022-08-15,0.00396948705068767,0.006197503063878118
2022-08-16,0.0018756661407353103,-0.0019424057647555726
2022-08-17,-0.0072377589891293725,-0.012549465562046946
2022-08-18,0.0022695154935377104,0.002103860529968804
2022-08-19,-0.012899942573545653,-0.02006272107017637
2022-08-22,-0.021400124867564707,-0.02547378164250602
2022-08-23,-0.0022378014446627903,-2.180660449369043e-05
2022-08-24,0.0029161509713642175,0.004056924555579933
2022-08-25,0.014091582000449021,0.016710734720505105
2022-08-26,-0.033688010821315006,-0.03936619757311943
2022-08-29,-0.0066664037893761074,-0.010216023937320129
2022-08-30,-0.011028107408059928,-0.01119434965346866
2022-08-31,-0.007817046982559583,-0.005633191227234491
2022-09-01,0.002996207332490508,-0.002629440937018779
2022-09-02,-0.010736478566116592,-0.013090224715382792
2022-09-05,0.0,0.0
2022-09-06,-0.004095039574340209,-0.007389823280479768
2022-09-07,0.018340971140093032,0.021393843693887638
2022-09-08,0.006610768693449787,0.0059557832071166494
2022-09-09,0.015271405678227268,0.021090647295215925
2022-09-12,0.01058426104401855,0.01272259379094498
2022-09-13,-0.043236562775976095,-0.051591296883114146
2022-09-14,0.0033869946525153516,0.007401855148505554
2022-09-15,-0.011317761485652666,-0.014276840323285245
2022-09-16,-0.007182129262947479,-0.008999027038631202
2022-09-19,0.006857148758303566,0.007566122776982098
2022-09-20,-0.011272112803181633,-0.009533576881531336
2022-09-21,-0.017116493297336777,-0.017930774920022152
2022-09-22,-0.008427596288058115,-0.013670000240637692
2022-09-23,-0.01723261637204987,-0.017970851582343905
2022-09-26,-0.010340542018774879,-0.005981819904986474
2022-09-27,-0.0021203598319033956,0.0024604458794474926
2022-09-28,0.019672140136923533,0.02051248903458136
2022-09-29,-0.021126419721218426,-0.028423835738406122
2022-09-30,-0.01506673588849794,-0.015077052314735884
2022-10-03,0.025883947546031072,0.022675739105603165
2022-10-04,0.030583700111188827,0.03337638910334584
2022-10-05,-0.0020179744811957834,-0.0024846976802032072
2022-10-06,-0.010245078344716774,-0.006756877968971953
2022-10-07,-0.028003589245083504,-0.03801121796463747
2022-10-10,-0.007492458086744369,-0.010354474109120826
2022-10-11,-0.006519229651283376,-0.010994963052902151
2022-10-12,-0.0032907569019515748,-0.0008718429263230298
2022-10-13,0.025965675434648228,0.022275873323669648
2022-10-14,-0.023662705624933444,-0.030778043318011372
2022-10-17,0.026480085513260976,0.034337429357867544
2022-10-18,0.011427561549232745,0.00904850221997422
2022-10-19,-0.006672078882144605,-0.008530132560989112
2022-10-20,-0.007950941231232078,-0.006148582792394719
2022-10-21,0.023724828003862664,0.023069589367338494
2022-10-24,0.011881953234294862,0.008553627533675057
2022-10-25,0.01626664981276371,0.022506964093490067
2022-10-26,-0.007387713747470381,-0.020370350527541548
2022-10-27,-0.006082598026418751,-0.01625377472771372
2022-10-28,0.024626375646783716,0.02870281403952868
2022-10-31,-0.007454384193014141,-0.010295024971965772
2022-11-01,-0.00410126085362017,-0.00885499378876331
2022-11-02,-0.025001944970306722,-0.03361078336401668
2022-11-03,-0.010585979163175718,-0.017279188203101148
2022-11-04,0.013618682272863003,0.01279230083515892
2022-11-07,0.00961398204505981,0.008521992315219329
2022-11-08,0.005597877482399927,0.004891845535812456
2022-11-09,-0.020777877333723382,-0.024776285299824896
2022-11-10,0.05543447234545429,0.07350212543597756
2022-11-11,0.009240793960120008,0.018821052442157038
2022-11-14,-0.008935794015923149,-0.011225496386663703
2022-11-15,0.008713121485880437,0.014486139071936854
2022-11-16,-0.008252061136399536,-0.015385075904109868
2022-11-17,-0.003089327799655983,-0.003460405627495944
2022-11-18,0.004758574556069206,9.869932238437684e-05
2022-11-21,-0.0038836518432215916,-0.010905198787732995
2022-11-22,0.013579953113211918,0.013596976192139065
2022-11-23,0.0059147063378277576,0.009925356238047467
2022-11-24,0.0,0.0
2022-11-25,-0.0002830708720074071,-0.005224486323825883
2022-11-28,-0.01544414970244301,-0.01575399328010152
2022-11-29,-0.0015918505325509535,-0.0059477804425539516
2022-11-30,0.030947814727501077,0.044085005344243866
2022-12-01,-0.0008676236670089876,0.0012600279037322526
2022-12-02,-0.0011946317615054713,-0.001824523511968379
2022-12-05,-0.017894245646781326,-0.01933080312350033
2022-12-06,-0.014399175760970717,-0.02002234887374854
2022-12-07,-0.001862348589029894,-0.00511489447466118
2022-12-08,0.007521759466384781,0.011265176506015884
2022-12-09,-0.007349546235533633,-0.0069824941346327
2022-12-12,0.014279251114533986,0.012641963102769438
2022-12-13,0.007289703700733785,0.01014650377700832
2022-12-14,-0.006052765788066128,-0.00763271299773205
2022-12-15,-0.024921658340258168,-0.03225884419236058
2022-12-16,-0.011137778348199956,-0.009723852577070757
2022-12-19,-0.009007465553582783,-0.014887799719954575
2022-12-20,0.0010372846193742458,0.00010240820479356927
2022-12-21,0.014868040255179737,0.015384309066654334
2022-12-22,-0.014451686760656446,-0.021779992660632685
2022-12-23,0.005868056373107056,0.0020751957785898334
2022-12-26,0.0,0.0
2022-12-27,-0.004049604402806883,-0.013777093617175384
2022-12-28,-0.01202063067180259,-0.013516554737023956
2022-12-29,0.017461316021801565,0.025927002953994194
2022-12-30,-0.0025407348906808513,-0.0011080263674010382
2023-01-02,0.0,0.0
2023-01-03,-0.004000520901158988,-0.007595676865574719
2023-01-04,0.00753894993384141,0.006910574584720441
2023-01-05,-0.01164556173549236,-0.014678604346978097
2023-01-06,0.02284078674404566,0.025622886997294758
2023-01-09,-0.0007676350678290644,0.006278567434520044
2023-01-10,0.006978255898501873,0.010058623591411964
2023-01-11,0.012849397206098123,0.0175971805786852
2023-01-12,0.00341595270064321,0.006351271123259394
2023-01-13,0.003996816605869258,0.007095654070956581
2023-01-16,0.0,0.0
2023-01-17,-0.0020304619300891558,0.0014396398282903178
2023-01-18,-0.01556263264319191,-0.012446924816428173
2023-01-19,-0.007638348019527341,-0.00955917718428656
2023-01-20,0.01891839901509429,0.026552970023782985
2023-01-23,0.011881357596139619,0.0201051485445356
2023-01-24,-0.0007114764130643492,-0.002652139442346768
2023-01-25,-0.00018172991946630024,-0.0018448475287777821
2023-01-26,0.011007863115068517,0.017594242559239692
2023-01-27,0.002494809663015962,0.009494102451180986
2023-01-30,-0.012968731575016657,-0.01960985087392475
2023-01-31,0.014642450911824145,0.01674066883685077
2023-02-01,0.010452337732424155,0.020006819427599742
2023-02-02,0.01469942051995421,0.032539741645453146
2023-02-03,-0.010354661511665864,-0.015889915595836968
2023-02-06,-0.006140486597300043,-0.009952569137041456
2023-02-07,0.01287252984617182,0.019040248329120324
2023-02-08,-0.011080691642651352,-0.016780049844020817
2023-02-09,-0.008829829085981511,-0.0101540486897298
2023-02-10,0.0021952713463186946,-0.006061284625915375
2023-02-13,0.011448590134117032,0.01482063675743217
2023-02-14,-0.0002803767683676739,0.005748503799680282
2023-02-15,0.0027731236687436045,0.009233997901364255
2023-02-16,-0.01378869707782826,-0.01779200519610058
2023-02-17,-0.0027674487398573477,-0.005782808964028607
2023-02-20,0.0,0.0
2023-02-21,-0.020041234687148357,-0.025024454347783776
2023-02-22,-0.0015735464083616035,0.0012852083568999362
2023-02-23,0.0053294245875146196,0.007241634925311047
2023-02-24,-0.010537544363360851,-0.01686395637769178
2023-02-27,0.0030730168965551474,0.0063221043726424675
2023-02-28,-0.0030359797500902896,-0.000997647157315984
2023-03-01,-0.004725262269687613,-0.006639582245795639
2023-03-02,0.0075821419804169565,0.0073377693884078
2023-03-03,0.0161477890665227,0.019718258253961896
2023-03-06,0.0006871595099910977,-0.0011352543970789553
2023-03-07,-0.015326967063694075,-0.012454028609749757
2023-03-08,0.001414821002566402,0.003960858015338742
2023-03-09,-0.018459372596762003,-0.020529543883897716
2023-03-10,-0.014478143694236278,-0.01759162488369126
2023-03-13,-0.0015097408062482165,0.004484288829497363
2023-03-14,0.016476647924144494,0.021388276175188903
2023-03-15,-0.006980856226510457,0.0005162690374207468
2023-03-16,0.017561980816715783,0.02477075052146893
2023-03-17,-0.01101942286909019,-0.007405302254448132
2023-03-20,0.008918358593079878,0.0038717132782655206
2023-03-21,0.012982181765728518,0.01580826240156763
2023-03-22,-0.01646318766285193,-0.016032734940907067
2023-03-23,0.002984528711166279,0.010063444947540523
2023-03-24,0.0056398022650376856,0.003101616980843991
2023-03-27,0.0016469444647304599,-0.004661720777133782
2023-03-28,-0.0015738410521103363,-0.004483024665132729
2023-03-29,0.014237259113583312,0.01793774026807604
2023-03-30,0.0057152646227105475,0.007314124149773837
2023-03-31,0.014436547571732294,0.017350524036768844
2023-04-03,0.0036989178231867648,-0.0026558860276338914
2023-04-04,-0.0057970522559043225,-0.005178248403332475
2023-04-05,-0.0024923181973370845,-0.010676767002052556
2023-04-06,0.003579129567424122,0.0075936536727108095
2023-04-07,0.0,0.0
2023-04-10,0.0009963410653295313,-0.0002978170013797632
2023-04-11,-4.137148920324574e-05,-0.004342803425253949
2023-04-12,-0.004134886369720592,-0.008522358933100938
2023-04-13,0.013262625398648753,0.019861115535310336
2023-04-14,-0.0020693547375681964,-0.0035179229131032663
2023-04-17,0.0033062325383550473,0.0028250987547293605
2023-04-18,0.0008551496873283604,-0.0003545072595848575
2023-04-19,-8.423849602978706e-05,0.00031431507700308003
2023-04-20,-0.005952552882162232,-0.008033902459688602
2023-04-21,0.0009031936248575789,0.0010696907681539969
2023-04-24,0.0008515744450250384,-0.0029206971901334366
2023-04-25,-0.015810821263512076,-0.019775363041238947
2023-04-26,-0.003841213469789828,0.004677451615199724
2023-04-27,0.019566123190639217,0.024285599800916824
2023-04-28,0.008253231286347917,0.006946000079062875
2023-05-01,-0.0003861392787588569,-0.0011434105040002418
2023-05-02,-0.011586253889876552,-0.010815878682671975
2023-05-03,-0.006998286233062534,-0.004567687953571542
2023-05-04,-0.007218725172645657,-0.004900489217343762
2023-05-05,0.018474744042430657,0.022480445246690683
2023-05-08,0.0004521003324267081,0.0017580121957498918
2023-05-09,-0.004579374208577791,-0.006312352532283905
2023-05-10,0.004483913021312569,0.010418283105697812
2023-05-11,-0.0016966193288928677,0.0017933699753949206
2023-05-12,-0.0015832974226629437,-0.0035503073769661553
2023-05-15,0.002958235533743192,0.006550403183136044
2023-05-16,-0.006377711373504735,-0.0017921248405808887
2023-05-17,0.011890800262780221,0.012761837633324058
2023-05-18,0.009445100354191105,0.015060913222357142
2023-05-19,-0.001445909410321633,-0.002438363160068291
2023-05-22,0.00015505799168891166,0.004967648662100421
2023-05-23,-0.011222073018606449,-0.012619509181040822
2023-05-24,-0.007318638164020563,-0.006058000437889399
2023-05-25,0.00875769092446621,0.01713611488478195
2023-05-26,0.013048987300302572,0.02186155555678071
2023-05-29,0.0,0.0
2023-05-30,1.6645067709930572e-05,0.0032167846180048976
2023-05-31,-0.006108638170785219,-0.006310001282895272
2023-06-01,0.009854467765435526,0.012809144595907762
2023-06-02,0.014534401637518846,0.010670194138148403
2023-06-05,-0.002003563447343426,-0.0008564456598822989
2023-06-06,0.002353882619408054,0.0035519292970294103
2023-06-07,-0.0038119915496573897,-0.012919898587119172
2023-06-08,0.006188606028794119,0.010196957013756114
2023-06-09,0.0011481323635922358,0.0015575759223840357
2023-06-12,0.009321075820101221,0.015293601244122934
2023-06-13,0.006932584761680793,0.008275194028786403
2023-06-14,0.0008194076003487094,0.003916506794211072
2023-06-15,0.012178136985173449,0.011473249144313247
2023-06-16,-0.0036716193988033385,-0.006765669144630726
2023-06-19,0.0,0.0
2023-06-20,-0.0047351341054383544,-0.0016275164230870054
2023-06-21,-0.005245277085977551,-0.012079205167959461
2023-06-22,0.003710753626574581,0.009510302024855255
2023-06-23,-0.007658795633847637,-0.01013087455367001
2023-06-26,-0.004486779982200151,-0.011616806941920355
2023-06-27,0.011455777787018118,0.016488724319087433
2023-06-28,-0.00035400978894173374,0.002661616873234518
2023-06-29,0.004473526683512752,-3.0901098092561696e-05
2023-06-30,0.012269017659743087,0.01446436809348306
2023-07-03,0.0011706865481149187,0.0020924113281770573
2023-07-04,0.0,0.0
2023-07-05,-0.0019683139606652134,-0.0018180804920397975
2023-07-06,-0.007922515415510367,-0.008165085395873461
2023-07-07,-0.0028651801277997935,-0.001339275270779372
2023-07-10,0.0024051194034939716,0.0018124959738579083
2023-07-11,0.006742215156717579,0.0054963362629589785
2023-07-12,0.007411145100759908,0.0115008684151241
2023-07-13,0.00847017995778332,0.015777759257875612
2023-07-14,-0.001024381158481913,-0.0017590180619396767
2023-07-17,0.003855356437357571,0.009299474978212707
2023-07-18,0.007117288222535212,0.007630072411626498
2023-07-19,0.0023578588709500803,0.00030514907716794326
2023-07-20,-0.006756875147840957,-0.020525810661915833
2023-07-21,0.00032415482692993436,-0.0021687639680842974
2023-07-24,0.004034089155574794,0.0018570763802832069
2023-07-25,0.002814712029929778,0.006095084455578492
2023-07-26,-0.00015544744781559316,-0.0012216710876831183
2023-07-27,-0.006424700279192064,-0.005462481100395822
2023-07-28,0.009877881875342887,0.018971381718719593
2023-07-31,0.0014687171966489831,0.002050757648781154
2023-08-01,-0.0026650918726683903,-0.004329423770495278
2023-08-02,-0.01383957541738301,-0.021734945123568994
2023-08-03,-0.002547973917609636,-0.0009825776740891579
2023-08-04,-0.00529999622380839,-0.004846085738109296
2023-08-07,0.00902405745383561,0.006122197771822435
2023-08-08,-0.004218270022397053,-0.007864996508579747
2023-08-09,-0.007038747560775049,-0.011690183807966936
2023-08-10,0.00025068771249703303,0.0011638020354496348
2023-08-11,-0.0010696312010077813,-0.005552061324842206
2023-08-14,0.005750383620255262,0.010515322630882729
2023-08-15,-0.011550831677699436,-0.01140674759017235
2023-08-16,-0.0075554433893813,-0.011475271530806519
2023-08-17,-0.007712864385729601,-0.011703475345890668
2023-08-18,-0.00014872916647590273,-0.0019636657998501894
2023-08-21,0.006879175048229769,0.015560411051872114
2023-08-22,-0.0027774179104816943,0.00061344284424103
2023-08-23,0.011044888377340412,0.015930850807833963
2023-08-24,-0.013458039995401183,-0.01873474513210749
2023-08-25,0.006717988442317857,0.009408814784940933
2023-08-28,0.0062645975336552695,0.008423438172567188
2023-08-29,0.014508347036412905,0.017411728309034702
2023-08-30,0.0038331298928546698,0.005418194231684881
2023-08-31,-0.0015969452055097921,0.0011170307240513377
2023-09-01,0.0017991596526802933,-0.00022515188846150558
2023-09-04,0.0,0.0
2023-09-05,-0.00419419058100845,-0.0007739557476903469
2023-09-06,-0.0069715777558858605,-0.010589867305710432
2023-09-07,-0.0032113009127796577,-0.008912616138293972
2023-09-08,0.0014266008258556617,0.0009237149633822828
2023-09-11,0.006723514803174124,0.011363562045789921
2023-09-12,-0.005695872498027943,-0.01036649899302411
2023-09-13,0.001241623523611013,0.0029011959810159027
2023-09-14,0.008429883781315706,0.008141257993034223
2023-09-15,-0.012159552507158722,-0.01563400964379702
2023-09-18,0.0007212964460983073,0.00013933134087085186
2023-09-19,-0.0021511026084926055,-0.002337668778956359
2023-09-20,-0.009394795170962755,-0.015284185992444965
2023-09-21,-0.016400890463858953,-0.018200878601661752
2023-09-22,-0.0022956120092377796,-0.0009202978225919534
2023-09-25,0.00402309227186648,0.004504303346778427
2023-09-26,-0.01473449776826885,-0.015651043000997622
2023-09-27,0.0002293186195019281,0.0022382786993793147
2023-09-28,0.005893073124170867,0.00828161935713001
2023-09-29,-0.002709491359862204,0.0013665341542636877
2023-10-02,7.92901202177898e-05,0.006690964436899982
2023-10-03,-0.01374408577578079,-0.01865827257309083
2023-10-04,0.008109801510834735,0.013518159619035242
2023-10-05,-0.0013040164174730196,-0.0012224227693995449
2023-10-06,0.011814879091820885,0.01599944931213182
2023-10-09,0.006303818034118613,0.003938549690500004
2023-10-10,0.005207972949908379,0.00582902707160371
2023-10-11,0.004293017364807916,0.007140097501703302
2023-10-12,-0.006246358765807258,-0.0062563691096717555
2023-10-13,-0.005018840769632216,-0.012301995989456471
2023-10-16,0.010594346293018697,0.011989799533535184
2023-10-17,-9.831650139591197e-05,-0.0025228515961844833
2023-10-18,-0.013399798774352711,-0.01621501801052927
2023-10-19,-0.00848282575441528,-0.009622736456291303
2023-10-20,-0.012585320243104325,-0.015347128584624281
2023-10-23,-0.001685542214310054,0.0026586957141239154
2023-10-24,0.00726575986948208,0.009336066914880758
2023-10-25,-0.014339592436341642,-0.024250620439928317
2023-10-26,-0.01183251050332379,-0.017596609371027028
2023-10-27,-0.004800313253070176,0.0037632159141161026
2023-10-30,0.012010093822027113,0.011585057672184096
2023-10-31,0.006474961721408823,0.004828968808739731
2023-11-01,0.010505985025513809,0.016358732698167566
2023-11-02,0.018858574846738696,0.017817290090625493
2023-11-03,0.009393716215277292,0.0138474025119244
2023-11-06,0.0017529609897344312,0.003004834444751081
2023-11-07,0.0028401412741241305,0.008956429500295071
2023-11-08,0.0010049378994057,0.0007734683493818562
2023-11-09,-0.008083910212239531,-0.009447335281504321
2023-11-10,0.01561640999689451,0.02046082335844157
2023-11-13,-0.0008357416584374722,-0.0022010260825577888
2023-11-14,0.01907492831317792,0.023725026765467616
2023-11-15,0.001597081655804411,0.0006711895095776743
2023-11-16,0.0011903492875668942,0.0006969733065604888
2023-11-17,0.0012820967827800178,0.0008367773938315892
2023-11-20,0.007390308416887814,0.011259794357430852
2023-11-21,-0.002020943928152108,-0.005918990684327774
2023-11-22,0.004061090434732906,0.0046394431541454395
2023-11-23,0.0,0.0
2023-11-24,0.0005969336920788049,-0.0010521622951578102
2023-11-27,-0.001954230217531494,-0.0006897834164277805
2023-11-28,0.0009801271528184774,0.002860750142896995
2023-11-29,-0.0009462358037187757,-0.001629351004358015
2023-11-30,0.0037841330116161753,-0.0022632130050237453
2023-12-01,0.005873724769035471,0.005539770930015342
2023-12-04,-0.005408487734594569,-0.00835650117476161
2023-12-05,-0.0005689551794614278,0.0031313687436951287
2023-12-06,-0.0039061302598102365,-0.0058468395091747505
2023-12-07,0.007968188792220499,0.013662540618984975
2023-12-08,0.004095438100658821,0.004461648857495781
2023-12-11,0.003924532563629679,0.001980009677887473
2023-12-12,0.004599302532861449,0.0069918634968739735
2023-12-13,0.013650752632599072,0.013799936697538095
2023-12-14,0.002647070695482867,0.0018732234918514834
2023-12-15,-7.627845875146644e-05,0.0035470505827297494
2023-12-18,0.00452831947855481,0.006161097130266802
2023-12-19,0.005866395531329616,0.006576903749633489
2023-12-20,-0.014684263175886003,-0.015015443351493851
2023-12-21,0.01030148882054327,0.01258159120960034
2023-12-22,0.0016600832148312428,0.001944684095758653
2023-12-25,0.0,0.0
2023-12-26,0.0042316647141837915,0.005442550742114527
2023-12-27,0.001430441384365766,0.001632550712889369
2023-12-28,0.0003701705294067992,-0.00026756419885054505
2023-12-29,-0.0028264709879060046,-0.005550793169192159
2024-01-01,0.0,0.0
2024-01-02,-0.0056605790982068305,-0.01634829645568181
2024-01-03,-0.008016310936719062,-0.011765590270582216
2024-01-04,-0.003428406248073834,-0.005613268997636367
2024-01-05,0.001825673750394552,0.0009489810686202915
2024-01-08,0.014114671594383177,0.022011736379678792
2024-01-09,-0.001477892491718369,0.0009391145241404164
2024-01-10,0.005665930831493693,0.007534135475790071
2024-01-11,-0.000671063771963798,3.607298767849265e-05
2024-01-12,0.0007510083175741311,0.0001716745078050863
2024-01-15,0.0,0.0
2024-01-16,-0.0037313198838587747,-0.0018974457615028584
2024-01-17,-0.0056168930629166836,-0.0059373609424296925
2024-01-18,0.00880526501252299,0.013464937848437053
2024-01-19,0.012313478102632613,0.016958417604022502
2024-01-22,0.002194301015948863,0.003221219818208887
2024-01-23,0.0029213904746590025,0.004274007847508088
2024-01-24,0.0008119886527155895,0.003628952271303998
2024-01-25,0.005260293105750158,0.001846024265724111
2024-01-26,-0.0006517972440622799,-0.0035550111214982527
2024-01-29,0.007556783214781593,0.011172822891217127
2024-01-30,-0.000600657882721567,-0.007559489225776317
2024-01-31,-0.01610568186202166,-0.02230123985325494
2024-02-01,0.012493679898465615,0.013032832344478829
2024-02-02,0.01068446187367389,0.01740113685778355
2024-02-05,-0.00318637682737688,-0.0020007742042811305
2024-02-06,0.002310426660138587,0.0007257489575371867
2024-02-07,0.008241442161546875,0.00945864565314869
2024-02-08,0.0005705637169521882,0.002352658942515573
2024-02-09,0.005742400323335062,0.012470154257612664
2024-02-12,-0.0009489496897510108,-0.003008631288514696
2024-02-13,-0.013674270785210219,-0.017999002668958153
2024-02-14,0.00957972369210025,0.013001737397480673
2024-02-15,0.0058212781615079034,0.002964849944669279
2024-02-16,-0.004803438753173572,-0.008205620837700156
2024-02-19,0.0,0.0
2024-02-20,-0.006005310084565729,-0.009183139838928933
2024-02-21,0.0012641920124771833,-0.0031930588236799284
2024-02-22,0.021122887309807714,0.029571519433767124
2024-02-23,0.00034794369209545373,-0.002792735397048496
2024-02-26,-0.0037867473667663187,-0.0012858805687629982
2024-02-27,0.0017062725735916828,0.003696111415382175
2024-02-28,-0.0016580743494716277,-0.005460452875842625
2024-02-29,0.005229044372909275,0.009040779445865121
2024-03-01,0.008007817482197588,0.011373409760923492
2024-03-04,-0.0011932849011501157,-0.00414317963691424
2024-03-05,-0.010193044173106403,-0.01653060834144171
2024-03-06,0.005141130024711504,0.005768655279088097
2024-03-07,0.010304108322428451,0.015085263174966279
2024-03-08,-0.00652853397862474,-0.011569200743791308
2024-03-11,-0.001122238074512727,-0.004093226592792987
2024-03-12,0.011201772588189884,0.015379602191610386
2024-03-13,-0.001924537270519222,-0.005402185219886779
2024-03-14,-0.002871076469757039,-0.003043682781990298
2024-03-15,-0.006482890915021411,-0.009632619959785593
2024-03-18,0.006318044044564486,0.008156176889120959
2024-03-19,0.005649179907640134,0.003933318636689664
2024-03-20,0.008904105621114988,0.012533100262946295
2024-03-21,0.0032365990253835353,0.001981134323106426
2024-03-22,-0.0014022623165372838,0.0016449373972675652
2024-03-25,-0.0030549197773100945,-0.0026995243724137197
2024-03-26,-0.0027998213940082506,-0.004197267290306006
2024-03-27,0.008630596627706266,0.0051373830114551655
2024-03-28,0.001116511606195525,-0.0012232065328742214
2024-03-29,0.0,0.0
2024-04-01,-0.0020135697089078697,0.0010604745211382216
2024-04-02,-0.00723906654944817,-0.00953720932643698
2024-04-03,0.0010910886106099138,0.002278877740456542
2024-04-04,-0.012334284436888443,-0.014030444553388532
2024-04-05,0.011099216857287653,0.012426880543931595
2024-04-08,-0.00037468728023148934,0.0003347997232978628
2024-04-09,0.0014454894769517779,0.003241056333348924
2024-04-10,-0.009456977183866844,-0.008357331737255391
2024-04-11,0.007444813046443954,0.016811004826113862
2024-04-12,-0.014550707243232486,-0.016245392952281335
2024-04-15,-0.012021290507689297,-0.017933130511174844
2024-04-16,-0.002056572537150636,-0.0012445687824126361
2024-04-17,-0.005780564238499708,-0.011464048785868486
2024-04-18,-0.0022081912146246774,-0.00522017908140926
2024-04-19,-0.00875852104918673,-0.02047815915136364
2024-04-22,0.008731224445012842,0.011078385631209553
2024-04-23,0.01196463497385536,0.015877618143704364
2024-04-24,0.0002129946455513565,0.0010263342982956836
2024-04-25,-0.004576437949929346,-0.006427264482665285
2024-04-26,0.010209134739185721,0.020250119140955203
2024-04-29,0.003178456301617949,0.003464361278008976
2024-04-30,-0.015730517164206925,-0.020350270410959603
2024-05-01,-0.003435477561168243,-0.0033427386443323215
2024-05-02,0.009128425650457572,0.015089571099383026
2024-05-03,0.012556771059594851,0.019908515645516545
2024-05-06,0.010326085896653403,0.011940830621805842
2024-05-07,0.0013434374239973401,-0.0010208419346453557
2024-05-08,-5.782909574536532e-06,-0.0018245761840152142
2024-05-09,0.005090917502462489,0.0026682598529328416
2024-05-10,0.0016493801399288799,-0.00032973903510646885
2024-05-13,-0.00024125544739483917,0.002898866461822358
2024-05-14,0.004837764439558523,0.007501720746095897
2024-05-15,0.011715980391409309,0.014003239017441382
2024-05-16,-0.0020817045486656305,-0.0026322406777048446
2024-05-17,0.0011647882803798026,-0.0007395953604912853
2024-05-20,0.0009164157208665369,0.006526441075945799
2024-05-21,0.0025018226757822504,0.00224771016387737
2024-05-22,-0.002706049712388192,-0.0018464148777788125
2024-05-23,-0.0073808038801509435,-0.0038990473492311883
2024-05-24,0.007000971935366307,0.011039655163142204
2024-05-27,0.0,0.0
2024-05-28,0.00024883499977379486,0.005856109555168576
2024-05-29,-0.007367076011488782,-0.005834353708721762
2024-05-30,-0.005974995016091,-0.0108447819164591
2024-05-31,0.008027917211029578,-0.0001230800115672448
2024-06-03,0.001116056625188655,0.005596049481864762
2024-06-04,0.0015028201536890773,0.0016864077791056697
2024-06-05,0.011847660516995706,0.019626803028999884
2024-06-06,-0.0001998494591923805,-0.0008599072603402425
2024-06-07,-0.0011152708034434244,-0.0023286391756418556
2024-06-10,0.0025808913052016713,0.003466967214980521
2024-06-11,0.0027104214117694703,0.008784047490392632
2024-06-12,0.008503679780924589,0.015273113059321775
2024-06-13,0.0023445728948188194,0.003357480844413452
2024-06-14,-0.00039383555341243603,0.0012067314332029344
2024-06-17,0.007664408277487045,0.009505406786636472
2024-06-18,0.002521363070800975,0.0002917620073226157
2024-06-19,0.0,0.0
2024-06-20,-0.0025259566650810417,-0.007873596969695251
2024-06-21,-0.001562165984246855,-0.0018186855694098947
2024-06-24,-0.0030651719607218686,-0.010884509106038887
2024-06-25,0.003933647462219136,0.01262115058622082
2024-06-26,0.0015724132887204867,0.0049391426063838395
2024-06-27,0.0009072819876230209,0.0030058702084114763
2024-06-28,-0.004083627735109618,-0.007059872286193647
2024-07-01,0.0026755889592124937,0.00827289850332158
2024-07-02,0.006195331948881222,0.008359387671776908
2024-07-03,0.005084398104196586,0.00884919428734987
2024-07-04,0.0,0.0
2024-07-05,0.0054487793072806046,0.00904207649972788
2024-07-08,0.0010166708878267539,0.0027777838319686943
2024-07-09,0.0007410929775606423,0.0013883047684872807
2024-07-10,0.010208033738690059,0.011837677957208248
2024-07-11,-0.008763008283767415,-0.01952224030631544
2024-07-12,0.005517016620885551,0.006292042895718053
2024-07-15,0.002826181805230199,0.004028600235345792
2024-07-16,0.006389379210899104,0.001990518915343076
2024-07-17,-0.013927512704686507,-0.027684401496757993
2024-07-18,-0.007816372508844482,-0.006984528463759188
2024-07-19,-0.007140293511332718,-0.008073315643811863
2024-07-22,0.010792007266121617,0.01583070738661041
2024-07-23,-0.001558116673645582,-0.0005675390960580007
2024-07-24,-0.023149031452155744,-0.03639091310665177
2024-07-25,-0.005142681306694263,-0.009265724890600513
2024-07-26,0.011090490848678192,0.010252756999881152
2024-07-29,0.000813320877067536,0.0007097640956152951
2024-07-30,-0.004960154039322595,-0.012825413639451666
2024-07-31,0.01579342363752767,0.026358484250109004
2024-08-01,-0.013693569708273734,-0.023026353171130887
2024-08-02,-0.018381839946536194,-0.024310012417014026
2024-08-05,-0.029968802370122227,-0.034339205157795316
2024-08-06,0.01035414252467537,0.010294393607932717
2024-08-07,-0.007734688541859436,-0.01045039210355081
2024-08-08,0.023042600250024137,0.028662351558829124
2024-08-09,0.004671658542179324,0.005118841393947804
2024-08-12,4.303763360380408e-05,0.002108651382776161
2024-08-13,0.01684757287548244,0.02425418384671363
2024-08-14,0.0038237680860733203,0.0002903254146444656
2024-08-15,0.01613320110499883,0.023376336330747094
2024-08-16,0.001989818192314141,0.002115433800335298
2024-08-19,0.009722284736913167,0.013898247022978927
2024-08-20,-0.0019845762938528466,-0.003346801463575466
2024-08-21,0.004239680407066571,0.005727695103648678
2024-08-22,-0.008932812652890587,-0.016721924617403294
2024-08-23,0.011483420217425433,0.0146679644822314
2024-08-26,-0.0031537231503155905,-0.00850384751135358
2024-08-27,0.0015952029967027936,0.0016394219486217665
2024-08-28,-0.005976038963347419,-0.0111963962462025
2024-08-29,-3.934065069444159e-05,-0.0022556352432753224
2024-08-30,0.010093062182132906,0.011257430880607489
2024-09-02,0.0,0.0
2024-09-03,-0.021151122441753323,-0.032591869984791355
2024-09-04,-0.0016024800458679378,-0.0030344940272988286
2024-09-05,-0.0030180776693048417,0.002538002727650479
2024-09-06,-0.01726020776209658,-0.025504359614798355
2024-09-09,0.01158009178281283,0.011609368737204528
2024-09-10,0.004472633223969957,0.00836738803406667
2024-09-11,0.010665050805019227,0.021711065742269886
2024-09-12,0.007495323299958834,0.010011192530495094
2024-09-13,0.0054076658041088965,0.006505525427896286
2024-09-16,0.0012566610143582846,-0.005193966516587212
2024-09-17,0.00026450846693371055,0.002042390546227235
2024-09-18,-0.0028964004415590328,-0.003106411028780398
2024-09-19,0.01697678640717948,0.025076678825263432
2024-09-20,-0.0019409693295342478,-0.00364494686904282
2024-09-23,0.002809269537312087,0.001445817770131086
2024-09-24,0.002511117289812015,0.005577417052264222
2024-09-25,-0.0018611774432969463,0.0004254608144502736
2024-09-26,0.004038614114003858,0.005977145492724656
2024-09-27,-0.0012531829977877607,-0.0038866889972617447
2024-09-30,0.0042365423122701085,0.0038400427382738744
2024-10-01,-0.009324110452443968,-0.015328351980876453
2024-10-02,0.00013838405955768351,0.0008241040381096187
2024-10-03,-0.001681396399709989,-0.00037042987717794684
2024-10-04,0.008970269862489832,0.012242667904866833
2024-10-07,-0.009586042249529192,-0.011795775133215725
2024-10-08,0.00968935768284096,0.014451096022628729
2024-10-09,0.0071133846739683815,0.005978137724854005
2024-10-10,-0.0020700823889336917,-0.0005231904008502486
2024-10-11,0.00605185076253667,0.003330589293870201
2024-10-14,0.007707612858403268,0.008709072809484297
2024-10-15,-0.0076094097971791674,-0.01011204316777714
2024-10-16,0.004679068519722218,0.0028112662491353024
2024-10-17,-0.00017116048520571248,0.00035552738922017824
2024-10-18,0.003971603038276372,0.0063101372022154045
2024-10-21,-0.0018227794573267841,0.002728568299390721
2024-10-22,-0.0004748905872585807,0.0017869471413161087
2024-10-23,-0.009191277003007925,-0.0159628452501005
2024-10-24,0.002145782089274073,0.007596578147527122
2024-10-25,-0.0002994908655286066,0.005599633786556701
2024-10-28,0.002651460369276215,0.002623307040863221
2024-10-29,0.0016141440228589765,0.007839635399863987
2024-10-30,-0.0033002338451409985,-0.0056015283696944085
2024-10-31,-0.018614747655095742,-0.027557068411155794
2024-11-01,0.004092578148962911,0.008000486318156863
2024-11-04,-0.002812107247591178,-0.0032861986236780716
2024-11-05,0.012265675189796932,0.014256891371717595
2024-11-06,0.025295879476236127,0.029518682240035954
2024-11-07,0.007431219893945906,0.015065211997595584
2024-11-08,0.0037568431802581514,0.0008988316226816728
2024-11-11,0.000969053663222974,0.0006211508608486849
2024-11-12,-0.002892682479775477,-0.000899539659542703
2024-11-13,0.00023228648443596178,-0.0026279212090409843
2024-11-14,-0.0060497412027306074,-0.006400173056352987
2024-11-15,-0.013203522508181798,-0.022374807995750534
2024-11-18,0.003917814472747416,0.005979083646143746
2024-11-19,0.003963608105035599,0.010411982666917119
2024-11-20,2.1970667468895755e-05,-0.0011233724134916967
2024-11-21,0.005340444913141784,0.0003311164000687761
2024-11-22,0.0034679787718681077,0.001646073616333732
2024-11-25,0.0030204344198856425,0.002693693053702706
2024-11-26,0.005722044904524104,0.006336447852619109
2024-11-27,-0.0038012963267421984,-0.006002426002238326
2024-11-28,0.0,0.0
2024-11-29,0.005607844313972654,0.0082731389765629
2024-12-02,0.0024484531809998433,0.009666893361855111
2024-12-03,0.00045145233705135013,0.003966202757685888
2024-12-04,0.006051359696390701,0.0130491850740031
2024-12-05,-0.0018697147288503357,-0.0017430854233466686
2024-12-06,0.002495428066323191,0.008073308995813377
2024-12-09,-0.006144226774839168,-0.006197453444828471
2024-12-10,-0.0029638930421207466,-0.002505485975611732
2024-12-11,0.008165821859812183,0.017658645904656822
2024-12-12,-0.0054140321061636465,-0.0065910019970161215
2024-12-13,-2.6440818012729572e-05,0.0011998287681558306
2024-12-16,0.00379931549522472,0.012403948065712767
2024-12-17,-0.0038639596449174807,-0.003213559705143587
2024-12-18,-0.029492894104891865,-0.03562424101375217
2024-12-19,-0.0008650990436227524,-0.0010271911735812989
2024-12-20,0.010869120584686254,0.010314993674110484
2024-12-23,0.007287319692792726,0.0098244484636687
2024-12-24,0.011042722967758989,0.013470350707744938
2024-12-25,0.0,0.0
2024-12-26,-0.00040562645280495246,-0.0005376631273422694
2024-12-27,-0.011055735815118317,-0.014901330445606487
2024-12-30,-0.010702011777237508,-0.011928285272864936
2024-12-31,-0.004284790432948271,-0.009031250930117696
2025-01-01,0.0,0.0
2025-01-02,-0.002223873314030289,-0.0015535356140271572
2025-01-03,0.012595956411720177,0.017680292145705545
2025-01-06,0.005538101159955344,0.01239954988563663
2025-01-07,-0.011103896321238205,-0.018892543561584207
2025-01-08,0.0015603237756451893,-0.0005541394214784168
2025-01-09,0.0,0.0
2025-01-10,-0.01541165040341319,-0.01628687070303836
2025-01-13,0.0015754139322881056,-0.003837356216564114
2025-01-14,0.001146289893115604,-0.0022899083722318636
2025-01-15,0.018312792769356268,0.024513255609657225
2025-01-16,-0.002112636997870454,-0.008863613416478566
2025-01-17,0.009991006073426734,0.01509492307747995
2025-01-20,0.0,0.0
2025-01-21,0.00876821430596375,0.006448227730741385
2025-01-22,0.006137961132307579,0.012783459652838225
2025-01-23,0.00531351199483443,0.0022159651442776873
2025-01-24,-0.0028551769899211044,-0.004955698904141381
2025-01-27,-0.0145806426234667,-0.030693634955874072
2025-01-28,0.009217800900823026,0.020254546751780955
2025-01-29,-0.004678873378710091,-0.005131858926834876
2025-01-30,0.0052754370946348494,0.002517786996137028
2025-01-31,-0.005046803169735048,-0.002759409097260246
2025-02-03,-0.007608603880785325,-0.01199748922936461
2025-02-04,0.007224871842350655,0.013513848007112195
2025-02-05,0.003908656680821743,0.0019492195489778652
2025-02-06,0.00364432448840879,0.005060853642001817
2025-02-07,-0.009464837258386094,-0.013570641456468024
2025-02-10,0.006712589964470439,0.009776473360172844
2025-02-11,0.00033957312690802155,-0.003571524585997854
2025-02-12,-0.002723902117491961,0.00031002053567874555
2025-02-13,0.010426357037460532,0.015047875439886615
2025-02-14,-7.195338728738232e-05,0.004067555616164897
2025-02-17,0.0,0.0
2025-02-18,0.0024449557863681637,0.0007235315530160769
2025-02-19,0.002376998097748828,0.000747956964781693
2025-02-20,-0.004334204080303938,-0.0046813337488313955
2025-02-21,-0.0170641044083224,-0.021958826511494722
2025-02-24,-0.0049691258961639395,-0.01214350945323217
2025-02-25,-0.004679730915472358,-0.013508118455409113
2025-02-26,0.0001360144410393893,0.0025685376994795117
2025-02-27,-0.01586451446090209,-0.027828716358256678
2025-02-28,0.015854114170776867,0.01633159732145839
2025-03-03,-0.017596775547904953,-0.026374628063041472
2025-03-04,-0.012234773630190987,-0.0035438325161755158
2025-03-05,0.011159281084776262,0.014633177943206288
2025-03-06,-0.017819030128555013,-0.02605923764319329
2025-03-07,0.005520587189728143,0.007026297701178796
2025-03-10,-0.026973068524487775,-0.040002813771211954
2025-03-11,-0.007567823658488071,-0.0018444818963702092
2025-03-12,0.004886873280486537,0.012178755570339872
2025-03-13,-0.013891022092047178,-0.01957339029773164
2025-03-14,0.021265883307494793,0.026069452655925307
2025-03-17,0.006416099479689574,0.0030736579571242206
2025-03-18,-0.010653519220738983,-0.017100669000362778
2025-03-19,0.010798516740105457,0.01409211088589446
2025-03-20,-0.002184910374623983,-0.0033328094129895236
2025-03-21,0.0008246672635350283,0.005223939230019958
2025-03-24,0.017646041682840563,0.022747349450771948
2025-03-25,0.0015743198608773046,0.004578144869943124
2025-03-26,-0.01115698545004451,-0.020405694877259517
2025-03-27,-0.0033069570393192693,-0.005306438735997121
2025-03-28,-0.019737200328104554,-0.027018601968205935
2025-03-31,0.0055384935154294546,-0.0013681240940507378
2025-04-01,0.003781284246727745,0.008705559592329992
2025-04-02,0.006728125160880394,0.008662518789516627
2025-04-03,-0.04839560075260485,-0.05968053042290078
2025-04-04,-0.05974961641947041,-0.05817429085695325
2025-04-07,-0.0023314571311449095,0.0009924434445165442
2025-04-08,-0.015700528421156545,-0.021492303531441492
2025-04-09,0.09515390034057347,0.12163157891289655
2025-04-10,-0.034607561069471604,-0.04307511195640046
2025-04-11,0.018092083408471682,0.020573846470225865
2025-04-14,0.007944646639420183,0.006399010790183901
2025-04-15,-0.0017277195396940837,-0.0004937177241692847
2025-04-16,-0.022408428964001637,-0.03067257835473325
2025-04-17,0.0013268381447011368,-0.0012699942847190782
2025-04-18,0.0,0.0
2025-04-21,-0.023567493895167213,-0.025515075415452837
2025-04-22,0.02511728897677501,0.02706336754689409
2025-04-23,0.016661119264111734,0.025007331099444086
2025-04-24,0.02025908412793509,0.027411337648618472
2025-04-25,0.007373144179245283,0.012635412710211513
2025-04-28,0.0006406996295162948,-0.0009670400979349125
2025-04-29,0.0058023965634184105,0.005481359404772235
2025-04-30,0.0014799948928487794,-0.000857896195705643
2025-05-01,0.006299088176460632,0.015155041114640833
2025-05-02,0.014726612825518126,0.015075033567202523
2025-05-05,-0.0063815906321273985,-0.007425297854623314
2025-05-06,-0.007693287885062627,-0.008662739348944015
2025-05-07,0.004346422539330819,0.002741714651383953
2025-05-08,0.005799747126763233,0.01071024277602639
2025-05-09,-0.0007115188367108338,4.3507023037570036e-05
2025-05-12,0.03255882160670387,0.04347278029016821
2025-05-13,0.007248224304822415,0.01612863567799172
2025-05-14,0.001024369112638146,0.007192499978958544
2025-05-15,0.004132315556174104,-0.0018013444537237078
2025-05-16,0.0070053220166539365,0.005168393999263277
2025-05-19,0.000876077054501545,0.0002269521266351493
2025-05-20,-0.0038802065866255786,-0.003786013970001223
2025-05-21,-0.016135114115741978,-0.014108242772313817
2025-05-22,-0.0004448543187653975,0.0028130669583057433
2025-05-23,-0.006708307585916562,-0.00996104245384466
2025-05-26,0.0,0.0
2025-05-27,0.020459018201495205,0.02465415075136601
2025-05-28,-0.005571185873944895,-0.005115848818385893
2025-05-29,0.004011174227950942,0.0039228435878024825
2025-05-30,-8.118846379590039e-05,-0.0032384449832001394
2025-06-02,0.00410204188649943,0.006740690088873125
2025-06-03,0.005800260784307065,0.008125197153608488
2025-06-04,7.369727504324963e-05,0.0031718195202219412
2025-06-05,-0.005277340930292529,-0.00832661459192452
2025-06-06,0.010280672806559643,0.011995782044671888
2025-06-09,0.0009199448033119229,0.003138256882378121
2025-06-10,0.005482960032501483,0.006316598643067106
2025-06-11,-0.002743918089822439,-0.005027139247851586
2025-06-12,0.0038224979409655635,0.002375626278301013
2025-06-13,-0.01129645375054178,-0.01300192040881909
2025-06-16,0.009392719053299414,0.015168886417822769
2025-06-17,-0.008352242873078675,-0.00914258565844428
2025-06-18,-0.00030922389816012696,0.0012898869888924303
2025-06-19,0.0,0.0
2025-06-20,-0.002178612810510794,-0.005057742474651183
2025-06-23,0.009606490790637912,0.00943878902126305
2025-06-24,0.011121677894565751,0.014342643282527545
2025-06-25,-3.282897091061443e-06,0.003064402162859192
2025-06-26,0.008020143922681022,0.009730869074350945
2025-06-27,0.005219002706390752,0.00523356163330746
2025-06-30,0.0051643671625301035,0.004748572764589731
2025-07-01,-0.0011184618731818752,-0.008190584754928065
2025-07-02,0.004745071401949907,0.009416474573687328
2025-07-03,0.00833892687501403,0.010198042183813705
2025-07-04,0.0,0.0
2025-07-07,-0.00786227873904155,-0.0091538801326142
2025-07-08,-0.0007158931489344988,0.0002909978777729805
2025-07-09,0.0060621442064277,0.009446353936584995
2025-07-10,0.00274617371784025,0.0009373480812018276
2025-07-11,-0.0032975291618766445,-0.0021875209033546117
2025-07-14,0.0014074044490595128,0.002662064080934723
2025-07-15,-0.003956251515499609,0.0018153779518059743
2025-07-16,0.003193588478737075,0.002548143419512927
2025-07-17,0.005373820585277134,0.007484627715022674
2025-07-18,-9.051412020266714e-05,0.0004792764410013195
2025-07-21,0.0013991255862113583,0.003757239541608115
2025-07-22,0.0006375285460542557,-0.0038852550541927933
2025-07-23,0.007811880905664648,0.006094957659811939
2025-07-24,0.000698232873244109,0.001804945951526138
2025-07-25,0.003974321701619488,0.0023914947126881803
2025-07-28,0.00017687645570885202,0.0033285453318880887
2025-07-29,-0.0029594179446209568,-0.0037910945870781587
2025-07-30,-0.001249438851269713,0.0014873243281801063
2025-07-31,-0.0036948561190650597,-0.000341699610074242
2025-08-01,-0.01599207494727417,-0.022361042398017283
2025-08-04,0.01473707159815385,0.019537407270559637
2025-08-05,-0.004857865951336082,-0.0065086317861381415
2025-08-06,0.007281888623775545,0.01208946982174397
2025-08-07,-0.0007974707882983934,0.003461596963922675
2025-08-08,0.007799684542586727,0.00975958799964216
2025-08-11,-0.002504127898332431,-0.0030125846036507253
2025-08-12,0.011345503612643082,0.013864599212546791
2025-08-13,0.0032300302834731287,0.0014408331373172434
2025-08-14,0.00030309684562790373,-0.00011375600212593096
2025-08-15,-0.0028970988816641174,-0.004039027814433993
2025-08-18,-0.00010077831870769494,0.0003140177718334858
2025-08-19,-0.005858136343549147,-0.014554939789003796
2025-08-20,-0.002431617579394141,-0.006666213150863576
2025-08-21,-0.00400420277120217,-0.0034265564500969292
2025-08-22,0.01518640789806236,0.018777923167953237
2025-08-25,-0.0042663343080389105,-0.00219756397893045
2025-08-26,0.004133976879546308,0.004428118599729913
2025-08-27,0.002390990327779008,0.002129104397596171
2025-08-28,0.003156725398833604,0.005327431873994426
2025-08-29,-0.0063981691392923645,-0.011500030407516015
2025-09-01,0.0,0.0
2025-09-02,-0.006922322011807647,-0.008199277110118253
2025-09-03,0.005100116280157385,0.010249238356117907
2025-09-04,0.00834643764364329,0.009766612567931654
2025-09-05,-0.003165141001033489,-0.000336286357507376
2025-09-08,0.0021059939828742547,0.004530333325806657
2025-09-09,0.0026881596267984698,0.003706184313743588
2025-09-10,0.0029834428900241683,0.00030028122227721
2025-09-11,0.008485863528086224,0.007173972839332299
2025-09-12,-0.0004827346462299431,0.004447202680933238
2025-09-15,0.004706657817319604,0.009378486163740707
2025-09-16,-0.00128792734396721,-0.0006617819788579116
2025-09-17,-0.0009702183823840915,-0.0032519983021370713
2025-09-18,0.004789139969850087,0.009406446065890917
2025-09-19,0.004885433567150432,0.007153750679216975
2025-09-22,0.004410025868950784,0.006959332752431546
2025-09-23,-0.005502147525676904,-0.009456763751602648
2025-09-24,-0.002846661819580154,-0.0033495071869765747
2025-09-25,-0.005009061505249379,-0.0050298117243151585
2025-09-26,0.00590183989631643,0.004439192841539041
2025-09-29,0.0026355795716241914,0.004762482949039137
2025-09-30,0.0040908483593822265,0.0030480962677861267
2025-10-01,0.0033998857734067744,0.004199027273156686
2025-10-02,0.0006183692931220897,0.003906366731765365
2025-10-03,6.552152903416264e-05,-0.002781468259787645
2025-10-06,0.0036466298082578064,0.007074468482048957
2025-10-07,-0.003811414362608012,-0.006682599828172875
2025-10-08,0.005827608238179849,0.011190800917661559
2025-10-09,-0.002755518440207827,-0.0008136827149489712
2025-10-10,-0.027111658161485086,-0.03562272227610175
2025-10-13,0.015598602672868944,0.02207577496922908
2025-10-14,-0.0015643032313906735,-0.007618989707247614
2025-10-15,0.004026001195007511,0.0065883126051764496
2025-10-16,-0.0062943520220175575,-0.004743697419682724
2025-10-17,0.005270724249404557,0.005204644512541545
2025-10-20,0.010672252892777845,0.013693580723431298
2025-10-21,3.266455138950519e-05,-0.0016037030883138126
2025-10-22,-0.005337510300132964,-0.009291324655272826
2025-10-23,0.005827387527241212,0.008856484494555783
2025-10-24,0.007902422519158847,0.01146684218326377
2025-10-27,0.012290019126314666,0.018642207433181124
2025-10-28,0.0022879467532392894,0.008039357866708396
2025-10-29,-4.353574066628951e-05,0.005497012064636264
2025-10-30,-0.009904812214919234,-0.0157493362472646
2025-10-31,0.0026178701149457417,0.006098941781440548
2025-11-03,0.0017207099207625642,0.004626351319454436
2025-11-04,-0.011736770592982726,-0.020393778487853065
2025-11-05,0.0036535209811638936,0.006474038744869182
2025-11-06,-0.011178157494750818,-0.01897079975148719
2025-11-07,0.0012618446740633171,-0.0021449649279799976
2025-11-10,0.015400963024610581,0.0227185590322605
2025-11-11,0.0020753963084874094,-0.0025022133983815253
2025-11-12,0.0006295086181336007,-0.002635043867685316
2025-11-13,-0.016556900387101336,-0.02290393335856844
2025-11-14,-0.0005016705034071034,0.001321798170208055
2025-11-17,-0.009162309495983845,-0.008406770305917854
2025-11-18,-0.008256387122493991,-0.012119920363113268
2025-11-19,0.0037537855204221593,0.005856589777937238
2025-11-20,-0.01556722511953934,-0.021546491947653457
2025-11-21,0.00982296337531885,0.00883366058143742
2025-11-24,0.015467235297948356,0.026890308839190524
2025-11-25,0.009061731930226413,0.006714757469938215
2025-11-26,0.006906714278112958,0.008212601718349033
2025-11-27,0.0,0.0
2025-11-28,0.005354775922884247,0.006504502106209564
2025-12-01,-0.00532333492478565,-0.00384195801621956
2025-12-02,0.002457200816718297,0.005918133418571614
2025-12-03,0.002979777051177468,0.001726341919058516
2025-12-04,0.0010803361305278258,0.0021765926539891733
2025-12-05,0.0019366731222436595,0.003105278249778687
2025-12-08,-0.0034772356776897606,-0.0013669447068108687
2025-12-09,-0.0008763589040255981,0.0012991646103992505
2025-12-10,0.006749496748049477,0.0032943835151033607
2025-12-11,0.0020793764194066977,-0.0025492344686938173
2025-12-12,-0.010663671931604113,-0.01689804042238119
2025-12-15,-0.0015965058492165562,-0.005939167507718168
2025-12-16,-0.0023839178699950336,0.0023441488007542866
2025-12-17,-0.011592203827500702,-0.018092323029354263
2025-12-18,0.007934323499612317,0.013794367681767117
2025-12-19,0.008818024549947179,0.013094639916962025
2025-12-22,0.006436462067451965,0.005200445176298585
2025-12-23,0.004550417315428268,0.005677193440730921
2025-12-24,0.0032215161386959235,0.002184464371203676
2025-12-25,0.0,0.0
2025-12-26,-0.0003043832632483312,-0.0008558732342057729
2025-12-29,-0.0034920937266411656,-0.005033251247186676
2025-12-30,-0.0013756671985912794,-0.002354484788716027
2025-12-31,-0.0073576325649918894,-0.007561782956461149
2026-01-01,0.0,0.0
2026-01-02,0.0018946753341611,-0.00027364266140728066
2026-01-05,0.0063541868667500445,0.006894153504768186
2026-01-06,0.006196709673212952,0.006469104310086182
2026-01-07,-0.0034399739662078765,0.0015755608848113667
2026-01-08,7.65793036485718e-05,-0.004420319136441364
2026-01-09,0.006475512391894256,0.008148630197078122
2026-01-12,0.0015775995222702122,0.0026424348421194566
2026-01-13,-0.0019391538524380358,-0.001012475825717729
2026-01-14,-0.0053333409920530706,-0.010043074888221648
2026-01-15,0.002579909335027164,0.0024825588207100235
2026-01-16,-0.000642237636565457,-0.0006217589275318014
2026-01-19,0.0,0.0
2026-01-20,-0.020626771431165203,-0.02385969358790141
2026-01-21,0.011587703733783039,0.011784274158415542
2026-01-22,0.005487505126810399,0.009093719563811442
2026-01-23,0.0003269037442048539,0.0027828957305890967
2026-01-26,0.005006065986948416,0.004260200738343878
2026-01-27,0.004081879304713709,0.009140998654314725
2026-01-28,-8.16782735792998e-05,0.0016941609179959016
2026-01-29,-0.0012926284352460238,-0.007223320178812109
2026-01-30,-0.004301902278802894,-0.009427860192390836
2026-02-02,0.005391243444688998,0.005553277622963648
2026-02-03,-0.008403999747722213,-0.014281045654670255
2026-02-04,-0.005072414535814085,-0.015076634506103637
2026-02-05,-0.01225097054652824,-0.01589158150902581
2026-02-06,0.01969581077900684,0.021766067347837703
2026-02-09,0.0046910837672922145,0.009007776838472648
2026-02-10,-0.003303746543341979,-0.00586092061206589
2026-02-11,-4.897858051433612e-05,-0.0015582749377014427
2026-02-12,-0.015660947897203292,-0.020346416248346655
2026-02-13,0.0004990662631205733,-0.0022339100284771707
2026-02-16,0.0,0.0
2026-02-17,0.0010312792104349988,0.0014064161137765652
2026-02-18,0.005566093154976803,0.007761850053015218
2026-02-19,-0.0028221370640183485,-0.0031159863283353184
2026-02-20,0.00693977898217546,0.00896452940188408
2026-02-23,-0.010385685815636703,-0.011308188780336681
2026-02-24,0.007651639793791798,0.01044801250880023
2026-02-25,0.008136346945676998,0.012613892426766027
2026-02-26,-0.005365577666988752,-0.011821831990905363
2026-02-27,-0.00433935555214604,-0.009186402184070852
2026-03-02,0.0003983206568511921,0.00355784598783937
2026-03-03,-0.009443997198334109,-0.010205786136096573
2026-03-04,0.007756031939536001,0.012914420369956714
2026-03-05,-0.005646699177523806,-0.002564509538098836
2026-03-06,-0.013276804314631963,-0.01588246335331811
2026-03-09,0.008304129661336201,0.013769626866205087
2026-03-10,-0.0021350826001804712,5.066983316392992e-05
2026-03-11,-0.0008375752785526602,0.0008384331037887272
2026-03-12,-0.015227722187786008,-0.01779132272970796
2026-03-13,-0.006059089233314663,-0.009260495930885515
2026-03-16,0.010130891907499606,0.012160851485793378
2026-03-17,0.002494260662927017,0.004708552447508563
2026-03-18,-0.013607619909798752,-0.01455146081790859
2026-03-19,-0.0027488037194136616,-0.0027866029986791663
2026-03-20,-0.015138144460977054,-0.020057318263938306
2026-03-23,0.011453197427795159,0.013819077487075893
2026-03-24,-0.003742592311198889,-0.008423566849958708
2026-03-25,0.005419157247074091,0.007717160595885897
2026-03-26,-0.01740621065246739,-0.023791794099635055
2026-03-27,-0.016721834878249076,-0.021474134999495575
2026-03-30,-0.003945767289228019,-0.007338044601104876
2026-03-31,0.029131172245937753,0.03827861410440381
2026-04-01,0.007168546623124161,0.011593918287701621
2026-04-02,0.0011208579962647125,0.0017503817370581043
2026-04-03,0.0,0.0
2026-04-06,0.0044267617038020735,0.00535486247656447
2026-04-07,0.0007592451711553316,0.000977889958056588
2026-04-08,0.025081420917808295,0.028029530585411466
2026-04-09,0.006170009184983671,0.008280097194609981
2026-04-10,-0.001138518255854426,0.003525918811414508
2026-04-13,0.010173260827151198,0.012262644583281856
2026-04-14,0.011782917818722538,0.019640489411975715
2026-04-15,0.007975738369372598,0.01594562901771135
2026-04-16,0.0026100143102256723,0.0036092574872939043
2026-04-17,0.012040424468278577,0.01517589315719814
2026-04-20,-0.0023743836004749275,-0.002619288161749278
2026-04-21,-0.006348165882230528,-0.005918197504629297
2026-04-22,0.010460064467632257,0.016389557113861697
2026-04-23,-0.004132868210538154,-0.008884492673041144
2026-04-24,0.007973664959765925,0.016289870491233094
2026-04-27,0.0012323658633259793,0.002033289580699371
2026-04-28,-0.004894123288415875,-0.008972519899867804
2026-04-29,-0.0003992267608001754,0.0003827471841322261
2026-04-30,0.010238300436522074,0.00887885012264289
2026-05-01,0.0029282800273546794,0.00892363946937813
2026-05-04,-0.004062173241937916,-0.0018570989438745356
2026-05-05,0.00811998750130205,0.010305252156152633
2026-05-06,0.01458834420226962,0.02024825743214609
2026-05-07,-0.0038030609141467275,-0.0012670798415104212
2026-05-08,0.008425660784695976,0.017084266571599116
2026-05-11,0.0018800015677942206,0.0010305908314371948
2026-05-12,-0.001602624635092642,-0.007076542591514912
2026-05-13,0.0058492411795225685,0.012041459357103879
2026-05-14,0.007655573093326984,0.008820430310343852
2026-05-15,-0.01236328926950736,-0.01539615591686505
2026-05-18,-0.0007356414928797461,-0.005125234793789457
2026-05-19,-0.006678328526755983,-0.008432880183881442
2026-05-20,0.010791978361648358,0.015447971856976439
2026-05-21,0.0017153304802790537,0.0008656143273255701
2026-05-22,0.0037269733484470713,0.0019347281225874369
2026-05-25,0.0,0.0
2026-05-26,0.006108273666717068,0.011851288928737658
2026-05-27,0.00016491291534115327,0.0006958986621488084
2026-05-28,0.005753713917950876,0.009099998387987585
2026-05-29,0.0021722374045267667,0.0020488552601711785
2026-06-01,0.002625309034492984,0.004233552394984352
2026-06-02,0.0012921120637476857,0.0002617510146081248
2026-06-03,-0.0073720922286846235,-0.008855129752453617
2026-06-04,0.004054977176687347,-0.0008572286119227224
2026-06-05,-0.026445385275654654,-0.0417998461478829
2026-06-08,0.0029781655367062676,0.008566117568534093
2026-06-09,-0.0025763834220259296,-0.009673863830069518
2026-06-10,-0.016199495034961653,-0.019834244719967642
2026-06-11,0.01751894525794051,0.025433957766344273
2026-06-12,0.005025492609171955,0.0030678435903457313
2026-06-15,0.016528380695045142,0.03071207516443364
2026-06-16,-0.005684187395506357,-0.011527533040472937
2026-06-17,-0.012148282266170485,-0.013446899759405606
2026-06-18,0.010846215010579252,0.01907141973263804
2026-06-19,0.0,0.0
2026-06-22,-0.003705046809713397,-0.01324877168014249
2026-06-23,-0.014362774813690748,-0.02214884623909863
2026-06-24,-0.0009829664406567629,-0.004314684308931449
2026-06-25,-9.920877603553091e-05,-0.004633264041098095
2026-06-26,-0.0004716282319104925,-0.0024047068844494923
2026-06-29,0.011750036034712918,0.020654907457697602
2026-06-30,0.007920241168857034,0.01524313965764712
2026-07-01,-0.002150850205884236,-0.006625919556629167
2026-07-02,1.3363213478001512e-06,-0.007963124466446536
2026-07-03,0.0,0.0
2026-07-06,0.007241515707100188,0.011167641594926225
2026-07-07,-0.004455099417175368,-0.011579501063505693
2026-07-08,-0.0028172204934800993,0.0020124955991183135
2026-07-09,0.008142771803263837,0.012996967606148102
2026-07-10,0.004208843476093849,0.002851158607526605
2026-07-13,-0.007926984617293686,-0.015540524343828244
2026-07-14,0.0037589783030442803,0.009037543896807332
2026-07-15,0.0038191365119260023,0.006213656791796529
2026-07-16,-0.0051014209497648455,-0.014742723711353545
2026-07-17,-0.010098529686996094,-0.013975376662113903
2026-07-20,-0.0019322337077566365,-0.0004768763930120823
2026-07-21,0.008856310658741817,0.012903367444106806
2026-07-22,-0.0013636605763596155,-0.0056627631234176246
2026-07-23,-0.012089676435132368,-0.02153330556734112
2026-07-24,0.0004967401428126461,-0.006439334720095613
